Id,Sales
1,3691.850341796875
2,8255.162109375
3,9652.9267578125
4,6557.50732421875
5,6642.63720703125
6,5145.923828125
7,6891.8623046875
8,7933.044921875
9,4800.53466796875
10,5210.21435546875
11,7059.04150390625
12,7247.4921875
13,7187.4951171875
14,8919.748046875
15,5920.89013671875
16,4340.30810546875
17,6819.1064453125
18,8638.3427734375
19,10715.5185546875
20,10503.3115234375
21,8074.16357421875
22,5122.580078125
23,5778.7998046875
24,4094.19091796875
25,8241.1484375
26,11075.7138671875
27,8472.0712890625
28,5237.75439453125
29,5418.73974609375
30,4741.84765625
31,6013.6416015625
32,10436.5791015625
33,6327.94287109375
34,5060.41162109375
35,4314.1025390625
36,7350.43798828125
37,3770.07958984375
38,6334.48583984375
39,5249.27783203125
40,7399.408203125
41,7716.37060546875
42,5435.548828125
43,6993.4794921875
44,6786.59423828125
45,4984.77490234375
46,6344.486328125
47,6918.02685546875
48,12162.880859375
49,5421.53173828125
50,8113.5146484375
51,6338.0048828125
52,8728.2763671875
53,6335.1796875
54,9103.5068359375
55,5052.03759765625
56,5037.70263671875
57,5817.1630859375
58,5709.171875
59,8782.0458984375
60,7557.71337890625
61,5331.79150390625
62,7361.48486328125
63,5589.58056640625
64,10802.0458984375
65,3400.423828125
66,12825.5107421875
67,3769.55859375
68,5222.79248046875
69,8191.921875
70,4674.25
71,6623.505859375
72,6647.2373046875
73,7620.3544921875
74,6589.1806640625
75,5255.47900390625
76,7209.2578125
77,7592.75439453125
78,6789.23876953125
79,4609.4677734375
80,6686.51123046875
81,10404.259765625
82,6206.203125
83,4356.8818359375
84,7116.87841796875
85,5652.810546875
86,5000.50048828125
87,6927.66748046875
88,3777.49609375
89,7250.14404296875
90,6319.83349609375
91,6384.890625
92,7789.697265625
93,3757.978515625
94,6321.490234375
95,5221.03662109375
96,8760.9931640625
97,8467.0654296875
98,4838.6435546875
99,4288.39892578125
100,7097.45458984375
101,6229.37841796875
102,5168.52734375
103,4503.3271484375
104,5988.90869140625
105,6980.1767578125
106,5540.369140625
107,4549.7412109375
108,6925.24072265625
109,8447.44921875
110,8082.69677734375
111,7629.4521484375
112,7664.248046875
113,5061.7216796875
114,8573.8251953125
115,5267.86669921875
116,7570.30419921875
117,9424.87890625
118,6202.9775390625
119,9878.4375
120,7996.4365234375
121,7609.39501953125
122,5619.45654296875
123,7177.4443359375
124,7739.61279296875
125,6100.58984375
126,3851.067626953125
127,7338.32177734375
128,7693.51611328125
129,5722.98388671875
130,4178.162109375
131,8377.2890625
132,5360.474609375
133,5691.7626953125
134,5903.18408203125
135,5118.86572265625
136,7325.458984375
137,7677.58251953125
138,6913.0810546875
139,5390.20556640625
140,4370.76953125
141,6057.3994140625
142,3335.8525390625
143,5796.1357421875
144,5253.5390625
145,8092.90673828125
146,6196.3798828125
147,5373.5146484375
148,11459.0947265625
149,4733.1337890625
150,5317.69384765625
151,9718.7333984375
152,6580.75439453125
153,8204.6904296875
154,7199.8291015625
155,5710.001953125
156,5968.333984375
157,5033.4140625
158,8943.591796875
159,11315.5615234375
160,6568.14111328125
161,4343.5205078125
162,4553.90283203125
163,8054.2744140625
164,6868.6416015625
165,6251.59619140625
166,6460.31396484375
167,4737.3369140625
168,5029.68896484375
169,3395.86376953125
170,4909.64794921875
171,5790.72216796875
172,6936.94287109375
173,7066.46337890625
174,8946.2978515625
175,8306.02734375
176,8715.689453125
177,6385.88818359375
178,5686.806640625
179,9743.736328125
180,10082.71875
181,5433.798828125
182,7196.3232421875
183,5423.638671875
184,6130.2197265625
185,3906.3359375
186,7707.71630859375
187,4157.33740234375
188,9232.09375
189,6729.8837890625
190,7750.9970703125
191,7727.8818359375
192,5365.4453125
193,8790.9345703125
194,18857.220703125
195,10336.154296875
196,6056.654296875
197,2299.192138671875
198,6311.47900390625
199,9029.21484375
200,6947.76220703125
201,12266.58984375
202,19085.814453125
203,5141.83251953125
204,5415.513671875
205,9756.98828125
206,4640.28076171875
207,8890.142578125
208,6849.69287109375
209,7378.12158203125
210,4936.3095703125
211,4806.7685546875
212,5540.6318359375
213,7028.68212890625
214,8243.177734375
215,6739.94970703125
216,5475.30908203125
217,6578.1826171875
218,4803.08203125
219,4979.09619140625
220,7643.61474609375
221,5462.36181640625
222,5181.814453125
223,6997.873046875
224,5739.60498046875
225,5491.841796875
226,7005.86083984375
227,7048.5322265625
228,8255.2333984375
229,6768.34326171875
230,7586.67333984375
231,5979.39794921875
232,3659.63916015625
233,7113.1923828125
234,6901.55859375
235,5124.63623046875
236,3734.468505859375
237,6894.5927734375
238,7016.0849609375
239,8359.201171875
240,7126.5927734375
241,5392.3408203125
242,5191.82421875
243,4455.41796875
244,9673.8623046875
245,5733.59375
246,8562.97265625
247,13829.306640625
248,7232.73046875
249,6285.2607421875
250,5130.37646484375
251,4892.8779296875
252,6625.41552734375
253,4259.22314453125
254,6011.09423828125
255,9596.9609375
256,6194.48583984375
257,16486.142578125
258,12701.232421875
259,4691.58984375
260,6497.8525390625
261,5647.60693359375
262,6766.58935546875
263,5775.27001953125
264,10423.05078125
265,8085.10546875
266,8633.46484375
267,5191.8544921875
268,7630.0107421875
269,6186.66259765625
270,8515.8134765625
271,7241.34765625
272,6514.77880859375
273,6559.90234375
274,6123.6171875
275,7874.88427734375
276,9614.9482421875
277,6816.13232421875
278,9817.5947265625
279,6122.7998046875
280,10067.5732421875
281,5133.5478515625
282,5239.71142578125
283,5241.60205078125
284,10685.310546875
285,5667.380859375
286,8028.0048828125
287,7188.45751953125
288,6986.47265625
289,5449.9892578125
290,8004.80859375
291,6823.4892578125
292,3857.228515625
293,10982.80078125
294,17901.890625
295,6262.91650390625
296,7267.79248046875
297,9189.2353515625
298,10586.2060546875
299,10464.4794921875
300,6047.33544921875
301,7611.9482421875
302,6674.70849609375
303,7816.1337890625
304,4486.14111328125
305,6281.046875
306,5013.935546875
307,5578.02099609375
308,6225.64404296875
309,5325.79833984375
310,4542.76953125
311,7336.65185546875
312,3909.510986328125
313,4586.53955078125
314,6049.2080078125
315,6628.45166015625
316,9123.8837890625
317,8352.9775390625
318,8169.66845703125
319,5977.634765625
320,5801.33642578125
321,10290.2265625
322,6975.23876953125
323,5683.42236328125
324,4671.64453125
325,9124.57421875
326,4291.0224609375
327,6694.24560546875
328,3221.21240234375
329,4846.60400390625
330,8405.2099609375
331,6489.47119140625
332,5225.65185546875
333,8302.4013671875
334,9231.2958984375
335,11623.8779296875
336,5915.501953125
337,7874.99853515625
338,2841.39599609375
339,4908.08544921875
340,6364.240234375
341,4260.8486328125
342,7597.6181640625
343,5123.0712890625
344,4922.35986328125
345,8003.23291015625
346,9356.19140625
347,9084.939453125
348,5308.11767578125
349,5360.3662109375
350,7897.72314453125
351,7116.646484375
352,6170.2734375
353,5268.978515625
354,6763.77685546875
355,10478.2158203125
356,4774.7001953125
357,5976.06396484375
358,7972.84326171875
359,8076.1396484375
360,13039.4755859375
361,6081.59228515625
362,13912.44921875
363,6006.826171875
364,4737.41845703125
365,3271.069580078125
366,6049.857421875
367,6264.6591796875
368,5621.37890625
369,7179.5888671875
370,4980.9580078125
371,4675.302734375
372,7366.3935546875
373,5300.177734375
374,6423.6982421875
375,7004.0576171875
376,8127.35107421875
377,8203.068359375
378,5138.0009765625
379,8884.1416015625
380,4988.6572265625
381,5379.919921875
382,5744.109375
383,4813.58203125
384,10482.642578125
385,6409.43603515625
386,4630.1279296875
387,5780.31494140625
388,8088.74951171875
389,7065.90283203125
390,5997.765625
391,8121.1240234375
392,5433.8173828125
393,5183.38134765625
394,6072.48974609375
395,8840.5439453125
396,6581.52294921875
397,6436.95458984375
398,5186.13134765625
399,5144.7353515625
400,4037.6591796875
401,5756.58154296875
402,7711.13134765625
403,8847.048828125
404,9909.8837890625
405,11479.1875
406,8801.279296875
407,5635.69970703125
408,5022.03759765625
409,10390.75
410,10962.3212890625
411,7316.84619140625
412,8489.26953125
413,7584.20068359375
414,5904.18408203125
415,4920.6611328125
416,7469.51171875
417,6844.12646484375
418,6003.33935546875
419,6106.0048828125
420,3340.717041015625
421,11143.642578125
422,6276.37353515625
423,5564.556640625
424,4899.75439453125
425,5452.296875
426,6244.38037109375
427,7853.5302734375
428,6216.529296875
429,5030.6630859375
430,5326.484375
431,3768.346923828125
432,4094.165283203125
433,7131.65869140625
434,16793.484375
435,4810.5087890625
436,5531.14794921875
437,6500.74560546875
438,5364.21923828125
439,5659.69580078125
440,4560.931640625
441,4415.62646484375
442,7341.19189453125
443,6753.6181640625
444,4202.7197265625
445,8466.87109375
446,4848.5244140625
447,4634.796875
448,8687.037109375
449,8096.48193359375
450,9346.7421875
451,5588.45166015625
452,6157.12841796875
453,4559.65576171875
454,4954.6884765625
455,11841.40234375
456,10231.4609375
457,6547.68896484375
458,5255.10400390625
459,4777.23486328125
460,6013.73779296875
461,5341.5947265625
462,10399.3232421875
463,5152.73779296875
464,5016.5830078125
465,7477.5517578125
466,4173.720703125
467,5991.9609375
468,7606.21435546875
469,6530.1689453125
470,6848.34228515625
471,4171.59521484375
472,5054.35009765625
473,5853.4189453125
474,8969.9423828125
475,7532.09765625
476,6871.58251953125
477,3810.37841796875
478,7068.91552734375
479,6217.59228515625
480,4753.33349609375
481,6353.99755859375
482,7206.71923828125
483,6436.52001953125
484,6694.9189453125
485,6220.109375
486,6241.4287109375
487,5928.58349609375
488,6444.923828125
489,6414.9453125
490,5841.94189453125
491,9280.552734375
492,5374.39453125
493,4577.29248046875
494,11848.515625
495,5526.98876953125
496,4622.70361328125
497,6838.93603515625
498,7806.42578125
499,10830.533203125
500,4769.57763671875
501,5872.16357421875
502,5421.146484375
503,6742.5654296875
504,5361.796875
505,7543.96826171875
506,2301.269775390625
507,5764.744140625
508,5514.51171875
509,5326.09765625
510,4495.84765625
511,6417.38720703125
512,7554.525390625
513,5324.43896484375
514,8461.5078125
515,6663.48291015625
516,8647.412109375
517,5194.4833984375
518,5993.2548828125
519,6586.35693359375
520,8289.6708984375
521,6587.66162109375
522,4932.1044921875
523,8523.951171875
524,6770.189453125
525,7270.90380859375
526,4167.51220703125
527,4296.2529296875
528,7972.046875
529,6033.69189453125
530,8742.9365234375
531,7248.1865234375
532,5847.732421875
533,8190.5771484375
534,6803.693359375
535,6596.84912109375
536,7202.3134765625
537,5619.80419921875
538,9912.9580078125
539,10334.439453125
540,7497.8427734375
541,4885.34765625
542,5938.49755859375
543,3545.17138671875
544,0.0
545,7623.66015625
546,4716.94189453125
547,8242.494140625
548,4276.10791015625
549,5733.95751953125
550,4948.09619140625
551,9103.8671875
552,4861.126953125
553,4843.560546875
554,5415.38525390625
555,6671.4384765625
556,3756.091796875
557,7127.96337890625
558,7430.8896484375
559,7702.126953125
560,7233.9423828125
561,6889.18212890625
562,5680.52294921875
563,5491.27587890625
564,5619.18115234375
565,8632.0712890625
566,9320.9033203125
567,6928.49072265625
568,13270.490234375
569,5664.88818359375
570,4866.7724609375
571,5865.0791015625
572,8055.4375
573,9910.9140625
574,6871.56689453125
575,8159.89599609375
576,7744.73681640625
577,7511.201171875
578,6365.34130859375
579,5553.09228515625
580,4924.7529296875
581,4656.2080078125
582,4185.11279296875
583,5477.166015625
584,7535.29638671875
585,17087.50390625
586,7281.5048828125
587,5831.46533203125
588,7705.87255859375
589,4059.607421875
590,6255.75244140625
591,4039.475830078125
592,8936.73046875
593,6399.685546875
594,6213.3330078125
595,12400.7158203125
596,11076.95703125
597,6781.76025390625
598,6856.8310546875
599,3798.271240234375
600,5354.10986328125
601,7006.93505859375
602,8674.0283203125
603,4244.4453125
604,4636.205078125
605,4193.400390625
606,5282.29296875
607,6989.54345703125
608,7128.04443359375
609,3397.8681640625
610,7675.1162109375
611,8110.13037109375
612,8621.72265625
613,5496.3740234375
614,3635.625732421875
615,7816.29931640625
616,3271.553466796875
617,9395.9150390625
618,4790.0595703125
619,5625.58837890625
620,6925.7822265625
621,5415.04296875
622,5018.8486328125
623,5890.9482421875
624,6328.01123046875
625,7806.953125
626,9219.841796875
627,5471.04052734375
628,5459.14599609375
629,5650.11767578125
630,5471.89013671875
631,4669.44140625
632,5727.63818359375
633,7344.021484375
634,9817.8857421875
635,8068.5029296875
636,6394.97216796875
637,7482.52685546875
638,5611.6552734375
639,8590.033203125
640,6186.65771484375
641,12911.2490234375
642,5541.1005859375
643,5828.14794921875
644,5100.65234375
645,4195.482421875
646,6754.91845703125
647,17688.732421875
648,3951.05126953125
649,4744.59814453125
650,9140.3544921875
651,5872.0107421875
652,6524.7744140625
653,8106.13623046875
654,6148.02587890625
655,5322.67626953125
656,4538.96826171875
657,9605.3896484375
658,5348.2890625
659,7029.10498046875
660,6794.9404296875
661,4438.5517578125
662,6938.00048828125
663,5853.5390625
664,3505.701416015625
665,8312.265625
666,8400.0947265625
667,4090.67236328125
668,7807.4521484375
669,7047.19091796875
670,4601.8818359375
671,8754.95703125
672,6421.00048828125
673,6715.2509765625
674,4703.63232421875
675,4906.9541015625
676,6315.732421875
677,0.0
678,7749.0205078125
679,5050.53515625
680,5960.04833984375
681,4237.46484375
682,6156.73779296875
683,5937.013671875
684,7279.525390625
685,6570.61767578125
686,6865.39892578125
687,5845.5263671875
688,6504.74853515625
689,6087.30078125
690,8044.72705078125
691,9956.76171875
692,8582.150390625
693,3592.42236328125
694,5383.06103515625
695,7929.802734375
696,2952.53076171875
697,11207.037109375
698,5529.06982421875
699,8835.6376953125
700,10663.68359375
701,7416.5419921875
702,3963.955322265625
703,11618.9765625
704,9751.2568359375
705,6050.146484375
706,8759.0009765625
707,8941.6171875
708,6173.5859375
709,6620.6171875
710,6615.8701171875
711,4939.7275390625
712,4293.19677734375
713,6488.36279296875
714,4475.3310546875
715,6663.43310546875
716,5910.96923828125
717,6471.99365234375
718,7993.45751953125
719,6086.90869140625
720,6253.50390625
721,5451.31884765625
722,7460.90380859375
723,6387.7109375
724,6126.11181640625
725,8114.7724609375
726,7155.5185546875
727,8423.09375
728,5413.40576171875
729,5187.783203125
730,6286.150390625
731,7020.2021484375
732,6221.33984375
733,4974.90380859375
734,4283.58544921875
735,6496.80615234375
736,7614.6982421875
737,5856.8447265625
738,7829.564453125
739,5527.2353515625
740,5911.537109375
741,4167.21826171875
742,3167.962158203125
743,6659.62353515625
744,6139.6201171875
745,5998.0537109375
746,9182.7197265625
747,8171.6162109375
748,4635.34423828125
749,7586.73876953125
750,4117.96630859375
751,2636.62353515625
752,6814.3701171875
753,9715.513671875
754,7994.76123046875
755,6675.36572265625
756,4276.52685546875
757,5969.25390625
758,7775.4765625
759,5638.35498046875
760,6707.66796875
761,4787.7373046875
762,5724.23046875
763,5183.84765625
764,5556.63623046875
765,5115.99169921875
766,4910.61474609375
767,5062.84228515625
768,3868.15966796875
769,6451.732421875
770,7019.888671875
771,4954.38232421875
772,5946.06494140625
773,6602.90185546875
774,6567.34033203125
775,7735.6142578125
776,7906.89306640625
777,6819.01611328125
778,6133.23291015625
779,4130.9765625
780,11347.5341796875
781,5646.80126953125
782,4976.5341796875
783,8128.56591796875
784,6992.748046875
785,7264.5986328125
786,6135.88525390625
787,7204.15625
788,8426.400390625
789,13301.396484375
790,5187.93017578125
791,4781.69921875
792,5230.0087890625
793,6846.4833984375
794,5847.11328125
795,6987.22216796875
796,8549.896484375
797,4717.24755859375
798,4562.267578125
799,5201.9521484375
800,9799.029296875
801,4554.27685546875
802,7552.1123046875
803,4688.76611328125
804,6807.83056640625
805,7643.853515625
806,7022.3984375
807,7787.83935546875
808,6603.1337890625
809,4134.86279296875
810,6146.9111328125
811,6318.771484375
812,8431.4853515625
813,7162.00927734375
814,7990.92431640625
815,5722.017578125
816,4495.49462890625
817,9622.4814453125
818,3761.837158203125
819,9005.904296875
820,6745.39501953125
821,3917.968994140625
822,6843.30908203125
823,5054.97412109375
824,7674.2060546875
825,8130.95068359375
826,5297.6826171875
827,4084.962890625
828,7621.5615234375
829,8445.248046875
830,9121.6748046875
831,4668.2001953125
832,5556.00927734375
833,6017.12939453125
834,6868.7353515625
835,5229.2607421875
836,9063.33984375
837,8398.8134765625
838,9826.390625
839,3873.739501953125
840,5278.1787109375
841,0.0
842,8461.603515625
843,4900.43505859375
844,8918.5869140625
845,6027.34814453125
846,5516.2021484375
847,5462.2109375
848,6970.42529296875
849,5512.24853515625
850,5776.458984375
851,4515.2646484375
852,6924.2333984375
853,8275.8779296875
854,7514.23583984375
855,23466.41796875
856,6850.970703125
857,3498.728271484375
858,8060.36328125
859,9841.326171875
860,6719.32666015625
861,7064.2021484375
862,5771.25830078125
863,8127.7646484375
864,8905.662109375
865,6971.7919921875
866,5331.572265625
867,7069.134765625
868,8479.984375
869,7542.9970703125
870,8677.0712890625
871,5682.4580078125
872,4459.609375
873,6886.81396484375
874,9717.533203125
875,10695.5537109375
876,11245.1591796875
877,8293.3388671875
878,5195.27197265625
879,5586.36083984375
880,4852.72216796875
881,8677.380859375
882,11502.5615234375
883,9630.294921875
884,6170.65234375
885,6262.404296875
886,4796.73876953125
887,5973.5546875
888,11887.6220703125
889,6868.00830078125
890,4368.5068359375
891,4478.08984375
892,8410.978515625
893,3511.76171875
894,6741.21923828125
895,5114.7861328125
896,7335.4248046875
897,7574.353515625
898,5620.6416015625
899,6889.314453125
900,7369.259765625
901,5788.86474609375
902,6736.5673828125
903,6876.62255859375
904,11601.966796875
905,5487.5048828125
906,8627.8095703125
907,7399.2451171875
908,9290.0263671875
909,6813.208984375
910,9978.7470703125
911,4631.1728515625
912,4572.4345703125
913,6357.3857421875
914,5455.88330078125
915,8932.2861328125
916,8323.94140625
917,5758.03466796875
918,7307.36376953125
919,6150.10888671875
920,10357.541015625
921,3938.37451171875
922,15521.8896484375
923,4723.1083984375
924,5693.1572265625
925,9187.7646484375
926,4990.283203125
927,6542.501953125
928,6445.69970703125
929,7712.48046875
930,6025.5009765625
931,5218.79833984375
932,7232.21044921875
933,7767.2041015625
934,7340.6484375
935,5286.00390625
936,7341.7578125
937,11177.802734375
938,7022.51513671875
939,5062.56640625
940,6480.6064453125
941,6242.04296875
942,5727.6572265625
943,6962.25146484375
944,4256.80859375
945,8039.52197265625
946,7347.53857421875
947,7000.18017578125
948,8394.9111328125
949,4427.9560546875
950,6166.4091796875
951,6611.423828125
952,9358.4599609375
953,8982.2734375
954,5087.96923828125
955,4377.20263671875
956,7383.92919921875
957,6566.16943359375
958,6200.7705078125
959,5324.58984375
960,6563.10302734375
961,7656.90283203125
962,5716.05517578125
963,5290.44091796875
964,7311.9296875
965,8112.421875
966,8331.0830078125
967,8335.56640625
968,8122.576171875
969,5882.986328125
970,9281.0244140625
971,6302.26416015625
972,7519.91796875
973,8988.982421875
974,5882.9169921875
975,10640.345703125
976,7954.748046875
977,7847.75537109375
978,5453.80615234375
979,7537.63525390625
980,7589.8095703125
981,6339.02880859375
982,4263.33837890625
983,7094.1806640625
984,8491.80859375
985,5676.7216796875
986,4568.119140625
987,8472.46484375
988,5984.19580078125
989,5729.95654296875
990,6276.10693359375
991,5477.6396484375
992,7880.373046875
993,7861.6025390625
994,7088.259765625
995,5658.8046875
996,4911.89453125
997,6483.80615234375
998,3866.78466796875
999,5833.0595703125
1000,5694.5859375
1001,8594.3466796875
1002,7322.04931640625
1003,5994.86865234375
1004,11622.8212890625
1005,6556.0966796875
1006,5265.59326171875
1007,10562.703125
1008,7726.49560546875
1009,8354.8837890625
1010,8063.2451171875
1011,5046.42626953125
1012,6171.86181640625
1013,4982.419921875
1014,8918.3720703125
1015,12657.0625
1016,6077.49267578125
1017,4549.24951171875
1018,5295.875
1019,8425.609375
1020,7466.5078125
1021,6531.552734375
1022,6428.1240234375
1023,5128.4404296875
1024,5451.85205078125
1025,4019.6875
1026,4923.44140625
1027,5874.40576171875
1028,7402.6748046875
1029,7573.11279296875
1030,9466.4453125
1031,8012.9931640625
1032,8650.8408203125
1033,7187.72412109375
1034,6851.53759765625
1035,9956.365234375
1036,11408.296875
1037,5304.42041015625
1038,7636.3798828125
1039,4921.08935546875
1040,6306.76220703125
1041,3698.6650390625
1042,8118.23291015625
1043,5183.29833984375
1044,9746.7880859375
1045,7200.9619140625
1046,8094.11767578125
1047,8581.8935546875
1048,5140.37158203125
1049,9520.5400390625
1050,19730.26171875
1051,10190.64453125
1052,6732.8369140625
1053,2426.83349609375
1054,6621.33251953125
1055,9120.509765625
1056,5687.90478515625
1057,12617.1923828125
1058,19301.470703125
1059,5134.49560546875
1060,5916.49365234375
1061,7995.00048828125
1062,5508.39697265625
1063,9117.07421875
1064,6410.328125
1065,8293.9091796875
1066,5271.40283203125
1067,5478.529296875
1068,5518.5771484375
1069,7776.20849609375
1070,8784.5927734375
1071,6467.1630859375
1072,5548.23681640625
1073,6929.45166015625
1074,5215.59033203125
1075,5600.1728515625
1076,8421.4150390625
1077,5288.7265625
1078,5617.19482421875
1079,7923.41943359375
1080,6114.02734375
1081,6021.087890625
1082,7104.8330078125
1083,7541.26806640625
1084,8303.3330078125
1085,7967.68310546875
1086,8425.05859375
1087,6448.74951171875
1088,4145.26123046875
1089,7338.419921875
1090,7156.16845703125
1091,5516.15576171875
1092,4079.591796875
1093,8091.1328125
1094,6572.68701171875
1095,9200.1357421875
1096,7710.90869140625
1097,6088.736328125
1098,5280.2958984375
1099,4741.2109375
1100,9797.005859375
1101,5185.6005859375
1102,8764.4501953125
1103,14453.1298828125
1104,7782.5859375
1105,5460.76171875
1106,4743.54443359375
1107,5377.5341796875
1108,6896.7548828125
1109,4670.96875
1110,6637.251953125
1111,9964.583984375
1112,5819.9248046875
1113,18052.380859375
1114,13776.064453125
1115,4823.48876953125
1116,7211.74658203125
1117,6193.00537109375
1118,7290.4248046875
1119,6523.4482421875
1120,10867.931640625
1121,7235.6220703125
1122,9491.154296875
1123,5362.37890625
1124,8278.20703125
1125,6064.00439453125
1126,8728.53125
1127,7167.71826171875
1128,6653.5068359375
1129,6305.978515625
1130,5799.21484375
1131,8587.4140625
1132,9571.48046875
1133,7066.76611328125
1134,10185.0869140625
1135,6419.6064453125
1136,10680.0087890625
1137,5741.53857421875
1138,5613.4296875
1139,5996.0244140625
1140,11684.134765625
1141,5852.380859375
1142,7367.46923828125
1143,8647.5107421875
1144,7362.46337890625
1145,5636.10888671875
1146,8612.1025390625
1147,7233.0380859375
1148,4177.4609375
1149,12453.3916015625
1150,17621.830078125
1151,6927.41015625
1152,7561.23828125
1153,8914.9111328125
1154,10736.8759765625
1155,11352.12890625
1156,6142.46484375
1157,7952.82958984375
1158,7003.8994140625
1159,8333.3154296875
1160,4677.57568359375
1161,6819.64794921875
1162,5704.3427734375
1163,6148.31298828125
1164,6985.15576171875
1165,5769.6845703125
1166,4677.27734375
1167,7975.80712890625
1168,3440.401123046875
1169,4837.14697265625
1170,6266.8984375
1171,8105.92138671875
1172,9314.3203125
1173,8801.201171875
1174,8422.05078125
1175,6354.44091796875
1176,5977.251953125
1177,10493.9013671875
1178,7405.38037109375
1179,5557.61572265625
1180,4871.91552734375
1181,9406.9072265625
1182,4710.02587890625
1183,7329.51806640625
1184,3235.963623046875
1185,5578.57568359375
1186,8478.9853515625
1187,6493.50341796875
1188,5109.6669921875
1189,8404.4775390625
1190,9024.0078125
1191,12167.5869140625
1192,6363.267578125
1193,7974.19287109375
1194,3062.964111328125
1195,5307.3359375
1196,6481.67919921875
1197,4505.14501953125
1198,8234.419921875
1199,6098.23046875
1200,5234.3388671875
1201,8821.3818359375
1202,10743.0263671875
1203,7508.93798828125
1204,5493.73828125
1205,5459.677734375
1206,9839.81640625
1207,7851.5791015625
1208,6736.77783203125
1209,5340.16552734375
1210,7050.74755859375
1211,10648.7412109375
1212,5083.7119140625
1213,6701.2041015625
1214,8231.5126953125
1215,9267.267578125
1216,13647.8310546875
1217,6086.31201171875
1218,14597.17578125
1219,6416.5029296875
1220,4996.79541015625
1221,3075.486328125
1222,6554.9794921875
1223,6296.6640625
1224,5849.76904296875
1225,7035.12255859375
1226,5663.36279296875
1227,4775.837890625
1228,7486.189453125
1229,4596.6865234375
1230,6738.90625
1231,7490.33642578125
1232,8424.6884765625
1233,8476.6806640625
1234,5105.06103515625
1235,9461.216796875
1236,5664.30224609375
1237,5546.81689453125
1238,5406.93017578125
1239,5993.0048828125
1240,11372.1689453125
1241,6519.4677734375
1242,5023.5400390625
1243,7217.9638671875
1244,8544.7939453125
1245,7274.86865234375
1246,6977.796875
1247,9194.9912109375
1248,6006.240234375
1249,4731.4814453125
1250,6189.25146484375
1251,8796.2509765625
1252,6477.63232421875
1253,6569.25830078125
1254,5458.5419921875
1255,5628.10400390625
1256,4722.65380859375
1257,5145.57373046875
1258,7283.81005859375
1259,9032.4169921875
1260,10380.140625
1261,11847.212890625
1262,8768.4853515625
1263,6330.74169921875
1264,5439.46923828125
1265,10879.8857421875
1266,11486.623046875
1267,7858.36767578125
1268,8960.556640625
1269,8132.92431640625
1270,6499.93408203125
1271,5130.56591796875
1272,8082.4140625
1273,7282.54736328125
1274,6272.2275390625
1275,6272.1279296875
1276,3064.820068359375
1277,11098.1728515625
1278,6207.95068359375
1279,6017.9736328125
1280,5423.9501953125
1281,5283.55029296875
1282,6655.00537109375
1283,9250.6591796875
1284,6303.7861328125
1285,5515.49365234375
1286,5629.64697265625
1287,4605.3818359375
1288,4274.8662109375
1289,7006.2060546875
1290,17020.1796875
1291,4644.33935546875
1292,5762.09423828125
1293,7436.0390625
1294,5469.7626953125
1295,5868.818359375
1296,5124.5087890625
1297,4718.30615234375
1298,6943.97216796875
1299,6853.98486328125
1300,4805.46484375
1301,9133.4482421875
1302,5238.32470703125
1303,5072.0341796875
1304,9196.29296875
1305,8320.1083984375
1306,10051.4208984375
1307,6674.7734375
1308,6686.32763671875
1309,5019.935546875
1310,5271.6484375
1311,13567.177734375
1312,11159.5673828125
1313,6750.0556640625
1314,5817.1142578125
1315,4579.4609375
1316,6801.5830078125
1317,4874.5712890625
1318,9573.103515625
1319,5908.26416015625
1320,5342.48046875
1321,7019.14892578125
1322,4471.9140625
1323,6537.0400390625
1324,8982.783203125
1325,6848.25634765625
1326,6339.4638671875
1327,4429.25341796875
1328,5438.51904296875
1329,6342.189453125
1330,9496.1650390625
1331,7939.078125
1332,7012.70947265625
1333,4540.1591796875
1334,7385.42919921875
1335,7379.9443359375
1336,4680.69677734375
1337,6705.515625
1338,7219.15234375
1339,6624.697265625
1340,7180.8662109375
1341,6686.9140625
1342,6262.51220703125
1343,6120.20361328125
1344,7197.73828125
1345,5909.6005859375
1346,6222.0712890625
1347,9057.7099609375
1348,5287.80810546875
1349,5177.7021484375
1350,11965.0498046875
1351,5511.69970703125
1352,4310.4033203125
1353,7330.26806640625
1354,7662.36865234375
1355,11129.6875
1356,4795.79833984375
1357,6182.85400390625
1358,6014.80615234375
1359,7515.75537109375
1360,5187.080078125
1361,8202.5
1362,2956.314697265625
1363,5958.4072265625
1364,6211.24267578125
1365,6011.36376953125
1366,5272.9130859375
1367,6952.08935546875
1368,8310.611328125
1369,5663.21484375
1370,9194.068359375
1371,7123.40478515625
1372,9099.99609375
1373,4610.2978515625
1374,6697.2265625
1375,7532.40380859375
1376,8223.5810546875
1377,7566.75
1378,4158.30078125
1379,8794.0185546875
1380,7094.53076171875
1381,7381.8115234375
1382,4911.46435546875
1383,4735.72412109375
1384,8609.8740234375
1385,7522.8740234375
1386,9103.03515625
1387,6843.931640625
1388,6103.75732421875
1389,7953.58935546875
1390,6571.6748046875
1391,7136.78759765625
1392,7643.87548828125
1393,6253.630859375
1394,10532.41015625
1395,10650.2734375
1396,7984.78759765625
1397,5151.1748046875
1398,6385.27880859375
1399,3465.153076171875
1400,0.0
1401,8052.02587890625
1402,5223.51318359375
1403,8538.5537109375
1404,4695.2490234375
1405,5977.42919921875
1406,5361.1669921875
1407,10230.28515625
1408,4683.85498046875
1409,4721.83203125
1410,6034.07763671875
1411,7032.7431640625
1412,3349.163818359375
1413,7194.4267578125
1414,7924.9287109375
1415,8374.3642578125
1416,7194.45556640625
1417,6680.10791015625
1418,5631.91748046875
1419,5980.75048828125
1420,5039.89892578125
1421,10523.4560546875
1422,9730.0126953125
1423,7151.32666015625
1424,14760.572265625
1425,6026.46923828125
1426,4751.22021484375
1427,6952.12744140625
1428,8570.466796875
1429,10376.4501953125
1430,7526.283203125
1431,8047.90869140625
1432,8393.373046875
1433,7164.55615234375
1434,6801.44921875
1435,5803.3251953125
1436,5511.1669921875
1437,4359.4482421875
1438,4578.04833984375
1439,6019.46435546875
1440,7501.15185546875
1441,18409.123046875
1442,7526.59765625
1443,6057.47412109375
1444,8699.4423828125
1445,4540.26513671875
1446,6669.62109375
1447,3834.371826171875
1448,8900.412109375
1449,6485.90771484375
1450,6497.42236328125
1451,13371.9541015625
1452,11802.6982421875
1453,7047.08740234375
1454,6655.93505859375
1455,3839.54248046875
1456,5944.2900390625
1457,6952.18896484375
1458,8119.62890625
1459,4673.90380859375
1460,4542.48193359375
1461,5028.5498046875
1462,5514.89111328125
1463,7451.79296875
1464,7622.76025390625
1465,3634.73291015625
1466,7462.7197265625
1467,8432.8271484375
1468,8376.2060546875
1469,5971.8798828125
1470,4357.76513671875
1471,8019.44091796875
1472,3985.391357421875
1473,9807.2978515625
1474,4950.80712890625
1475,5153.2265625
1476,7170.25244140625
1477,5348.33984375
1478,4706.07861328125
1479,5739.48681640625
1480,7192.4638671875
1481,8409.935546875
1482,10725.232421875
1483,5409.228515625
1484,5713.0322265625
1485,6109.14306640625
1486,6250.2822265625
1487,4555.17578125
1488,6374.31201171875
1489,7556.0634765625
1490,10990.046875
1491,8397.1982421875
1492,6618.6923828125
1493,8319.2998046875
1494,6269.88525390625
1495,8976.48046875
1496,6360.7099609375
1497,13550.0751953125
1498,5993.99658203125
1499,5699.1806640625
1500,5648.646484375
1501,4323.64892578125
1502,7794.056640625
1503,17428.298828125
1504,4505.37939453125
1505,4402.5791015625
1506,9085.529296875
1507,6070.96875
1508,7127.0029296875
1509,8275.8095703125
1510,7041.38671875
1511,5557.21533203125
1512,4193.474609375
1513,10141.291015625
1514,5807.1552734375
1515,7625.80810546875
1516,7113.96044921875
1517,5196.24560546875
1518,7533.44287109375
1519,6100.763671875
1520,3990.5048828125
1521,9463.8857421875
1522,8699.9609375
1523,4667.86083984375
1524,7333.22998046875
1525,7071.4111328125
1526,4791.548828125
1527,8841.568359375
1528,5963.88330078125
1529,6748.28515625
1530,4587.62890625
1531,5044.818359375
1532,7981.60107421875
1533,0.0
1534,8328.513671875
1535,5927.62158203125
1536,6256.0634765625
1537,4578.1826171875
1538,6224.10498046875
1539,6257.765625
1540,7229.169921875
1541,6981.8935546875
1542,7310.39111328125
1543,6337.80517578125
1544,7115.81396484375
1545,7169.865234375
1546,9150.666015625
1547,10415.90625
1548,8901.1298828125
1549,3800.554931640625
1550,5797.005859375
1551,7617.013671875
1552,4267.0771484375
1553,11035.951171875
1554,5450.97509765625
1555,9091.375
1556,11417.1640625
1557,6914.83251953125
1558,4505.87109375
1559,11136.21484375
1560,10084.0078125
1561,6136.65576171875
1562,9314.3779296875
1563,8989.306640625
1564,5909.25927734375
1565,6720.25
1566,6777.8017578125
1567,5556.29052734375
1568,5059.01611328125
1569,6705.23779296875
1570,4649.29833984375
1571,7347.80712890625
1572,6625.31884765625
1573,6843.0380859375
1574,8681.15234375
1575,6380.0458984375
1576,6717.2998046875
1577,5195.818359375
1578,8402.7763671875
1579,6959.61669921875
1580,6404.671875
1581,9740.1318359375
1582,7133.40576171875
1583,8736.0087890625
1584,5492.88818359375
1585,5734.6923828125
1586,6166.12646484375
1587,7006.25
1588,6691.91748046875
1589,5305.32763671875
1590,4385.599609375
1591,8493.2607421875
1592,7511.42236328125
1593,6142.46484375
1594,7974.43896484375
1595,6028.46533203125
1596,7445.22705078125
1597,4696.15380859375
1598,3726.825439453125
1599,6785.56982421875
1600,6147.0595703125
1601,6148.51611328125
1602,10205.341796875
1603,9875.423828125
1604,5119.4833984375
1605,7160.365234375
1606,4809.55615234375
1607,2860.55908203125
1608,7527.3974609375
1609,10712.2900390625
1610,7867.9833984375
1611,7383.20361328125
1612,4718.26025390625
1613,6545.4208984375
1614,9107.5986328125
1615,6726.41455078125
1616,8025.1357421875
1617,5098.63427734375
1618,5721.7939453125
1619,5827.9453125
1620,5424.91064453125
1621,5702.26416015625
1622,5707.36962890625
1623,5056.71142578125
1624,4563.52099609375
1625,7220.44921875
1626,7449.49169921875
1627,5996.615234375
1628,6243.36962890625
1629,7058.40478515625
1630,6719.90625
1631,7775.27587890625
1632,8467.947265625
1633,7853.0693359375
1634,5743.55859375
1635,4507.39111328125
1636,12172.12890625
1637,6289.42724609375
1638,5450.5283203125
1639,8446.4326171875
1640,7874.7470703125
1641,7863.42822265625
1642,6283.02197265625
1643,7403.0400390625
1644,9794.888671875
1645,15383.7421875
1646,5571.0224609375
1647,4799.20166015625
1648,4459.203125
1649,6527.1328125
1650,5111.31298828125
1651,9118.8994140625
1652,8080.0576171875
1653,5159.08251953125
1654,4206.84375
1655,5919.3154296875
1656,9056.1201171875
1657,4673.1748046875
1658,7824.5791015625
1659,5361.76171875
1660,6606.7587890625
1661,8605.9384765625
1662,7453.01513671875
1663,9169.859375
1664,6764.68994140625
1665,4276.857421875
1666,5841.79736328125
1667,7085.44873046875
1668,8968.158203125
1669,7585.82763671875
1670,8001.29541015625
1671,6781.65673828125
1672,4701.513671875
1673,10379.1728515625
1674,4231.44384765625
1675,9152.7236328125
1676,6728.73046875
1677,4801.296875
1678,7089.79638671875
1679,5604.91357421875
1680,8204.0830078125
1681,8816.564453125
1682,5504.560546875
1683,4219.57275390625
1684,8679.935546875
1685,9056.2939453125
1686,9883.5810546875
1687,5801.86865234375
1688,5663.7177734375
1689,6472.88671875
1690,7060.43505859375
1691,5372.2099609375
1692,9948.412109375
1693,8985.4970703125
1694,11009.3603515625
1695,3931.286865234375
1696,6037.1435546875
1697,0.0
1698,9383.7978515625
1699,5457.20068359375
1700,9263.0732421875
1701,6118.544921875
1702,5596.34716796875
1703,6115.22900390625
1704,7069.607421875
1705,5802.5390625
1706,6605.6650390625
1707,5202.5146484375
1708,7088.81787109375
1709,9143.37109375
1710,7215.88623046875
1711,23264.841796875
1712,6950.6298828125
1713,3777.687255859375
1714,9855.0048828125
1715,11051.1748046875
1716,7582.5478515625
1717,7442.3203125
1718,6574.24267578125
1719,7846.8798828125
1720,8979.357421875
1721,6870.89697265625
1722,6200.28369140625
1723,7662.4482421875
1724,9195.408203125
1725,8117.08154296875
1726,9331.857421875
1727,7017.61572265625
1728,5114.37158203125
1729,6919.880859375
1730,10602.373046875
1731,11198.076171875
1732,11868.0244140625
1733,9373.7919921875
1734,5672.9052734375
1735,5982.37109375
1736,5016.99951171875
1737,8796.6396484375
1738,12283.705078125
1739,9381.287109375
1740,6752.81298828125
1741,6415.84521484375
1742,5545.375
1743,5784.00244140625
1744,11816.8671875
1745,7232.73974609375
1746,5120.38330078125
1747,5570.95263671875
1748,8120.59619140625
1749,3814.99462890625
1750,7480.2216796875
1751,5445.84716796875
1752,6533.81494140625
1753,8466.63671875
1754,5772.14697265625
1755,7039.51318359375
1756,8136.662109375
1757,5939.34033203125
1758,7998.2265625
1759,7030.46923828125
1760,12422.5927734375
1761,6243.67578125
1762,9599.1884765625
1763,7752.3984375
1764,10000.66796875
1765,7488.74169921875
1766,11537.0966796875
1767,5881.47802734375
1768,5695.8701171875
1769,6919.900390625
1770,6294.0068359375
1771,10228.123046875
1772,9249.6591796875
1773,6639.99609375
1774,8392.556640625
1775,6726.30712890625
1776,11287.3310546875
1777,4463.55029296875
1778,15253.583984375
1779,4962.64697265625
1780,7166.6484375
1781,9478.32421875
1782,5950.46337890625
1783,7953.5517578125
1784,7530.75439453125
1785,8572.0029296875
1786,7014.67626953125
1787,6604.28369140625
1788,7398.8857421875
1789,9280.697265625
1790,8223.9853515625
1791,5770.14599609375
1792,7891.98291015625
1793,12035.8984375
1794,7017.333984375
1795,4991.0927734375
1796,7635.833984375
1797,6249.734375
1798,6776.1455078125
1799,8164.75146484375
1800,4423.78662109375
1801,8821.4150390625
1802,7477.17626953125
1803,8533.4775390625
1804,8036.298828125
1805,4995.2314453125
1806,6695.837890625
1807,7351.0244140625
1808,10261.0947265625
1809,10221.876953125
1810,5510.87353515625
1811,5170.447265625
1812,8513.2880859375
1813,7034.30810546875
1814,6429.330078125
1815,5642.2802734375
1816,7304.4150390625
1817,8654.478515625
1818,6894.44091796875
1819,5029.10546875
1820,8928.80859375
1821,8845.494140625
1822,9365.2080078125
1823,9937.0908203125
1824,8734.412109375
1825,7399.23388671875
1826,8847.1748046875
1827,6783.625
1828,9147.810546875
1829,9833.7744140625
1830,6471.197265625
1831,11692.5966796875
1832,8212.2900390625
1833,8760.9013671875
1834,6358.48681640625
1835,7994.4052734375
1836,8879.7197265625
1837,7434.73828125
1838,4658.01953125
1839,7253.15966796875
1840,9085.080078125
1841,6697.20458984375
1842,4854.31103515625
1843,9694.994140625
1844,6337.90673828125
1845,6135.16015625
1846,6937.82275390625
1847,6080.18359375
1848,9011.29296875
1849,8071.74560546875
1850,8251.720703125
1851,6372.0595703125
1852,5413.60986328125
1853,6920.2724609375
1854,4327.00732421875
1855,7540.06298828125
1856,6350.75830078125
1857,9136.150390625
1858,7097.8720703125
1859,6555.87158203125
1860,12597.548828125
1861,5924.41162109375
1862,5521.48095703125
1863,11358.271484375
1864,7522.779296875
1865,9288.99609375
1866,8167.98828125
1867,5426.63134765625
1868,6620.78857421875
1869,6431.833984375
1870,9677.763671875
1871,14120.0849609375
1872,6256.1767578125
1873,4877.76318359375
1874,5273.50732421875
1875,9573.498046875
1876,8204.6572265625
1877,8225.9130859375
1878,8039.1865234375
1879,5545.75341796875
1880,6438.99658203125
1881,3690.959716796875
1882,5615.0107421875
1883,6235.2734375
1884,7833.3203125
1885,8349.376953125
1886,10224.3623046875
1887,9184.400390625
1888,9763.3330078125
1889,6996.5966796875
1890,6875.607421875
1891,11151.615234375
1892,12763.220703125
1893,6703.814453125
1894,8524.9296875
1895,5554.45068359375
1896,7097.90283203125
1897,4885.33203125
1898,9002.490234375
1899,5352.353515625
1900,10168.22265625
1901,7796.5048828125
1902,9802.115234375
1903,8859.5126953125
1904,5673.8466796875
1905,10314.8525390625
1906,20851.455078125
1907,11783.6806640625
1908,7796.75634765625
1909,3213.00048828125
1910,7445.14453125
1911,9415.9794921875
1912,6845.2001953125
1913,13026.0048828125
1914,18956.806640625
1915,5739.14111328125
1916,6725.482421875
1917,8392.6767578125
1918,5581.1943359375
1919,10184.3369140625
1920,8049.7060546875
1921,9183.4931640625
1922,5723.40966796875
1923,6631.115234375
1924,7364.771484375
1925,7854.005859375
1926,10621.2822265625
1927,6502.5947265625
1928,6053.6611328125
1929,7037.12158203125
1930,6490.24609375
1931,5628.20263671875
1932,9346.4248046875
1933,5784.33251953125
1934,5930.6669921875
1935,9171.4033203125
1936,7001.61328125
1937,6417.42236328125
1938,7970.23681640625
1939,8484.919921875
1940,8592.3349609375
1941,8108.00244140625
1942,9391.9208984375
1943,5978.64453125
1944,4290.77001953125
1945,8366.84765625
1946,7701.04248046875
1947,6031.974609375
1948,4604.474609375
1949,9390.880859375
1950,8107.3974609375
1951,9232.05078125
1952,8344.205078125
1953,6023.6435546875
1954,6032.982421875
1955,4406.35009765625
1956,11820.5283203125
1957,5211.69677734375
1958,8768.306640625
1959,16303.505859375
1960,8031.1865234375
1961,6454.54833984375
1962,5861.61669921875
1963,5844.53857421875
1964,8224.8798828125
1965,4858.47509765625
1966,6971.3876953125
1967,10572.896484375
1968,7008.5078125
1969,18867.6328125
1970,15043.591796875
1971,5259.14501953125
1972,8059.40185546875
1973,7268.58203125
1974,7942.61572265625
1975,6773.025390625
1976,12060.6318359375
1977,7478.5439453125
1978,10991.533203125
1979,7024.60595703125
1980,8754.5244140625
1981,6808.14501953125
1982,9452.3125
1983,8447.69140625
1984,7258.1552734375
1985,6706.7216796875
1986,5955.783203125
1987,9500.4384765625
1988,10346.7587890625
1989,7571.67431640625
1990,10576.3798828125
1991,6178.04052734375
1992,11263.2607421875
1993,6366.923828125
1994,6080.34716796875
1995,6234.26611328125
1996,13149.41015625
1997,6232.115234375
1998,8715.69921875
1999,8719.1845703125
2000,7812.35546875
2001,6506.947265625
2002,9941.4619140625
2003,8110.5693359375
2004,4536.3525390625
2005,12997.3076171875
2006,18369.337890625
2007,7480.83447265625
2008,8222.5625
2009,10659.26953125
2010,11432.0771484375
2011,12470.7421875
2012,6887.5966796875
2013,8387.28125
2014,7400.8125
2015,9003.9365234375
2016,4889.62646484375
2017,8022.5361328125
2018,6077.29541015625
2019,6527.6181640625
2020,7278.28369140625
2021,6432.27978515625
2022,5735.59033203125
2023,8588.08984375
2024,4472.34765625
2025,5295.33154296875
2026,7559.4638671875
2027,8574.333984375
2028,9853.6826171875
2029,10051.19921875
2030,9232.4736328125
2031,6827.96240234375
2032,6697.00439453125
2033,11516.5361328125
2034,8080.78955078125
2035,6263.41748046875
2036,6089.60107421875
2037,10057.4814453125
2038,4819.30224609375
2039,7952.60400390625
2040,3709.90576171875
2041,5978.10791015625
2042,9703.765625
2043,7045.12255859375
2044,6201.171875
2045,8724.9423828125
2046,9386.5
2047,12157.9267578125
2048,6393.0771484375
2049,8682.9619140625
2050,3346.633056640625
2051,6120.40283203125
2052,6859.58740234375
2053,5019.44287109375
2054,8420.482421875
2055,6336.17041015625
2056,5798.54931640625
2057,9454.0703125
2058,12231.83203125
2059,7297.85986328125
2060,6041.787109375
2061,5998.15087890625
2062,9911.5361328125
2063,7959.83203125
2064,7439.50439453125
2065,6357.64990234375
2066,7532.17041015625
2067,12101.5009765625
2068,5333.208984375
2069,7086.505859375
2070,9280.578125
2071,9365.111328125
2072,14619.7744140625
2073,6633.6279296875
2074,15852.7841796875
2075,6683.26025390625
2076,5264.77880859375
2077,3535.949951171875
2078,7286.59033203125
2079,7193.8984375
2080,7105.0986328125
2081,6846.1337890625
2082,6448.11572265625
2083,5397.685546875
2084,8014.12255859375
2085,6078.03857421875
2086,7561.53857421875
2087,8510.212890625
2088,9245.724609375
2089,9979.173828125
2090,5974.46142578125
2091,10186.732421875
2092,6139.34228515625
2093,6394.9248046875
2094,6475.61279296875
2095,5662.74951171875
2096,11741.7568359375
2097,6999.560546875
2098,5682.49853515625
2099,6948.92236328125
2100,8827.21875
2101,8039.47607421875
2102,7359.25537109375
2103,9380.0595703125
2104,5513.08447265625
2105,6774.49560546875
2106,7548.6767578125
2107,9529.01953125
2108,7165.76220703125
2109,7401.45458984375
2110,5958.560546875
2111,5624.70751953125
2112,5139.73388671875
2113,4934.33984375
2114,7647.59521484375
2115,8976.5771484375
2116,11324.185546875
2117,12576.3271484375
2118,8826.1796875
2119,6721.77099609375
2120,5721.62939453125
2121,11425.5263671875
2122,11847.3466796875
2123,8517.2529296875
2124,9326.75390625
2125,10309.4228515625
2126,7093.9560546875
2127,5672.67041015625
2128,8581.0185546875
2129,8012.6201171875
2130,7371.013671875
2131,7180.21240234375
2132,3552.67333984375
2133,12038.736328125
2134,6723.6240234375
2135,6896.5751953125
2136,5591.078125
2137,5454.31005859375
2138,7726.494140625
2139,10079.859375
2140,6189.78076171875
2141,5755.59375
2142,5928.25634765625
2143,4413.36767578125
2144,4655.92626953125
2145,8020.7578125
2146,17789.177734375
2147,5372.2822265625
2148,6380.326171875
2149,7731.4091796875
2150,5976.80419921875
2151,6134.90185546875
2152,5448.28857421875
2153,4944.99267578125
2154,7361.12451171875
2155,7104.14208984375
2156,4945.79931640625
2157,9790.564453125
2158,6429.759765625
2159,5550.06201171875
2160,9199.076171875
2161,9105.775390625
2162,10926.70703125
2163,7396.07470703125
2164,7849.77587890625
2165,5830.30908203125
2166,5524.119140625
2167,13925.6865234375
2168,12445.578125
2169,6871.14990234375
2170,6297.751953125
2171,5063.01025390625
2172,6773.265625
2173,5563.8447265625
2174,9839.6611328125
2175,6955.94384765625
2176,6324.43994140625
2177,7634.630859375
2178,5408.64990234375
2179,8039.1279296875
2180,9776.7490234375
2181,7457.37255859375
2182,7673.40478515625
2183,4952.60107421875
2184,6810.81982421875
2185,6375.40185546875
2186,10064.189453125
2187,8665.5888671875
2188,7693.32373046875
2189,5108.62109375
2190,8220.578125
2191,7236.81640625
2192,4596.89599609375
2193,7602.89404296875
2194,8002.87841796875
2195,7870.30810546875
2196,7856.11083984375
2197,6702.9228515625
2198,7172.2802734375
2199,6949.388671875
2200,7171.3193359375
2201,6120.51171875
2202,7533.60498046875
2203,10286.6767578125
2204,6643.49560546875
2205,5761.29541015625
2206,12854.568359375
2207,6470.14306640625
2208,5076.80224609375
2209,8151.13330078125
2210,9176.8837890625
2211,13547.09765625
2212,5391.8388671875
2213,6861.73583984375
2214,6422.9033203125
2215,7713.1884765625
2216,7052.35595703125
2217,8574.037109375
2218,3711.86376953125
2219,6632.65283203125
2220,6541.54931640625
2221,6423.9013671875
2222,5343.86181640625
2223,7251.240234375
2224,9522.919921875
2225,6778.52734375
2226,10006.666015625
2227,8092.99072265625
2228,9683.193359375
2229,4874.4208984375
2230,7271.4248046875
2231,7909.06103515625
2232,9955.70703125
2233,8152.447265625
2234,4943.41796875
2235,8673.2685546875
2236,8247.0107421875
2237,8021.4501953125
2238,5154.173828125
2239,5292.30078125
2240,10063.8193359375
2241,8383.05078125
2242,9858.08984375
2243,7929.18798828125
2244,6755.41015625
2245,9118.7470703125
2246,8148.7109375
2247,8144.18115234375
2248,8610.0224609375
2249,6667.8046875
2250,10561.0634765625
2251,11455.3896484375
2252,8990.298828125
2253,5574.79052734375
2254,7103.82666015625
2255,4491.08837890625
2256,0.0
2257,9542.35546875
2258,5200.05859375
2259,10217.576171875
2260,5106.177734375
2261,6892.19287109375
2262,6250.02734375
2263,10600.859375
2264,5535.85302734375
2265,5219.71728515625
2266,6936.06005859375
2267,7778.3359375
2268,4410.98583984375
2269,7447.3828125
2270,7991.1630859375
2271,8479.6962890625
2272,8070.947265625
2273,7388.841796875
2274,6330.7646484375
2275,6209.66259765625
2276,5970.30615234375
2277,10979.4375
2278,10110.9580078125
2279,7400.9296875
2280,14758.080078125
2281,6696.28564453125
2282,5941.2763671875
2283,7477.33203125
2284,9582.970703125
2285,11952.810546875
2286,7977.25390625
2287,9394.87109375
2288,8816.1650390625
2289,8553.6171875
2290,7344.56640625
2291,6664.7490234375
2292,5923.9423828125
2293,5867.4921875
2294,4574.955078125
2295,6469.560546875
2296,8451.7041015625
2297,19878.884765625
2298,8221.3583984375
2299,7106.35791015625
2300,9415.8046875
2301,4858.92578125
2302,6200.87451171875
2303,4476.3212890625
2304,9285.1123046875
2305,6377.025390625
2306,7136.6337890625
2307,14343.029296875
2308,12644.1240234375
2309,7841.455078125
2310,7096.9970703125
2311,3751.2548828125
2312,5795.55078125
2313,7568.37255859375
2314,8727.42578125
2315,5065.67138671875
2316,5311.974609375
2317,6246.74365234375
2318,5586.6083984375
2319,8371.2763671875
2320,8095.68115234375
2321,4000.868408203125
2322,8093.77294921875
2323,9265.095703125
2324,9216.568359375
2325,6158.26123046875
2326,5383.14697265625
2327,9207.62890625
2328,4658.89013671875
2329,10468.9443359375
2330,5265.396484375
2331,5551.39013671875
2332,7723.79052734375
2333,6689.3994140625
2334,5429.7822265625
2335,6413.865234375
2336,8541.94140625
2337,9062.4609375
2338,11621.8115234375
2339,5793.96728515625
2340,5909.33544921875
2341,6294.35546875
2342,6716.11376953125
2343,5274.33203125
2344,7094.03173828125
2345,7889.80908203125
2346,12395.1083984375
2347,9241.751953125
2348,7013.109375
2349,8440.65625
2350,7223.294921875
2351,9722.951171875
2352,6929.8427734375
2353,15213.7578125
2354,6909.01904296875
2355,6662.8017578125
2356,5426.19873046875
2357,4798.7314453125
2358,7729.2587890625
2359,20563.544921875
2360,4853.4013671875
2361,5314.08544921875
2362,10113.6396484375
2363,6680.86083984375
2364,8145.82763671875
2365,9102.623046875
2366,7731.08056640625
2367,5865.50537109375
2368,5217.544921875
2369,10664.26953125
2370,6471.77294921875
2371,7743.2939453125
2372,7903.83544921875
2373,5281.95751953125
2374,8089.4990234375
2375,6940.7578125
2376,4430.01318359375
2377,10096.7900390625
2378,9993.8720703125
2379,4826.16796875
2380,8142.99267578125
2381,7874.00146484375
2382,4959.6962890625
2383,9763.5185546875
2384,6578.95703125
2385,7583.49462890625
2386,5202.375
2387,6230.3818359375
2388,7155.7587890625
2389,0.0
2390,9029.2783203125
2391,5722.53466796875
2392,6988.91162109375
2393,5274.8076171875
2394,7040.08056640625
2395,6562.20556640625
2396,8302.955078125
2397,7945.36376953125
2398,7715.85693359375
2399,6560.15087890625
2400,7785.04248046875
2401,7423.451171875
2402,9186.9453125
2403,11100.125
2404,9156.3876953125
2405,3363.228759765625
2406,7003.96826171875
2407,8788.390625
2408,4053.84375
2409,11375.275390625
2410,6688.77001953125
2411,9493.171875
2412,11963.9853515625
2413,7833.93212890625
2414,5077.3642578125
2415,13133.9287109375
2416,10595.2294921875
2417,6173.443359375
2418,10739.439453125
2419,11316.7333984375
2420,6949.15283203125
2421,7173.74951171875
2422,7425.8271484375
2423,6128.46533203125
2424,5487.60888671875
2425,7508.634765625
2426,5141.5478515625
2427,7484.51171875
2428,6881.44677734375
2429,7531.7890625
2430,9125.7373046875
2431,6938.9365234375
2432,7168.4345703125
2433,5733.71533203125
2434,9101.6796875
2435,7717.79052734375
2436,6741.853515625
2437,9944.6787109375
2438,8363.1201171875
2439,9707.6630859375
2440,6329.09912109375
2441,6336.8994140625
2442,7193.310546875
2443,7179.90087890625
2444,7777.896484375
2445,5413.16357421875
2446,4734.75732421875
2447,7790.1845703125
2448,7465.380859375
2449,7439.8330078125
2450,8865.0400390625
2451,6481.85986328125
2452,6945.5986328125
2453,5095.14697265625
2454,3653.1494140625
2455,8295.8193359375
2456,7133.7861328125
2457,8348.6123046875
2458,10531.537109375
2459,9654.3779296875
2460,5371.2314453125
2461,7864.1796875
2462,5007.998046875
2463,2885.1376953125
2464,8713.1279296875
2465,11591.3115234375
2466,8242.224609375
2467,8040.06787109375
2468,5951.63916015625
2469,7604.58349609375
2470,9724.576171875
2471,6960.7939453125
2472,8293.2021484375
2473,5327.96826171875
2474,5928.10595703125
2475,6341.96484375
2476,5636.45166015625
2477,6352.39111328125
2478,5960.20654296875
2479,5828.40966796875
2480,4737.26806640625
2481,7715.83642578125
2482,8657.03515625
2483,6710.74951171875
2484,6959.11767578125
2485,7738.90576171875
2486,6694.60009765625
2487,9226.9990234375
2488,8084.31591796875
2489,8272.1572265625
2490,5636.67578125
2491,4601.35205078125
2492,15479.703125
2493,6430.93798828125
2494,6660.03466796875
2495,9789.1513671875
2496,8222.9853515625
2497,8253.4287109375
2498,6573.6416015625
2499,7787.673828125
2500,11313.744140625
2501,16666.015625
2502,6596.70703125
2503,6252.45263671875
2504,4917.71337890625
2505,6721.23486328125
2506,6025.05224609375
2507,7454.6904296875
2508,9246.3447265625
2509,6044.3466796875
2510,4871.09375
2511,7043.74365234375
2512,8940.583984375
2513,5024.16748046875
2514,8358.7783203125
2515,6030.7548828125
2516,7178.5537109375
2517,9394.2197265625
2518,8422.0302734375
2519,9268.619140625
2520,7720.6865234375
2521,5186.65087890625
2522,6370.64794921875
2523,8705.5634765625
2524,8983.537109375
2525,7748.82958984375
2526,8846.93359375
2527,7048.02978515625
2528,5003.14697265625
2529,10807.0615234375
2530,5225.447265625
2531,10324.9970703125
2532,7470.44287109375
2533,5483.9931640625
2534,8306.2060546875
2535,6336.494140625
2536,8337.701171875
2537,9290.0048828125
2538,5505.1513671875
2539,5368.70361328125
2540,9742.974609375
2541,10530.921875
2542,10256.400390625
2543,6429.78564453125
2544,7103.32861328125
2545,8378.5751953125
2546,7718.4931640625
2547,6204.4384765625
2548,10588.6015625
2549,9603.1103515625
2550,12957.1064453125
2551,4765.14306640625
2552,6442.07861328125
2553,0.0
2554,9934.5068359375
2555,6726.626953125
2556,10369.0703125
2557,6884.12890625
2558,7747.3779296875
2559,6470.8779296875
2560,8103.583984375
2561,6111.1015625
2562,7779.89794921875
2563,5837.8896484375
2564,8136.26708984375
2565,11138.3994140625
2566,6661.80859375
2567,23748.701171875
2568,7771.66943359375
2569,4594.24365234375
2570,10764.3701171875
2571,12685.0947265625
2572,9193.521484375
2573,9887.0595703125
2574,7052.39453125
2575,10108.6142578125
2576,11072.9287109375
2577,7734.0244140625
2578,7937.53955078125
2579,9412.90625
2580,10877.0556640625
2581,9062.7646484375
2582,10858.4755859375
2583,9428.5625
2584,6261.0
2585,9313.822265625
2586,13723.4052734375
2587,11654.224609375
2588,13482.9765625
2589,13228.439453125
2590,7825.27099609375
2591,7257.8359375
2592,5512.5439453125
2593,10645.9140625
2594,16890.564453125
2595,10968.033203125
2596,9417.0791015625
2597,11276.0390625
2598,5261.78369140625
2599,8344.072265625
2600,12987.75390625
2601,8736.486328125
2602,7209.4794921875
2603,8659.802734375
2604,9260.9267578125
2605,4696.04638671875
2606,9303.5576171875
2607,6734.013671875
2608,9564.876953125
2609,10255.1669921875
2610,6868.916015625
2611,9002.5390625
2612,10377.11328125
2613,7464.84033203125
2614,9112.388671875
2615,7881.09912109375
2616,14394.732421875
2617,7383.04443359375
2618,11672.9384765625
2619,8113.298828125
2620,11683.2666015625
2621,9877.8671875
2622,13701.23046875
2623,7075.890625
2624,6714.9228515625
2625,8590.7021484375
2626,7844.0322265625
2627,12993.953125
2628,10519.744140625
2629,8513.98828125
2630,10802.982421875
2631,8689.7568359375
2632,13796.9833984375
2633,5582.91455078125
2634,18290.939453125
2635,5659.57080078125
2636,8336.6181640625
2637,11171.00390625
2638,6901.6171875
2639,9514.9443359375
2640,8522.634765625
2641,11334.767578125
2642,8766.6064453125
2643,8318.7001953125
2644,10439.845703125
2645,10023.013671875
2646,10046.0400390625
2647,7408.08154296875
2648,9066.537109375
2649,16937.69140625
2650,8564.09375
2651,6453.04150390625
2652,9319.755859375
2653,6898.767578125
2654,9157.7744140625
2655,10427.19921875
2656,5162.1318359375
2657,12307.55078125
2658,9267.15234375
2659,10064.25
2660,9945.5927734375
2661,4804.46875
2662,8117.328125
2663,7890.53173828125
2664,12384.0400390625
2665,11486.1416015625
2666,6041.896484375
2667,6701.2705078125
2668,9409.2001953125
2669,7709.3720703125
2670,8073.01220703125
2671,9011.5595703125
2672,9217.71484375
2673,9779.2294921875
2674,7761.216796875
2675,5938.052734375
2676,10681.23828125
2677,11078.3642578125
2678,10479.806640625
2679,12872.8857421875
2680,12049.5
2681,8251.1005859375
2682,12286.3818359375
2683,8145.32275390625
2684,9857.66015625
2685,13572.369140625
2686,8868.0634765625
2687,14306.908203125
2688,9891.376953125
2689,11816.1953125
2690,7877.2138671875
2691,9516.3466796875
2692,11208.849609375
2693,9436.392578125
2694,4759.06591796875
2695,8511.1279296875
2696,11530.388671875
2697,8079.54931640625
2698,6061.3193359375
2699,12824.5322265625
2700,7767.44189453125
2701,7193.99853515625
2702,8153.09912109375
2703,8105.71142578125
2704,10499.779296875
2705,10243.1767578125
2706,10167.2060546875
2707,8333.78125
2708,7713.78271484375
2709,9272.4658203125
2710,5100.609375
2711,8227.306640625
2712,8159.25244140625
2713,10992.443359375
2714,8612.8515625
2715,8176.33349609375
2716,15319.884765625
2717,7402.36376953125
2718,6315.40380859375
2719,13330.11328125
2720,8587.80078125
2721,12149.361328125
2722,9192.8837890625
2723,6049.12353515625
2724,8492.4013671875
2725,7884.2763671875
2726,11311.783203125
2727,17862.4765625
2728,8235.9462890625
2729,5198.73193359375
2730,6043.90625
2731,11503.8330078125
2732,8976.060546875
2733,9371.5048828125
2734,8160.759765625
2735,6391.943359375
2736,6715.91064453125
2737,4722.578125
2738,6608.880859375
2739,7835.578125
2740,10904.01953125
2741,10065.8896484375
2742,11819.5576171875
2743,10867.6923828125
2744,13020.548828125
2745,9179.3984375
2746,9932.068359375
2747,12859.2177734375
2748,17642.822265625
2749,8179.81103515625
2750,9851.3994140625
2751,7346.87890625
2752,8959.4072265625
2753,6916.0390625
2754,10592.849609375
2755,7479.7080078125
2756,11689.837890625
2757,9259.0126953125
2758,11970.96484375
2759,9961.03125
2760,6752.49169921875
2761,13545.8037109375
2762,23435.310546875
2763,15136.3642578125
2764,9308.1552734375
2765,4076.734130859375
2766,9116.6796875
2767,10872.876953125
2768,8855.6435546875
2769,12947.2109375
2770,20084.654296875
2771,6983.30517578125
2772,8327.11328125
2773,10455.955078125
2774,6503.31787109375
2775,12853.1806640625
2776,10064.9638671875
2777,11793.033203125
2778,7110.3837890625
2779,8464.8759765625
2780,8795.064453125
2781,10053.171875
2782,15112.2607421875
2783,8049.056640625
2784,7684.33642578125
2785,9147.509765625
2786,8094.35888671875
2787,7030.60888671875
2788,10940.7158203125
2789,8762.3095703125
2790,8131.28173828125
2791,10556.357421875
2792,8191.369140625
2793,7880.31640625
2794,9110.6611328125
2795,10654.11328125
2796,11698.15625
2797,10575.6015625
2798,9116.8828125
2799,7695.10595703125
2800,5732.53955078125
2801,9487.8076171875
2802,8600.65234375
2803,8133.50732421875
2804,5467.45556640625
2805,10321.8203125
2806,10185.93359375
2807,11850.7275390625
2808,9622.7451171875
2809,8163.0107421875
2810,7065.57958984375
2811,5508.83984375
2812,14713.345703125
2813,7866.8876953125
2814,9091.986328125
2815,18865.837890625
2816,9825.130859375
2817,6889.1953125
2818,7206.42578125
2819,6168.96044921875
2820,9703.9326171875
2821,5123.10009765625
2822,7716.41064453125
2823,11953.1533203125
2824,8696.1142578125
2825,21166.115234375
2826,16927.740234375
2827,7024.7548828125
2828,9193.537109375
2829,8570.7255859375
2830,9655.6748046875
2831,8028.001953125
2832,15277.3076171875
2833,10130.3994140625
2834,11538.9208984375
2835,7353.01806640625
2836,9904.1630859375
2837,7979.97900390625
2838,10932.140625
2839,10169.06640625
2840,9052.0439453125
2841,8976.1767578125
2842,6591.0341796875
2843,12261.2548828125
2844,12128.21875
2845,9180.8251953125
2846,14540.087890625
2847,8421.4541015625
2848,12771.34375
2849,6562.9013671875
2850,7785.3388671875
2851,8486.5556640625
2852,16286.8857421875
2853,7947.61328125
2854,11341.1328125
2855,12021.5478515625
2856,10764.0888671875
2857,7407.55029296875
2858,9021.4150390625
2859,9237.6376953125
2860,5961.26611328125
2861,15432.451171875
2862,20927.388671875
2863,10711.9814453125
2864,10826.83984375
2865,12883.0654296875
2866,14596.65625
2867,14117.0673828125
2868,8506.900390625
2869,11597.3974609375
2870,9566.1171875
2871,11171.7587890625
2872,6090.77685546875
2873,9503.6474609375
2874,7244.2802734375
2875,7419.123046875
2876,8788.279296875
2877,7926.8388671875
2878,7696.09326171875
2879,11348.86328125
2880,5663.51953125
2881,6437.12109375
2882,8528.54296875
2883,10606.10546875
2884,13561.6982421875
2885,11440.3583984375
2886,10755.4609375
2887,9040.4912109375
2888,8878.51171875
2889,13714.9970703125
2890,9025.451171875
2891,7430.83935546875
2892,6448.56982421875
2893,11936.626953125
2894,5645.2626953125
2895,9874.7978515625
2896,4687.81689453125
2897,7119.04150390625
2898,10449.53125
2899,9792.8623046875
2900,9455.1298828125
2901,11389.5537109375
2902,12069.1494140625
2903,13544.1533203125
2904,7705.5302734375
2905,11945.20703125
2906,4540.7568359375
2907,7698.896484375
2908,8291.5634765625
2909,6017.63037109375
2910,9013.1943359375
2911,6974.56494140625
2912,7270.73876953125
2913,12121.91015625
2914,13268.3291015625
2915,9694.888671875
2916,7818.6044921875
2917,7497.48046875
2918,11835.1494140625
2919,9980.7470703125
2920,8604.3359375
2921,8144.6474609375
2922,9085.6240234375
2923,13120.400390625
2924,7337.21923828125
2925,9048.20703125
2926,12534.982421875
2927,11296.6494140625
2928,16891.859375
2929,8316.0009765625
2930,17360.60546875
2931,8932.3173828125
2932,6385.96240234375
2933,4415.01953125
2934,8543.8046875
2935,9715.8466796875
2936,8475.40234375
2937,8601.7353515625
2938,7904.28515625
2939,6507.06689453125
2940,9473.986328125
2941,7608.95361328125
2942,8700.623046875
2943,9963.3203125
2944,9754.392578125
2945,12499.7724609375
2946,7412.8837890625
2947,11249.603515625
2948,7417.8369140625
2949,7548.2001953125
2950,7499.201171875
2951,6628.4716796875
2952,14366.7099609375
2953,8743.0556640625
2954,5768.64501953125
2955,9401.36328125
2956,10431.447265625
2957,10476.04296875
2958,8904.45703125
2959,11594.11328125
2960,6768.98046875
2961,6801.26806640625
2962,9180.091796875
2963,11399.1591796875
2964,9924.009765625
2965,9498.1689453125
2966,8134.2333984375
2967,6883.44775390625
2968,6822.3076171875
2969,6514.0634765625
2970,11232.1279296875
2971,10993.982421875
2972,12974.7783203125
2973,15047.1806640625
2974,11191.9794921875
2975,7956.90576171875
2976,6493.25732421875
2977,13120.7841796875
2978,15812.73046875
2979,11167.740234375
2980,11006.876953125
2981,10903.1015625
2982,8002.55322265625
2983,6593.09814453125
2984,9972.6337890625
2985,9911.2822265625
2986,9912.587890625
2987,8132.15673828125
2988,4758.04248046875
2989,14708.7646484375
2990,10848.7802734375
2991,8104.427734375
2992,6459.8271484375
2993,7503.091796875
2994,8295.9716796875
2995,12609.654296875
2996,7375.341796875
2997,6570.11474609375
2998,7528.5205078125
2999,5675.63720703125
3000,5019.26220703125
3001,9455.330078125
3002,19370.95703125
3003,5941.74951171875
3004,8253.7744140625
3005,9835.84375
3006,7030.9404296875
3007,7209.58935546875
3008,6856.48828125
3009,6289.771484375
3010,10351.4970703125
3011,8970.970703125
3012,6258.8740234375
3013,12620.7060546875
3014,8334.068359375
3015,6894.3193359375
3016,11905.1162109375
3017,11882.16796875
3018,11589.166015625
3019,8943.2041015625
3020,8763.0107421875
3021,5819.8583984375
3022,6253.1689453125
3023,16672.580078125
3024,16623.373046875
3025,8667.7607421875
3026,8313.6796875
3027,7146.37451171875
3028,7966.09716796875
3029,6770.84521484375
3030,11638.0625
3031,6691.052734375
3032,7169.31787109375
3033,9656.5400390625
3034,6169.82861328125
3035,9001.1640625
3036,9969.861328125
3037,10543.9345703125
3038,9570.5634765625
3039,6587.11865234375
3040,8409.9951171875
3041,9282.537109375
3042,12382.4287109375
3043,10073.1591796875
3044,9785.6328125
3045,6289.9326171875
3046,10588.9150390625
3047,6998.17529296875
3048,6027.80419921875
3049,8683.5244140625
3050,10471.3212890625
3051,10117.3603515625
3052,9828.97265625
3053,8547.916015625
3054,8971.650390625
3055,8366.7939453125
3056,8733.009765625
3057,8082.74072265625
3058,9512.693359375
3059,11926.7587890625
3060,8057.3037109375
3061,6891.1416015625
3062,16842.732421875
3063,7665.5712890625
3064,5859.67431640625
3065,8611.5537109375
3066,11676.869140625
3067,15576.599609375
3068,5747.29296875
3069,8756.0068359375
3070,7689.1884765625
3071,9369.935546875
3072,7467.54736328125
3073,11301.5908203125
3074,4275.5419921875
3075,7674.5458984375
3076,8522.376953125
3077,7464.205078125
3078,7537.74609375
3079,8726.2109375
3080,12174.978515625
3081,7401.70263671875
3082,10931.4267578125
3083,9811.5380859375
3084,12665.1279296875
3085,7023.7861328125
3086,8274.7744140625
3087,9108.9736328125
3088,11539.0400390625
3089,10168.06640625
3090,5955.1689453125
3091,8704.3154296875
3092,10961.1591796875
3093,9853.0029296875
3094,5844.23046875
3095,5412.95654296875
3096,12742.5341796875
3097,9994.1044921875
3098,11896.8408203125
3099,10019.6884765625
3100,7557.1201171875
3101,11455.7861328125
3102,9653.4658203125
3103,10006.52734375
3104,9947.5185546875
3105,8648.287109375
3106,12188.2255859375
3107,13288.4013671875
3108,8997.31640625
3109,6808.64794921875
3110,9253.3583984375
3111,5420.7724609375
3112,0.0
3113,12177.8583984375
3114,7875.83056640625
3115,11871.6123046875
3116,7229.4130859375
3117,9437.1083984375
3118,8256.677734375
3119,12053.876953125
3120,6528.1806640625
3121,6681.9951171875
3122,8344.4326171875
3123,9219.609375
3124,6228.42822265625
3125,9378.896484375
3126,9398.0859375
3127,9792.83984375
3128,10215.8779296875
3129,8881.4453125
3130,7777.3544921875
3131,7348.2802734375
3132,7149.9658203125
3133,13531.7490234375
3134,11660.349609375
3135,9299.81640625
3136,15305.2890625
3137,8295.216796875
3138,7077.54296875
3139,9548.142578125
3140,11375.17578125
3141,14469.61328125
3142,10091.1728515625
3143,11417.56640625
3144,12200.84375
3145,10310.0029296875
3146,10089.12890625
3147,8512.306640625
3148,8057.162109375
3149,7671.68896484375
3150,5735.068359375
3151,8636.26953125
3152,11820.4169921875
3153,21348.38671875
3154,10172.4326171875
3155,8580.451171875
3156,11652.455078125
3157,6381.666015625
3158,8802.3515625
3159,4207.09814453125
3160,12289.251953125
3161,9104.564453125
3162,9371.4296875
3163,17853.716796875
3164,13233.4423828125
3165,9250.9296875
3166,9513.4169921875
3167,5012.576171875
3168,7044.01904296875
3169,8670.54296875
3170,11564.068359375
3171,6595.9716796875
3172,6670.99169921875
3173,6526.7958984375
3174,7490.6435546875
3175,10681.998046875
3176,11729.8798828125
3177,4683.583984375
3178,10369.96484375
3179,10442.6025390625
3180,9407.8056640625
3181,8574.142578125
3182,6006.37939453125
3183,11112.9462890625
3184,6238.38232421875
3185,12848.724609375
3186,6994.6865234375
3187,7826.06982421875
3188,9187.806640625
3189,8402.130859375
3190,6515.8310546875
3191,8728.3994140625
3192,9622.1767578125
3193,10756.1640625
3194,14629.0146484375
3195,7479.91162109375
3196,6785.95556640625
3197,7343.2900390625
3198,7489.26953125
3199,6256.1015625
3200,9545.79296875
3201,9207.9755859375
3202,15183.44921875
3203,10958.6162109375
3204,8385.8974609375
3205,9906.2294921875
3206,7194.79345703125
3207,11821.982421875
3208,7756.4404296875
3209,15923.689453125
3210,8464.365234375
3211,8248.611328125
3212,7630.73583984375
3213,4854.52783203125
3214,8847.7490234375
3215,24952.935546875
3216,6549.93115234375
3217,6471.400390625
3218,12462.3896484375
3219,7472.365234375
3220,9613.3837890625
3221,11208.4912109375
3222,9613.013671875
3223,7844.91650390625
3224,6009.01025390625
3225,12817.80078125
3226,8059.76611328125
3227,9195.6630859375
3228,9259.115234375
3229,6754.21533203125
3230,10470.7216796875
3231,8294.0888671875
3232,5007.291015625
3233,11458.5068359375
3234,11112.6123046875
3235,5778.4736328125
3236,10050.625
3237,9616.65234375
3238,6463.41943359375
3239,12511.197265625
3240,8428.369140625
3241,9165.8671875
3242,6348.37060546875
3243,7792.80859375
3244,8243.47265625
3245,0.0
3246,10724.578125
3247,6047.90966796875
3248,7738.43896484375
3249,6243.52490234375
3250,10127.8955078125
3251,6924.57568359375
3252,9779.8486328125
3253,9744.662109375
3254,10047.1533203125
3255,9208.35546875
3256,9555.150390625
3257,7890.36474609375
3258,11736.13671875
3259,13772.560546875
3260,10048.017578125
3261,3962.761474609375
3262,7962.4921875
3263,11319.9921875
3264,6076.58544921875
3265,15315.3271484375
3266,8354.2041015625
3267,12144.9609375
3268,14323.0908203125
3269,7754.82568359375
3270,6528.45703125
3271,14136.0849609375
3272,14022.9326171875
3273,7528.9033203125
3274,11976.6962890625
3275,12345.9033203125
3276,9227.326171875
3277,7447.291015625
3278,9265.1318359375
3279,7416.34716796875
3280,6017.73828125
3281,9558.095703125
3282,6849.50439453125
3283,8415.8544921875
3284,9073.9072265625
3285,9595.455078125
3286,12349.5908203125
3287,7839.9921875
3288,8647.9248046875
3289,6480.8271484375
3290,9919.3251953125
3291,9052.4462890625
3292,8502.5830078125
3293,11661.6572265625
3294,10252.146484375
3295,12188.6083984375
3296,8115.296875
3297,7099.310546875
3298,8786.4921875
3299,8957.138671875
3300,8169.490234375
3301,6731.1552734375
3302,6227.62841796875
3303,8434.833984375
3304,7730.25634765625
3305,9328.990234375
3306,10776.7470703125
3307,8316.767578125
3308,7326.1806640625
3309,6904.529296875
3310,4846.73193359375
3311,9725.2880859375
3312,8697.7333984375
3313,10077.19140625
3314,13141.79296875
3315,11306.5205078125
3316,6727.34033203125
3317,10016.5498046875
3318,5197.849609375
3319,3910.028076171875
3320,10905.6083984375
3321,13528.76171875
3322,9854.4921875
3323,10265.02734375
3324,6996.14306640625
3325,9446.22265625
3326,12478.9130859375
3327,8938.84765625
3328,9549.1337890625
3329,6682.7763671875
3330,6562.8271484375
3331,6751.2685546875
3332,7267.884765625
3333,7611.33154296875
3334,7782.728515625
3335,8968.9267578125
3336,5635.7900390625
3337,8691.1171875
3338,9746.4140625
3339,8965.8740234375
3340,8393.6123046875
3341,9088.01171875
3342,8427.7841796875
3343,8792.0888671875
3344,12108.8115234375
3345,9945.833984375
3346,8557.3935546875
3347,6194.611328125
3348,16832.056640625
3349,8418.0302734375
3350,8517.10546875
3351,13248.7421875
3352,9593.3818359375
3353,11198.2529296875
3354,7896.82421875
3355,8797.662109375
3356,12827.162109375
3357,18597.81640625
3358,7619.1513671875
3359,8324.826171875
3360,5707.84375
3361,8322.513671875
3362,8404.1162109375
3363,8840.634765625
3364,10177.6611328125
3365,7683.6796875
3366,5860.94873046875
3367,7894.3974609375
3368,11150.3427734375
3369,6623.20263671875
3370,10840.3603515625
3371,6400.056640625
3372,9192.4140625
3373,9838.1630859375
3374,9859.6435546875
3375,11736.275390625
3376,9578.5400390625
3377,7352.6171875
3378,7828.66552734375
3379,10218.4853515625
3380,11115.6025390625
3381,9736.5244140625
3382,11617.48046875
3383,8738.134765625
3384,6760.45849609375
3385,12446.771484375
3386,6161.05224609375
3387,12153.2060546875
3388,8581.076171875
3389,7445.009765625
3390,9708.3408203125
3391,7154.333984375
3392,9597.478515625
3393,11066.76171875
3394,5907.27587890625
3395,6582.419921875
3396,11217.029296875
3397,12167.7080078125
3398,12615.21484375
3399,7981.07861328125
3400,7550.1669921875
3401,10606.130859375
3402,8862.134765625
3403,7339.64208984375
3404,13029.71484375
3405,12931.2978515625
3406,15358.28125
3407,6724.3193359375
3408,7760.4873046875
3409,0.0
3410,13901.7265625
3411,8059.15380859375
3412,13948.9482421875
3413,8279.5751953125
3414,8046.35107421875
3415,9225.3671875
3416,10057.0234375
3417,7166.50390625
3418,9293.830078125
3419,7403.64599609375
3420,9615.775390625
3421,14068.5107421875
3422,8858.1103515625
3423,25402.26171875
3424,9762.578125
3425,0.0
3426,0.0
3427,0.0
3428,0.0
3429,0.0
3430,0.0
3431,0.0
3432,0.0
3433,0.0
3434,0.0
3435,0.0
3436,0.0
3437,0.0
3438,0.0
3439,0.0
3440,0.0
3441,0.0
3442,0.0
3443,0.0
3444,0.0
3445,0.0
3446,0.0
3447,0.0
3448,0.0
3449,0.0
3450,0.0
3451,0.0
3452,0.0
3453,0.0
3454,0.0
3455,0.0
3456,0.0
3457,0.0
3458,0.0
3459,0.0
3460,0.0
3461,0.0
3462,0.0
3463,0.0
3464,0.0
3465,0.0
3466,0.0
3467,0.0
3468,0.0
3469,0.0
3470,0.0
3471,0.0
3472,0.0
3473,0.0
3474,0.0
3475,0.0
3476,0.0
3477,0.0
3478,0.0
3479,0.0
3480,0.0
3481,0.0
3482,0.0
3483,0.0
3484,0.0
3485,0.0
3486,0.0
3487,0.0
3488,0.0
3489,0.0
3490,0.0
3491,0.0
3492,0.0
3493,0.0
3494,0.0
3495,0.0
3496,0.0
3497,0.0
3498,0.0
3499,0.0
3500,0.0
3501,0.0
3502,0.0
3503,0.0
3504,0.0
3505,0.0
3506,0.0
3507,0.0
3508,0.0
3509,0.0
3510,0.0
3511,0.0
3512,0.0
3513,0.0
3514,0.0
3515,0.0
3516,3915.7705078125
3517,0.0
3518,0.0
3519,0.0
3520,0.0
3521,0.0
3522,0.0
3523,0.0
3524,0.0
3525,0.0
3526,0.0
3527,0.0
3528,0.0
3529,0.0
3530,0.0
3531,0.0
3532,0.0
3533,0.0
3534,0.0
3535,0.0
3536,0.0
3537,0.0
3538,0.0
3539,0.0
3540,0.0
3541,0.0
3542,0.0
3543,0.0
3544,0.0
3545,0.0
3546,0.0
3547,0.0
3548,0.0
3549,0.0
3550,0.0
3551,0.0
3552,0.0
3553,0.0
3554,0.0
3555,0.0
3556,0.0
3557,0.0
3558,0.0
3559,0.0
3560,0.0
3561,0.0
3562,0.0
3563,0.0
3564,0.0
3565,0.0
3566,0.0
3567,0.0
3568,0.0
3569,0.0
3570,0.0
3571,0.0
3572,0.0
3573,0.0
3574,0.0
3575,0.0
3576,0.0
3577,0.0
3578,0.0
3579,0.0
3580,0.0
3581,0.0
3582,0.0
3583,0.0
3584,3161.46142578125
3585,0.0
3586,0.0
3587,0.0
3588,0.0
3589,0.0
3590,0.0
3591,0.0
3592,0.0
3593,0.0
3594,0.0
3595,0.0
3596,0.0
3597,0.0
3598,0.0
3599,0.0
3600,0.0
3601,0.0
3602,0.0
3603,0.0
3604,0.0
3605,0.0
3606,0.0
3607,0.0
3608,0.0
3609,0.0
3610,0.0
3611,0.0
3612,0.0
3613,0.0
3614,0.0
3615,0.0
3616,0.0
3617,0.0
3618,0.0
3619,0.0
3620,0.0
3621,0.0
3622,0.0
3623,0.0
3624,0.0
3625,18054.55859375
3626,31382.103515625
3627,0.0
3628,0.0
3629,0.0
3630,0.0
3631,0.0
3632,0.0
3633,0.0
3634,9069.0869140625
3635,0.0
3636,0.0
3637,0.0
3638,0.0
3639,0.0
3640,0.0
3641,0.0
3642,0.0
3643,0.0
3644,0.0
3645,0.0
3646,0.0
3647,0.0
3648,0.0
3649,0.0
3650,0.0
3651,0.0
3652,0.0
3653,5661.90478515625
3654,0.0
3655,0.0
3656,0.0
3657,0.0
3658,0.0
3659,0.0
3660,0.0
3661,0.0
3662,0.0
3663,3267.416015625
3664,0.0
3665,0.0
3666,0.0
3667,0.0
3668,0.0
3669,0.0
3670,0.0
3671,0.0
3672,0.0
3673,0.0
3674,0.0
3675,0.0
3676,0.0
3677,0.0
3678,0.0
3679,0.0
3680,0.0
3681,8952.408203125
3682,0.0
3683,0.0
3684,0.0
3685,0.0
3686,0.0
3687,0.0
3688,0.0
3689,0.0
3690,0.0
3691,0.0
3692,0.0
3693,0.0
3694,0.0
3695,0.0
3696,0.0
3697,0.0
3698,9127.64453125
3699,0.0
3700,0.0
3701,0.0
3702,0.0
3703,0.0
3704,0.0
3705,0.0
3706,0.0
3707,0.0
3708,0.0
3709,0.0
3710,0.0
3711,0.0
3712,0.0
3713,0.0
3714,0.0
3715,0.0
3716,0.0
3717,0.0
3718,0.0
3719,0.0
3720,0.0
3721,0.0
3722,0.0
3723,0.0
3724,0.0
3725,0.0
3726,0.0
3727,0.0
3728,0.0
3729,0.0
3730,0.0
3731,0.0
3732,0.0
3733,0.0
3734,0.0
3735,0.0
3736,0.0
3737,0.0
3738,0.0
3739,0.0
3740,0.0
3741,0.0
3742,0.0
3743,0.0
3744,0.0
3745,0.0
3746,0.0
3747,0.0
3748,0.0
3749,0.0
3750,0.0
3751,0.0
3752,0.0
3753,0.0
3754,0.0
3755,0.0
3756,0.0
3757,0.0
3758,0.0
3759,0.0
3760,1618.7037353515625
3761,0.0
3762,0.0
3763,0.0
3764,0.0
3765,0.0
3766,0.0
3767,0.0
3768,0.0
3769,0.0
3770,0.0
3771,0.0
3772,0.0
3773,0.0
3774,3985.149169921875
3775,0.0
3776,0.0
3777,0.0
3778,0.0
3779,0.0
3780,0.0
3781,0.0
3782,0.0
3783,0.0
3784,0.0
3785,0.0
3786,0.0
3787,0.0
3788,0.0
3789,0.0
3790,0.0
3791,0.0
3792,0.0
3793,0.0
3794,0.0
3795,0.0
3796,0.0
3797,0.0
3798,0.0
3799,0.0
3800,0.0
3801,0.0
3802,0.0
3803,0.0
3804,0.0
3805,0.0
3806,0.0
3807,0.0
3808,0.0
3809,0.0
3810,0.0
3811,0.0
3812,0.0
3813,0.0
3814,0.0
3815,0.0
3816,0.0
3817,8403.15234375
3818,0.0
3819,0.0
3820,0.0
3821,0.0
3822,0.0
3823,0.0
3824,0.0
3825,0.0
3826,0.0
3827,2894.336181640625
3828,0.0
3829,0.0
3830,0.0
3831,5042.2734375
3832,0.0
3833,0.0
3834,0.0
3835,0.0
3836,0.0
3837,0.0
3838,0.0
3839,0.0
3840,0.0
3841,0.0
3842,0.0
3843,0.0
3844,0.0
3845,0.0
3846,0.0
3847,0.0
3848,0.0
3849,0.0
3850,0.0
3851,0.0
3852,0.0
3853,0.0
3854,0.0
3855,0.0
3856,0.0
3857,0.0
3858,21769.697265625
3859,0.0
3860,0.0
3861,0.0
3862,0.0
3863,0.0
3864,0.0
3865,0.0
3866,0.0
3867,0.0
3868,0.0
3869,0.0
3870,0.0
3871,0.0
3872,5254.84765625
3873,0.0
3874,0.0
3875,0.0
3876,0.0
3877,0.0
3878,0.0
3879,0.0
3880,0.0
3881,0.0
3882,0.0
3883,0.0
3884,0.0
3885,0.0
3886,0.0
3887,0.0
3888,0.0
3889,0.0
3890,0.0
3891,0.0
3892,0.0
3893,0.0
3894,0.0
3895,0.0
3896,0.0
3897,0.0
3898,0.0
3899,0.0
3900,0.0
3901,0.0
3902,0.0
3903,0.0
3904,0.0
3905,0.0
3906,0.0
3907,0.0
3908,0.0
3909,0.0
3910,0.0
3911,0.0
3912,0.0
3913,0.0
3914,0.0
3915,0.0
3916,0.0
3917,0.0
3918,0.0
3919,0.0
3920,0.0
3921,0.0
3922,0.0
3923,0.0
3924,0.0
3925,0.0
3926,0.0
3927,0.0
3928,0.0
3929,0.0
3930,-0.0
3931,0.0
3932,0.0
3933,0.0
3934,0.0
3935,0.0
3936,0.0
3937,0.0
3938,0.0
3939,0.0
3940,0.0
3941,0.0
3942,0.0
3943,0.0
3944,0.0
3945,0.0
3946,0.0
3947,14224.6611328125
3948,0.0
3949,0.0
3950,0.0
3951,0.0
3952,0.0
3953,0.0
3954,0.0
3955,0.0
3956,0.0
3957,0.0
3958,0.0
3959,0.0
3960,0.0
3961,0.0
3962,0.0
3963,0.0
3964,0.0
3965,0.0
3966,0.0
3967,0.0
3968,0.0
3969,0.0
3970,0.0
3971,0.0
3972,0.0
3973,0.0
3974,0.0
3975,0.0
3976,0.0
3977,0.0
3978,0.0
3979,0.0
3980,0.0
3981,0.0
3982,0.0
3983,0.0
3984,0.0
3985,0.0
3986,0.0
3987,0.0
3988,0.0
3989,0.0
3990,0.0
3991,3504.74560546875
3992,16283.2470703125
3993,0.0
3994,0.0
3995,0.0
3996,0.0
3997,0.0
3998,0.0
3999,0.0
4000,0.0
4001,0.0
4002,0.0
4003,0.0
4004,0.0
4005,0.0
4006,0.0
4007,0.0
4008,0.0
4009,0.0
4010,0.0
4011,0.0
4012,0.0
4013,0.0
4014,0.0
4015,0.0
4016,0.0
4017,0.0
4018,0.0
4019,0.0
4020,12432.4755859375
4021,0.0
4022,0.0
4023,0.0
4024,0.0
4025,0.0
4026,0.0
4027,0.0
4028,0.0
4029,0.0
4030,0.0
4031,0.0
4032,0.0
4033,0.0
4034,0.0
4035,0.0
4036,0.0
4037,0.0
4038,0.0
4039,0.0
4040,0.0
4041,0.0
4042,0.0
4043,0.0
4044,0.0
4045,0.0
4046,0.0
4047,0.0
4048,0.0
4049,0.0
4050,0.0
4051,0.0
4052,0.0
4053,0.0
4054,0.0
4055,0.0
4056,0.0
4057,0.0
4058,0.0
4059,0.0
4060,0.0
4061,0.0
4062,0.0
4063,0.0
4064,0.0
4065,0.0
4066,0.0
4067,0.0
4068,0.0
4069,0.0
4070,0.0
4071,0.0
4072,0.0
4073,0.0
4074,0.0
4075,0.0
4076,0.0
4077,0.0
4078,0.0
4079,0.0
4080,0.0
4081,0.0
4082,0.0
4083,0.0
4084,0.0
4085,0.0
4086,0.0
4087,0.0
4088,0.0
4089,0.0
4090,2639.104248046875
4091,0.0
4092,0.0
4093,0.0
4094,2660.519287109375
4095,0.0
4096,0.0
4097,0.0
4098,0.0
4099,0.0
4100,0.0
4101,0.0
4102,0.0
4103,0.0
4104,0.0
4105,0.0
4106,0.0
4107,0.0
4108,0.0
4109,0.0
4110,0.0
4111,0.0
4112,0.0
4113,0.0
4114,0.0
4115,0.0
4116,0.0
4117,0.0
4118,0.0
4119,0.0
4120,0.0
4121,0.0
4122,0.0
4123,0.0
4124,0.0
4125,0.0
4126,0.0
4127,0.0
4128,0.0
4129,0.0
4130,0.0
4131,0.0
4132,0.0
4133,0.0
4134,0.0
4135,0.0
4136,0.0
4137,0.0
4138,0.0
4139,0.0
4140,0.0
4141,0.0
4142,0.0
4143,0.0
4144,0.0
4145,2921.027099609375
4146,0.0
4147,0.0
4148,0.0
4149,0.0
4150,0.0
4151,0.0
4152,0.0
4153,0.0
4154,0.0
4155,0.0
4156,0.0
4157,0.0
4158,0.0
4159,0.0
4160,12454.326171875
4161,0.0
4162,0.0
4163,0.0
4164,0.0
4165,0.0
4166,0.0
4167,0.0
4168,0.0
4169,0.0
4170,0.0
4171,0.0
4172,0.0
4173,0.0
4174,0.0
4175,0.0
4176,0.0
4177,0.0
4178,0.0
4179,0.0
4180,0.0
4181,0.0
4182,0.0
4183,0.0
4184,0.0
4185,0.0
4186,0.0
4187,0.0
4188,0.0
4189,0.0
4190,0.0
4191,0.0
4192,0.0
4193,0.0
4194,0.0
4195,0.0
4196,0.0
4197,0.0
4198,0.0
4199,0.0
4200,0.0
4201,0.0
4202,0.0
4203,0.0
4204,0.0
4205,0.0
4206,0.0
4207,0.0
4208,0.0
4209,0.0
4210,0.0
4211,0.0
4212,0.0
4213,0.0
4214,0.0
4215,0.0
4216,0.0
4217,0.0
4218,0.0
4219,0.0
4220,0.0
4221,0.0
4222,0.0
4223,0.0
4224,4351.345703125
4225,0.0
4226,0.0
4227,0.0
4228,0.0
4229,0.0
4230,0.0
4231,0.0
4232,0.0
4233,0.0
4234,0.0
4235,0.0
4236,0.0
4237,0.0
4238,0.0
4239,0.0
4240,0.0
4241,0.0
4242,0.0
4243,0.0
4244,0.0
4245,0.0
4246,0.0
4247,0.0
4248,0.0
4249,0.0
4250,0.0
4251,0.0
4252,0.0
4253,0.0
4254,0.0
4255,0.0
4256,0.0
4257,0.0
4258,0.0
4259,0.0
4260,0.0
4261,0.0
4262,0.0
4263,0.0
4264,0.0
4265,13399.2919921875
4266,5969.46533203125
4267,0.0
4268,0.0
4269,0.0
4270,0.0
4271,0.0
4272,0.0
4273,0.0
4274,0.0
4275,0.0
4276,0.0
4277,0.0
4278,0.0
4279,0.0
4280,0.0
4281,3833.146728515625
4282,3192.4150390625
4283,5926.93896484375
4284,3397.337646484375
4285,5729.98828125
4286,4542.61962890625
4287,5255.9541015625
4288,6001.72998046875
4289,4352.58642578125
4290,2994.726318359375
4291,5820.640625
4292,5158.52734375
4293,4440.794921875
4294,6615.38232421875
4295,6262.71875
4296,3319.533447265625
4297,4962.162109375
4298,7189.724609375
4299,8133.189453125
4300,5403.7314453125
4301,7433.41259765625
4302,2990.783203125
4303,6108.4189453125
4304,2142.074951171875
4305,8055.7216796875
4306,7878.83935546875
4307,7902.51611328125
4308,6174.77978515625
4309,2937.0859375
4310,4528.9013671875
4311,5743.38720703125
4312,7858.97705078125
4313,3641.46630859375
4314,5495.6240234375
4315,4746.53076171875
4316,5779.48876953125
4317,2131.896240234375
4318,6836.150390625
4319,5542.07763671875
4320,7371.16259765625
4321,6659.6826171875
4322,4139.599609375
4323,8717.359375
4324,6171.15576171875
4325,5967.119140625
4326,3681.721923828125
4327,7119.27001953125
4328,10707.8310546875
4329,5717.26025390625
4330,5524.12744140625
4331,7876.00048828125
4332,7627.35400390625
4333,6210.2607421875
4334,4904.015625
4335,1650.0450439453125
4336,2475.4609375
4337,4586.041015625
4338,6148.580078125
4339,9005.109375
4340,7481.70556640625
4341,4174.71337890625
4342,8533.58203125
4343,6748.931640625
4344,5619.06689453125
4345,2802.70654296875
4346,9944.369140625
4347,2656.328125
4348,4811.2021484375
4349,6669.55615234375
4350,3967.50244140625
4351,5431.14013671875
4352,2971.02001953125
4353,6016.8857421875
4354,4773.7255859375
4355,5508.06298828125
4356,8237.64453125
4357,7405.384765625
4358,4489.49951171875
4359,4198.02734375
4360,7337.55859375
4361,11960.3115234375
4362,5637.041015625
4363,3051.837158203125
4364,6742.32568359375
4365,5725.966796875
4366,6519.50634765625
4367,9879.1884765625
4368,2737.795654296875
4369,7648.021484375
4370,5547.28515625
4371,5467.99658203125
4372,6762.9560546875
4373,2204.535888671875
4374,5545.08056640625
4375,5055.7802734375
4376,8125.10693359375
4377,7233.68603515625
4378,3805.14453125
4379,4312.44580078125
4380,7363.3486328125
4381,6858.28271484375
4382,4912.97705078125
4383,4419.21533203125
4384,4221.17333984375
4385,6230.28662109375
4386,4668.73779296875
4387,3028.77880859375
4388,5283.30517578125
4389,6255.13330078125
4390,6966.2333984375
4391,7438.328125
4392,8333.13671875
4393,3973.570556640625
4394,6652.03271484375
4395,3034.415283203125
4396,3459.86279296875
4397,7989.4375
4398,6242.45751953125
4399,7110.27001953125
4400,9606.939453125
4401,7390.00146484375
4402,5060.92919921875
4403,5912.3076171875
4404,7513.98779296875
4405,3664.5166015625
4406,2586.75439453125
4407,6250.52880859375
4408,4570.92041015625
4409,5271.16552734375
4410,2872.007568359375
4411,5536.1767578125
4412,5947.212890625
4413,5923.0048828125
4414,6332.42431640625
4415,2760.6875
4416,5966.73681640625
4417,7290.11279296875
4418,3741.789306640625
4419,5961.6123046875
4420,3412.435302734375
4421,5601.5380859375
4422,3450.4990234375
4423,4232.1005859375
4424,5155.77587890625
4425,7675.6962890625
4426,5595.2490234375
4427,6259.42431640625
4428,12813.830078125
4429,4116.341796875
4430,4986.0390625
4431,10106.880859375
4432,5706.2861328125
4433,8414.5595703125
4434,5681.63916015625
4435,4941.84912109375
4436,6786.23876953125
4437,4436.904296875
4438,4725.2314453125
4439,8087.09423828125
4440,4833.455078125
4441,3929.040771484375
4442,3274.82421875
4443,7167.6171875
4444,7700.64697265625
4445,6343.845703125
4446,6001.2392578125
4447,4610.0517578125
4448,2338.051025390625
4449,1849.54443359375
4450,3443.944091796875
4451,5474.97216796875
4452,7248.8994140625
4453,5421.98974609375
4454,7875.43408203125
4455,8282.0205078125
4456,7738.0517578125
4457,6991.65478515625
4458,5409.93115234375
4459,8738.048828125
4460,8874.4189453125
4461,3400.650634765625
4462,4946.95556640625
4463,5199.779296875
4464,6583.96533203125
4465,4068.173828125
4466,4982.908203125
4467,3627.580322265625
4468,8946.708984375
4469,5928.84912109375
4470,7074.90625
4471,6739.7421875
4472,4338.3896484375
4473,9393.560546875
4474,17277.5546875
4475,7795.900390625
4476,3760.119140625
4477,3642.78125
4478,6389.11279296875
4479,6386.68017578125
4480,4258.9970703125
4481,9745.8564453125
4482,18097.720703125
4483,5873.7197265625
4484,3084.92578125
4485,10269.294921875
4486,3632.85693359375
4487,5950.359375
4488,3573.9150390625
4489,6295.12548828125
4490,0.0
4491,6893.02197265625
4492,5672.45849609375
4493,5822.96923828125
4494,8562.111328125
4495,6127.65478515625
4496,6122.22119140625
4497,6649.75439453125
4498,5689.1767578125
4499,6673.14892578125
4500,10196.357421875
4501,5260.4638671875
4502,5687.27490234375
4503,4180.96435546875
4504,3124.916015625
4505,5551.453125
4506,4754.41162109375
4507,4934.55419921875
4508,8298.9462890625
4509,8629.255859375
4510,7360.603515625
4511,4749.30908203125
4512,4487.177734375
4513,3833.2900390625
4514,4940.228515625
4515,6868.9521484375
4516,2726.382568359375
4517,5394.580078125
4518,5361.32421875
4519,6649.37841796875
4520,5984.11669921875
4521,4791.26123046875
4522,3448.939697265625
4523,2834.162109375
4524,8490.103515625
4525,5990.58642578125
4526,5516.041015625
4527,11143.42578125
4528,7860.791015625
4529,4010.987060546875
4530,6215.19873046875
4531,2484.784912109375
4532,3793.723876953125
4533,3944.142822265625
4534,4019.779296875
4535,8989.220703125
4536,5092.25732421875
4537,9133.48046875
4538,9593.2880859375
4539,6092.98828125
4540,5828.18701171875
4541,5512.58935546875
4542,5112.1435546875
4543,5220.74658203125
4544,10765.51953125
4545,5551.81494140625
4546,7360.1240234375
4547,3501.33447265625
4548,5752.7861328125
4549,7008.88330078125
4550,7543.86865234375
4551,7243.95556640625
4552,5738.2236328125
4553,6893.5439453125
4554,5535.9228515625
4555,8513.46875
4556,6956.921875
4557,7815.890625
4558,7775.6806640625
4559,6808.232421875
4560,8781.119140625
4561,3187.026611328125
4562,5906.80859375
4563,5148.98291015625
4564,8690.12890625
4565,6755.7265625
4566,7587.9365234375
4567,6890.8740234375
4568,6928.041015625
4569,5689.525390625
4570,7132.73681640625
4571,6314.19384765625
4572,3354.990966796875
4573,9941.423828125
4574,16731.57421875
4575,6998.2060546875
4576,6720.05712890625
4577,7221.7041015625
4578,8038.5048828125
4579,8046.6689453125
4580,3571.07958984375
4581,4588.87548828125
4582,5986.951171875
4583,8555.9619140625
4584,2745.207763671875
4585,4625.9150390625
4586,5170.8447265625
4587,4911.6142578125
4588,4335.51416015625
4589,3465.654541015625
4590,3038.406005859375
4591,7992.52294921875
4592,4170.6298828125
4593,5198.58349609375
4594,5793.736328125
4595,5548.8056640625
4596,9328.6171875
4597,11652.2529296875
4598,6052.234375
4599,8376.515625
4600,6237.39013671875
4601,8895.3701171875
4602,4343.7265625
4603,2538.189697265625
4604,5683.822265625
4605,13029.662109375
4606,4069.012939453125
4607,6480.25927734375
4608,2214.25634765625
4609,3449.933349609375
4610,6492.17431640625
4611,6474.02734375
4612,5159.16845703125
4613,9164.4775390625
4614,8981.0009765625
4615,6758.84375
4616,4002.946533203125
4617,8080.0166015625
4618,1926.1234130859375
4619,3259.420654296875
4620,6798.8916015625
4621,5050.12646484375
4622,10420.181640625
4623,1801.384033203125
4624,4889.62841796875
4625,5389.7958984375
4626,7607.48974609375
4627,8285.404296875
4628,3838.590087890625
4629,3248.922119140625
4630,7880.607421875
4631,9709.7255859375
4632,4210.71826171875
4633,5554.98193359375
4634,9187.8818359375
4635,7033.72021484375
4636,5696.28271484375
4637,3707.730712890625
4638,8191.97802734375
4639,4263.97607421875
4640,12584.6767578125
4641,8453.0703125
4642,15940.9013671875
4643,7067.15771484375
4644,4484.658203125
4645,2281.525634765625
4646,5457.0908203125
4647,6161.97900390625
4648,5395.837890625
4649,8595.0849609375
4650,5849.3466796875
4651,2538.48291015625
4652,6603.361328125
4653,4931.55419921875
4654,7900.37939453125
4655,7390.16259765625
4656,6606.18115234375
4657,8255.189453125
4658,5062.42822265625
4659,6978.130859375
4660,6199.1103515625
4661,5185.30615234375
4662,7100.46337890625
4663,3528.748291015625
4664,8707.318359375
4665,6414.52783203125
4666,3330.5595703125
4667,3959.829833984375
4668,7437.76806640625
4669,5897.681640625
4670,4684.04931640625
4671,5096.5947265625
4672,5250.822265625
4673,5337.6474609375
4674,5101.71337890625
4675,9166.5556640625
4676,4212.3994140625
4677,3654.67138671875
4678,4996.41650390625
4679,5542.8671875
4680,3481.8251953125
4681,5402.69091796875
4682,7757.3505859375
4683,7469.7841796875
4684,9800.9150390625
4685,8456.1376953125
4686,8197.9267578125
4687,6057.3291015625
4688,4258.69970703125
4689,10018.4541015625
4690,8054.35693359375
4691,7184.55517578125
4692,5037.15478515625
4693,5439.44970703125
4694,4369.2783203125
4695,3067.1845703125
4696,8377.0205078125
4697,6694.8857421875
4698,5661.26220703125
4699,4373.5751953125
4700,1427.7216796875
4701,7068.0537109375
4702,6001.8388671875
4703,5730.6865234375
4704,4079.98779296875
4705,5652.42236328125
4706,4997.7138671875
4707,4664.705078125
4708,9087.0087890625
4709,5137.07861328125
4710,5571.154296875
4711,3265.666748046875
4712,4278.55126953125
4713,4903.05810546875
4714,12890.67578125
4715,3378.873779296875
4716,5806.3896484375
4717,4465.42822265625
4718,3451.967529296875
4719,2914.44677734375
4720,5751.46240234375
4721,2943.459228515625
4722,10535.5517578125
4723,6569.97216796875
4724,2477.005126953125
4725,8359.560546875
4726,1752.825439453125
4727,3972.336669921875
4728,7750.783203125
4729,7262.6044921875
4730,8268.9638671875
4731,2980.072998046875
4732,4493.0556640625
4733,4719.87939453125
4734,3678.9482421875
4735,13560.935546875
4736,11722.509765625
4737,5589.46923828125
4738,2809.18896484375
4739,5795.990234375
4740,4389.3505859375
4741,2734.9931640625
4742,7751.8369140625
4743,4469.54296875
4744,6242.7880859375
4745,6718.77294921875
4746,4943.6533203125
4747,5284.67529296875
4748,5893.751953125
4749,6313.89501953125
4750,7007.51611328125
4751,3096.621826171875
4752,5320.6650390625
4753,6793.09765625
4754,8145.82177734375
4755,5442.39501953125
4756,7831.21484375
4757,2027.39208984375
4758,9112.2685546875
4759,4703.34716796875
4760,3183.892578125
4761,3655.2265625
4762,4434.41748046875
4763,4580.14208984375
4764,7741.1025390625
4765,3916.557861328125
4766,6094.052734375
4767,5247.31396484375
4768,7800.07080078125
4769,8464.7080078125
4770,5721.7265625
4771,7934.03173828125
4772,5844.994140625
4773,2774.64501953125
4774,10769.416015625
4775,3697.76171875
4776,3394.543701171875
4777,6272.15185546875
4778,9767.62109375
4779,9967.7724609375
4780,4030.0751953125
4781,4526.24609375
4782,5995.06298828125
4783,6684.1064453125
4784,5009.916015625
4785,7275.87158203125
4786,2881.833984375
4787,3758.723388671875
4788,4105.771484375
4789,4266.79931640625
4790,3066.7333984375
4791,7040.96484375
4792,6473.73193359375
4793,5871.41650390625
4794,6060.95654296875
4795,7718.173828125
4796,8072.82470703125
4797,5337.02294921875
4798,5078.99658203125
4799,5683.6181640625
4800,7427.30615234375
4801,4847.95849609375
4802,2441.835205078125
4803,6891.69970703125
4804,6976.19189453125
4805,5754.40185546875
4806,5745.02294921875
4807,3310.34228515625
4808,8198.005859375
4809,2623.737548828125
4810,9064.884765625
4811,5045.47509765625
4812,4444.4013671875
4813,7969.412109375
4814,3592.33203125
4815,4502.75146484375
4816,7958.4150390625
4817,2607.3828125
4818,7060.16650390625
4819,9406.8779296875
4820,5626.541015625
4821,2597.881591796875
4822,5790.47998046875
4823,3600.742431640625
4824,2136.0849609375
4825,4652.60546875
4826,5486.59228515625
4827,4689.4423828125
4828,4888.77099609375
4829,5241.86376953125
4830,4465.40283203125
4831,8179.17236328125
4832,5338.35400390625
4833,6105.68115234375
4834,3833.211669921875
4835,5526.41552734375
4836,5571.2021484375
4837,6233.6865234375
4838,8480.390625
4839,7285.79736328125
4840,8297.640625
4841,5770.1083984375
4842,5294.00927734375
4843,3659.1806640625
4844,5611.44091796875
4845,7052.6884765625
4846,6103.90087890625
4847,6287.76318359375
4848,14508.32421875
4849,3331.165771484375
4850,5051.1181640625
4851,3114.595703125
4852,8057.14794921875
4853,10957.970703125
4854,7894.58447265625
4855,7516.81201171875
4856,7599.943359375
4857,7107.42138671875
4858,6853.13525390625
4859,5468.603515625
4860,3271.974365234375
4861,4539.94287109375
4862,3317.7705078125
4863,3036.8017578125
4864,6764.494140625
4865,17579.240234375
4866,5790.96337890625
4867,3904.934814453125
4868,4359.81787109375
4869,4396.51806640625
4870,5753.67724609375
4871,1397.247802734375
4872,6644.505859375
4873,6961.67529296875
4874,3595.4697265625
4875,10186.8193359375
4876,11349.955078125
4877,5952.228515625
4878,4172.5126953125
4879,3926.732421875
4880,3932.8154296875
4881,5618.6845703125
4882,8466.3896484375
4883,3368.216796875
4884,5505.552734375
4885,2573.1669921875
4886,5660.43603515625
4887,4435.8564453125
4888,8315.3779296875
4889,3345.42431640625
4890,9200.4091796875
4891,6542.509765625
4892,5278.33837890625
4893,4131.16552734375
4894,3737.13134765625
4895,4827.54443359375
4896,3965.016357421875
4897,9341.1494140625
4898,4769.46533203125
4899,3848.574462890625
4900,6247.029296875
4901,4932.87744140625
4902,5711.0380859375
4903,3994.563232421875
4904,5886.1943359375
4905,8996.6572265625
4906,6327.80419921875
4907,5932.119140625
4908,5485.4580078125
4909,5053.240234375
4910,5315.5634765625
4911,3445.234130859375
4912,5048.8515625
4913,6227.1123046875
4914,11493.9150390625
4915,7167.466796875
4916,5351.498046875
4917,5484.783203125
4918,5548.2509765625
4919,6388.1044921875
4920,5724.373046875
4921,8270.5732421875
4922,6960.66796875
4923,5607.177734375
4924,3356.430908203125
4925,3975.43115234375
4926,4289.83251953125
4927,20505.02734375
4928,2323.77587890625
4929,5401.72509765625
4930,6169.37451171875
4931,6409.47265625
4932,5936.5400390625
4933,8690.65234375
4934,5849.419921875
4935,6797.01904296875
4936,3764.071044921875
4937,7879.546875
4938,4132.73876953125
4939,6954.341796875
4940,8392.716796875
4941,4308.9052734375
4942,7868.64306640625
4943,7124.18408203125
4944,3287.984619140625
4945,5690.20458984375
4946,6813.0029296875
4947,2779.5244140625
4948,8758.3515625
4949,6611.37158203125
4950,5335.0615234375
4951,9075.3310546875
4952,8479.083984375
4953,5372.3330078125
4954,4621.595703125
4955,3936.927490234375
4956,5455.5068359375
4957,0.0
4958,6252.85498046875
4959,2669.139892578125
4960,5283.5361328125
4961,2752.17578125
4962,6014.494140625
4963,5269.34912109375
4964,4392.181640625
4965,5953.640625
4966,7861.68310546875
4967,5372.1318359375
4968,6907.958984375
4969,5383.041015625
4970,6103.26953125
4971,9651.3330078125
4972,7988.4423828125
4973,4327.45947265625
4974,4887.56005859375
4975,5693.064453125
4976,3443.708740234375
4977,12454.423828125
4978,6239.92724609375
4979,6518.9580078125
4980,8835.6279296875
4981,6426.20654296875
4982,2202.204345703125
4983,12816.263671875
4984,7989.892578125
4985,6712.60546875
4986,7285.06982421875
4987,6768.94873046875
4988,8259.076171875
4989,5964.544921875
4990,4570.990234375
4991,2862.140625
4992,4825.72802734375
4993,6856.974609375
4994,2574.558837890625
4995,7975.6572265625
4996,6077.158203125
4997,4573.92724609375
4998,7046.083984375
4999,5021.5263671875
5000,6676.78076171875
5001,4485.54638671875
5002,5377.96630859375
5003,4754.49951171875
5004,3652.3271484375
5005,6293.662109375
5006,6863.6572265625
5007,7089.1865234375
5008,5679.20947265625
5009,3937.046142578125
5010,6339.125
5011,6873.6630859375
5012,7269.41845703125
5013,3266.161376953125
5014,2818.985595703125
5015,7908.31640625
5016,6455.77734375
5017,4176.45361328125
5018,7456.7060546875
5019,6632.18505859375
5020,4878.328125
5021,5025.67529296875
5022,1300.9466552734375
5023,6662.6923828125
5024,5871.72998046875
5025,5148.173828125
5026,8490.8671875
5027,6567.8095703125
5028,3688.196044921875
5029,5109.07177734375
5030,3629.2841796875
5031,1199.2847900390625
5032,5671.33056640625
5033,6995.25439453125
5034,5569.03759765625
5035,4224.12353515625
5036,2801.681640625
5037,4095.939208984375
5038,5910.21728515625
5039,5795.0029296875
5040,8458.564453125
5041,3045.38134765625
5042,4050.985107421875
5043,2972.336181640625
5044,6454.05615234375
5045,2852.641357421875
5046,2740.10888671875
5047,5045.70654296875
5048,3455.665771484375
5049,6437.251953125
5050,4159.4365234375
5051,5437.517578125
5052,5166.50048828125
5053,7356.79931640625
5054,4816.265625
5055,3528.57421875
5056,9627.3916015625
5057,6386.97314453125
5058,6693.251953125
5059,2570.707275390625
5060,4807.3369140625
5061,5343.26513671875
5062,3816.850341796875
5063,8069.06005859375
5064,7918.18896484375
5065,6308.22607421875
5066,6024.01220703125
5067,5239.2060546875
5068,6566.41162109375
5069,10723.0361328125
5070,2832.057373046875
5071,4462.4462890625
5072,4875.646484375
5073,5082.2421875
5074,5528.23828125
5075,6822.09521484375
5076,5045.453125
5077,5827.70947265625
5078,2457.943359375
5079,6553.75830078125
5080,7293.5029296875
5081,3020.02099609375
5082,6620.53564453125
5083,3494.001220703125
5084,5196.72119140625
5085,5534.20361328125
5086,5141.12353515625
5087,5276.95703125
5088,3781.674072265625
5089,5315.62451171875
5090,6780.98779296875
5091,4622.53173828125
5092,8326.419921875
5093,5679.06103515625
5094,8758.7451171875
5095,5425.072265625
5096,3601.748779296875
5097,8234.400390625
5098,2630.4912109375
5099,8613.0546875
5100,6409.6240234375
5101,5223.00390625
5102,6991.994140625
5103,4025.866943359375
5104,4625.03271484375
5105,7200.45849609375
5106,3467.78662109375
5107,2842.865966796875
5108,5742.2666015625
5109,6124.1630859375
5110,9590.2451171875
5111,6475.47900390625
5112,5948.08154296875
5113,4100.05615234375
5114,6121.54736328125
5115,2457.829345703125
5116,8741.939453125
5117,7041.8525390625
5118,10195.3525390625
5119,5916.88671875
5120,4564.796875
5121,9139.6552734375
5122,7262.0458984375
5123,2913.768310546875
5124,7670.8720703125
5125,6122.5
5126,6730.8720703125
5127,5913.43505859375
5128,4705.70458984375
5129,3405.940185546875
5130,5787.98193359375
5131,3565.31201171875
5132,2926.531982421875
5133,7371.83251953125
5134,5085.5107421875
5135,22427.439453125
5136,7451.7392578125
5137,2975.771240234375
5138,6160.2880859375
5139,8456.7060546875
5140,5350.6875
5141,5738.853515625
5142,5043.11767578125
5143,6522.08740234375
5144,6721.5791015625
5145,3204.945068359375
5146,4594.2265625
5147,6614.341796875
5148,6880.26806640625
5149,5958.30810546875
5150,9157.83203125
5151,4763.92138671875
5152,4380.50341796875
5153,6882.5087890625
5154,8686.6142578125
5155,8938.2919921875
5156,6201.53369140625
5157,6442.990234375
5158,4844.4599609375
5159,5722.9208984375
5160,3257.8935546875
5161,7361.5126953125
5162,9321.9619140625
5163,7869.740234375
5164,4792.2666015625
5165,4359.3505859375
5166,3878.953125
5167,6379.39111328125
5168,8608.6826171875
5169,5413.87548828125
5170,4223.126953125
5171,3967.9609375
5172,6400.388671875
5173,3139.03662109375
5174,5681.1689453125
5175,4181.20849609375
5176,6586.98779296875
5177,5491.91943359375
5178,4708.4443359375
5179,6844.947265625
5180,5581.26416015625
5181,5392.29833984375
5182,5682.22998046875
5183,6483.8642578125
5184,9802.6982421875
5185,4839.7802734375
5186,5851.0849609375
5187,6474.19873046875
5188,8156.20751953125
5189,6077.29248046875
5190,7944.3564453125
5191,3176.754638671875
5192,3488.177734375
5193,4614.10009765625
5194,6096.87060546875
5195,9376.7265625
5196,7013.8671875
5197,4179.9892578125
5198,6709.50537109375
5199,7762.748046875
5200,7922.31298828125
5201,3265.84326171875
5202,10830.1611328125
5203,3456.96728515625
5204,7091.99609375
5205,6850.759765625
5206,3613.337158203125
5207,4571.29833984375
5208,5522.9541015625
5209,6249.1318359375
5210,5423.87841796875
5211,6370.89990234375
5212,6930.771484375
5213,6520.669921875
5214,4174.28173828125
5215,4734.47216796875
5216,6331.0517578125
5217,10500.255859375
5218,5760.5595703125
5219,3820.1279296875
5220,6381.7041015625
5221,6066.33154296875
5222,7023.2412109375
5223,7752.01025390625
5224,3482.090087890625
5225,6490.24560546875
5226,5733.48388671875
5227,5479.72802734375
5228,6851.02197265625
5229,3888.9287109375
5230,5007.1630859375
5231,4153.041015625
5232,7422.9423828125
5233,7474.8125
5234,3857.3427734375
5235,3665.710693359375
5236,5987.5341796875
5237,5620.51220703125
5238,4893.576171875
5239,6642.28466796875
5240,5766.58935546875
5241,6869.15087890625
5242,4458.99951171875
5243,4206.2958984375
5244,5135.31787109375
5245,8005.54736328125
5246,7293.658203125
5247,7645.810546875
5248,7322.1201171875
5249,4252.1396484375
5250,7933.53076171875
5251,4104.0224609375
5252,5280.07763671875
5253,7813.2578125
5254,5341.79052734375
5255,8470.15625
5256,7819.3046875
5257,6434.4404296875
5258,4945.13232421875
5259,6849.2353515625
5260,6959.83154296875
5261,4441.69482421875
5262,3106.45166015625
5263,6145.58544921875
5264,6002.078125
5265,4732.4775390625
5266,3499.53857421875
5267,6432.89208984375
5268,5335.447265625
5269,5336.0029296875
5270,5145.37451171875
5271,4202.19775390625
5272,5438.51611328125
5273,6130.3701171875
5274,5148.95849609375
5275,5160.48486328125
5276,4396.7197265625
5277,5541.10205078125
5278,3465.2939453125
5279,6321.9677734375
5280,4016.49658203125
5281,7330.9609375
5282,6701.70947265625
5283,5144.3740234375
5284,11507.3681640625
5285,3389.7900390625
5286,5106.1728515625
5287,8332.162109375
5288,5847.99462890625
5289,7599.0693359375
5290,6681.76611328125
5291,4308.0849609375
5292,6213.2724609375
5293,5580.03466796875
5294,6368.63330078125
5295,8989.41796875
5296,5341.3154296875
5297,2919.7568359375
5298,4000.687255859375
5299,6792.95068359375
5300,6970.6025390625
5301,4498.2265625
5302,4883.21728515625
5303,4520.5888671875
5304,4813.8359375
5305,2781.4921875
5306,3871.2548828125
5307,5526.703125
5308,6590.32568359375
5309,5826.09326171875
5310,10863.896484375
5311,8013.53271484375
5312,7462.58056640625
5313,6809.76708984375
5314,5397.60009765625
5315,8798.390625
5316,8165.58544921875
5317,4430.5107421875
5318,5732.625
5319,4417.7109375
5320,6100.7763671875
5321,3634.117919921875
5322,5477.2509765625
5323,3419.525634765625
5324,8159.0205078125
5325,6315.50244140625
5326,6346.55810546875
5327,7093.29541015625
5328,4810.95703125
5329,7893.88525390625
5330,15996.966796875
5331,8344.6796875
5332,3884.262451171875
5333,2610.509521484375
5334,6123.974609375
5335,5944.76611328125
5336,6150.61181640625
5337,12231.06640625
5338,19218.92578125
5339,4712.23193359375
5340,4947.6689453125
5341,6687.00927734375
5342,4611.0556640625
5343,6353.72021484375
5344,5272.72998046875
5345,6273.48876953125
5346,0.0
5347,4993.640625
5348,6056.3330078125
5349,7215.5087890625
5350,7004.17333984375
5351,5854.18896484375
5352,5618.56787109375
5353,6532.8095703125
5354,4291.2998046875
5355,4700.7275390625
5356,9931.0419921875
5357,5246.52880859375
5358,5021.07421875
5359,6260.23486328125
5360,4668.6435546875
5361,5119.2353515625
5362,6230.90283203125
5363,5794.599609375
5364,8466.0107421875
5365,8319.1787109375
5366,6479.73046875
5367,5736.4765625
5368,3240.629150390625
5369,5654.64208984375
5370,5541.5791015625
5371,5464.5107421875
5372,4535.296875
5373,5570.01220703125
5374,5272.77099609375
5375,7058.6640625
5376,6080.24267578125
5377,4546.0146484375
5378,4614.8720703125
5379,4329.94775390625
5380,8037.93408203125
5381,4476.390625
5382,7484.02197265625
5383,11412.7177734375
5384,6961.47607421875
5385,4736.259765625
5386,5426.98876953125
5387,3943.156982421875
5388,6066.8779296875
5389,3317.940673828125
5390,4836.35400390625
5391,8459.5439453125
5392,7404.6962890625
5393,12432.8623046875
5394,10248.3408203125
5395,5185.1640625
5396,5583.05615234375
5397,5402.14794921875
5398,6102.82470703125
5399,4844.798828125
5400,10287.5
5401,5935.2294921875
5402,7398.22119140625
5403,4683.11865234375
5404,6926.2890625
5405,6602.59326171875
5406,7914.20654296875
5407,5855.806640625
5408,5531.9150390625
5409,6256.94189453125
5410,6369.0244140625
5411,7255.56396484375
5412,8853.818359375
5413,7329.779296875
5414,8295.44140625
5415,6015.44921875
5416,7891.1982421875
5417,4376.97412109375
5418,4295.94775390625
5419,4357.2958984375
5420,7840.00048828125
5421,5513.75927734375
5422,6963.248046875
5423,5855.255859375
5424,6792.92724609375
5425,6076.14404296875
5426,7100.1484375
5427,5560.83544921875
5428,3481.263671875
5429,10199.2119140625
5430,14991.23046875
5431,5401.44775390625
5432,6275.31494140625
5433,7507.546875
5434,8100.908203125
5435,8894.6005859375
5436,4949.666015625
5437,6061.92578125
5438,6543.86181640625
5439,7497.947265625
5440,3673.91455078125
5441,5218.6953125
5442,4794.365234375
5443,5159.60888671875
5444,6101.27587890625
5445,4705.130859375
5446,3179.49609375
5447,7136.0126953125
5448,4174.1220703125
5449,3537.26513671875
5450,4883.3955078125
5451,5671.13525390625
5452,8267.224609375
5453,8818.591796875
5454,7626.16845703125
5455,6584.91748046875
5456,5959.23193359375
5457,8794.5302734375
5458,5220.31396484375
5459,4424.09130859375
5460,4352.69873046875
5461,9056.40234375
5462,4138.60107421875
5463,6015.8271484375
5464,2797.63427734375
5465,3426.285888671875
5466,4668.27978515625
5467,6066.21484375
5468,5727.845703125
5469,8732.7314453125
5470,8358.095703125
5471,9300.73828125
5472,4838.63134765625
5473,9068.3779296875
5474,2466.13134765625
5475,4663.88037109375
5476,5885.91162109375
5477,3113.97216796875
5478,7461.7763671875
5479,3955.21875
5480,5010.7763671875
5481,7879.8359375
5482,7963.974609375
5483,5942.78466796875
5484,4601.6494140625
5485,4611.5888671875
5486,7353.42578125
5487,9118.396484375
5488,4310.60595703125
5489,5126.6591796875
5490,5892.7880859375
5491,8531.916015625
5492,5395.8271484375
5493,4411.15625
5494,7384.2802734375
5495,7219.41357421875
5496,11166.4609375
5497,5794.8134765625
5498,11904.1650390625
5499,5632.3408203125
5500,4755.54931640625
5501,2217.81884765625
5502,4592.0830078125
5503,6008.4462890625
5504,5157.44775390625
5505,7099.54248046875
5506,4654.77392578125
5507,3498.153076171875
5508,6397.89306640625
5509,5255.837890625
5510,6464.5908203125
5511,6515.44921875
5512,6306.5205078125
5513,7226.06201171875
5514,4133.2568359375
5515,8214.3349609375
5516,5775.8515625
5517,4851.87548828125
5518,6211.04736328125
5519,4317.95947265625
5520,7818.2197265625
5521,5863.12548828125
5522,3530.563720703125
5523,4766.42919921875
5524,7592.56103515625
5525,6079.484375
5526,5761.5400390625
5527,7333.44091796875
5528,5178.85595703125
5529,6840.6689453125
5530,5274.75146484375
5531,9070.9912109375
5532,4595.0810546875
5533,5085.16796875
5534,4140.65625
5535,4180.6376953125
5536,4198.75732421875
5537,4579.94140625
5538,7576.6904296875
5539,7813.228515625
5540,9794.1845703125
5541,9401.2294921875
5542,7990.0693359375
5543,5600.6279296875
5544,4742.35693359375
5545,9446.28125
5546,9398.3076171875
5547,5891.931640625
5548,6920.13818359375
5549,7641.7607421875
5550,4715.35546875
5551,3934.510009765625
5552,8388.4091796875
5553,5679.71728515625
5554,5295.59521484375
5555,5283.8828125
5556,1919.4017333984375
5557,7965.80712890625
5558,6342.52978515625
5559,5646.83154296875
5560,5852.6865234375
5561,4306.34765625
5562,5835.86474609375
5563,5603.15869140625
5564,7059.3818359375
5565,5411.40478515625
5566,4586.0517578125
5567,2845.014404296875
5568,4040.711669921875
5569,6124.0556640625
5570,16404.85546875
5571,3826.6025390625
5572,5624.92822265625
5573,5435.3388671875
5574,4133.81982421875
5575,4031.48583984375
5576,4780.9775390625
5577,3637.59814453125
5578,7039.93212890625
5579,6089.986328125
5580,3218.6875
5581,7533.115234375
5582,3233.40966796875
5583,4512.19677734375
5584,6943.3154296875
5585,6390.05810546875
5586,9212.2294921875
5587,4690.5283203125
5588,5048.08642578125
5589,4111.6240234375
5590,4153.0556640625
5591,10941.232421875
5592,10557.3388671875
5593,6291.890625
5594,4242.13818359375
5595,4764.685546875
5596,6133.75732421875
5597,3873.732421875
5598,7521.3818359375
5599,4333.697265625
5600,4459.384765625
5601,7216.03564453125
5602,4138.64892578125
5603,5502.3056640625
5604,5419.78955078125
5605,6037.43017578125
5606,5988.0654296875
5607,3653.0537109375
5608,5312.3125
5609,5438.43896484375
5610,7286.10693359375
5611,7153.138671875
5612,6695.22900390625
5613,3169.56982421875
5614,7635.21435546875
5615,4493.66943359375
5616,4772.365234375
5617,6055.80126953125
5618,6207.8564453125
5619,5566.9326171875
5620,5716.26123046875
5621,5230.8251953125
5622,6144.2861328125
5623,5248.5263671875
5624,6312.2841796875
5625,6399.94677734375
5626,3270.274169921875
5627,8495.6533203125
5628,4882.947265625
5629,4184.65673828125
5630,9827.580078125
5631,5025.1640625
5632,3070.23876953125
5633,6483.8740234375
5634,12780.169921875
5635,8208.888671875
5636,4200.34912109375
5637,5435.638671875
5638,5236.8798828125
5639,6098.66357421875
5640,5560.23583984375
5641,5955.8232421875
5642,1908.18603515625
5643,4869.6396484375
5644,4406.59716796875
5645,4333.37060546875
5646,4301.4169921875
5647,5752.501953125
5648,5689.69140625
5649,5783.7158203125
5650,7112.06005859375
5651,5858.95703125
5652,7538.50439453125
5653,4999.8828125
5654,5708.50390625
5655,5910.50537109375
5656,8096.0361328125
5657,6879.81201171875
5658,3264.947998046875
5659,8652.6728515625
5660,6324.24462890625
5661,6012.13818359375
5662,4323.74609375
5663,3903.672607421875
5664,6929.53076171875
5665,4426.44873046875
5666,7571.03466796875
5667,5778.18017578125
5668,4324.24462890625
5669,6770.7158203125
5670,3766.236083984375
5671,4096.88818359375
5672,6924.12060546875
5673,4423.01904296875
5674,8219.8447265625
5675,9148.7490234375
5676,5820.80029296875
5677,4295.43115234375
5678,4281.6318359375
5679,3729.34814453125
5680,2538.985595703125
5681,6955.59033203125
5682,4804.53125
5683,8236.4931640625
5684,3616.1650390625
5685,4832.21533203125
5686,5089.45751953125
5687,7285.70654296875
5688,5860.41455078125
5689,4647.16796875
5690,3999.32275390625
5691,6409.37548828125
5692,4803.79736328125
5693,6062.31396484375
5694,7466.57763671875
5695,7186.0908203125
5696,6829.51416015625
5697,6452.3916015625
5698,5466.65771484375
5699,4825.560546875
5700,5033.56640625
5701,7443.5830078125
5702,6826.76220703125
5703,6663.10888671875
5704,15030.4169921875
5705,4346.47314453125
5706,4202.63720703125
5707,4110.41455078125
5708,7852.458984375
5709,8722.517578125
5710,6301.53857421875
5711,6841.62255859375
5712,7219.63427734375
5713,5138.64794921875
5714,5680.712890625
5715,4777.29541015625
5716,4853.33203125
5717,3743.752197265625
5718,3362.532958984375
5719,3719.35400390625
5720,6847.822265625
5721,15324.521484375
5722,6098.6318359375
5723,5510.50146484375
5724,5952.52734375
5725,3995.671630859375
5726,6064.9404296875
5727,3573.837158203125
5728,8085.513671875
5729,6051.7626953125
5730,5941.68505859375
5731,10876.958984375
5732,12766.4501953125
5733,5502.41943359375
5734,5541.73681640625
5735,3285.2978515625
5736,4741.23291015625
5737,6197.7958984375
5738,7720.2421875
5739,3660.49072265625
5740,5202.74267578125
5741,3419.25146484375
5742,5138.75048828125
5743,5733.19970703125
5744,5888.36572265625
5745,4476.47607421875
5746,7892.1982421875
5747,7166.06591796875
5748,6553.69677734375
5749,3503.671142578125
5750,3001.286865234375
5751,6757.80859375
5752,3909.3310546875
5753,8428.892578125
5754,4367.5966796875
5755,4153.26806640625
5756,5957.03515625
5757,4715.32373046875
5758,4489.5341796875
5759,5025.87109375
5760,4614.48583984375
5761,7438.9814453125
5762,7168.75244140625
5763,5096.3525390625
5764,5940.42529296875
5765,4932.37890625
5766,5151.22119140625
5767,4314.56201171875
5768,4709.64794921875
5769,6769.7353515625
5770,11046.732421875
5771,6091.63818359375
5772,4966.220703125
5773,6391.54736328125
5774,4973.00732421875
5775,8072.58642578125
5776,4312.85986328125
5777,9983.8759765625
5778,5196.20068359375
5779,4729.03857421875
5780,4717.109375
5781,4251.9208984375
5782,5830.6103515625
5783,18287.55078125
5784,3605.24658203125
5785,4663.44921875
5786,7334.65576171875
5787,4950.6572265625
5788,6159.50830078125
5789,7687.02392578125
5790,5342.9326171875
5791,5690.162109375
5792,3063.833984375
5793,8692.333984375
5794,4977.66357421875
5795,6714.33740234375
5796,6847.134765625
5797,5671.70556640625
5798,7308.75634765625
5799,7447.7529296875
5800,3162.039306640625
5801,8074.765625
5802,8591.1201171875
5803,3542.021240234375
5804,6680.9345703125
5805,6171.296875
5806,4654.15673828125
5807,8049.947265625
5808,6024.1103515625
5809,5679.95947265625
5810,4246.44677734375
5811,4677.5654296875
5812,5910.56005859375
5813,3769.453369140625
5814,7071.5302734375
5815,3155.462158203125
5816,5309.6279296875
5817,3729.681396484375
5818,5660.19287109375
5819,4675.84423828125
5820,6105.57958984375
5821,5672.2119140625
5822,7322.71044921875
5823,4825.57080078125
5824,5976.548828125
5825,5360.59326171875
5826,7376.2109375
5827,8900.818359375
5828,7655.09912109375
5829,2959.10888671875
5830,6025.8623046875
5831,6898.85546875
5832,3168.89892578125
5833,10758.6318359375
5834,5558.439453125
5835,6289.93603515625
5836,8920.5966796875
5837,5883.8828125
5838,2551.876953125
5839,12011.56640625
5840,9097.404296875
5841,5661.52392578125
5842,6148.60791015625
5843,8427.6513671875
5844,6419.18798828125
5845,5965.41015625
5846,6855.17919921875
5847,4043.24462890625
5848,4098.478515625
5849,6253.2177734375
5850,3981.479736328125
5851,5886.33935546875
5852,5624.7109375
5853,4861.71630859375
5854,6361.24169921875
5855,5670.84423828125
5856,5151.0283203125
5857,4522.15234375
5858,6896.65185546875
5859,6261.31201171875
5860,5665.7880859375
5861,6218.61572265625
5862,5705.17919921875
5863,7727.31005859375
5864,4921.5341796875
5865,4002.1845703125
5866,5441.5205078125
5867,6217.95361328125
5868,5524.2978515625
5869,4471.61083984375
5870,3535.427734375
5871,4874.4482421875
5872,7632.34619140625
5873,5295.28466796875
5874,6370.3203125
5875,6147.0556640625
5876,4011.078125
5877,4089.444091796875
5878,1803.984130859375
5879,5247.86181640625
5880,6007.2880859375
5881,5242.2373046875
5882,7250.86669921875
5883,6701.369140625
5884,4635.6982421875
5885,6300.68408203125
5886,2913.831787109375
5887,1574.61474609375
5888,6060.27978515625
5889,8385.4677734375
5890,6679.5712890625
5891,5646.45361328125
5892,2147.909423828125
5893,5125.228515625
5894,5735.92333984375
5895,4044.62939453125
5896,5678.595703125
5897,3615.66552734375
5898,4568.77783203125
5899,4506.34375
5900,5103.7265625
5901,4643.22509765625
5902,4089.784912109375
5903,4835.98828125
5904,3359.3046875
5905,6442.21875
5906,5812.912109375
5907,4799.94921875
5908,5531.12890625
5909,6352.85546875
5910,4656.20654296875
5911,5399.9052734375
5912,7746.41796875
5913,5599.97119140625
5914,6235.998046875
5915,3168.81591796875
5916,9672.0595703125
5917,4824.71484375
5918,4450.626953125
5919,7680.0146484375
5920,4440.33642578125
5921,5886.60595703125
5922,5373.73974609375
5923,5817.06787109375
5924,6868.06396484375
5925,10802.2421875
5926,3352.318115234375
5927,4040.062744140625
5928,4596.33251953125
5929,5191.26513671875
5930,5149.44189453125
5931,5686.896484375
5932,6681.76708984375
5933,4205.92822265625
5934,3602.20361328125
5935,4975.58447265625
5936,8102.4482421875
5937,4029.032470703125
5938,6288.55224609375
5939,3458.5869140625
5940,5820.0986328125
5941,5987.07080078125
5942,6223.02001953125
5943,6128.0537109375
5944,5135.392578125
5945,4497.47998046875
5946,5877.83251953125
5947,6473.97802734375
5948,6829.91259765625
5949,6650.05126953125
5950,7721.142578125
5951,5041.08154296875
5952,3973.16162109375
5953,8774.654296875
5954,4298.6875
5955,8623.6025390625
5956,6560.025390625
5957,4722.080078125
5958,5768.6611328125
5959,4585.6162109375
5960,6161.71435546875
5961,8345.6533203125
5962,4412.85986328125
5963,4112.193359375
5964,6183.876953125
5965,6697.98046875
5966,9936.982421875
5967,5513.88427734375
5968,4844.7236328125
5969,4442.0615234375
5970,5878.98388671875
5971,4590.4873046875
5972,8221.455078125
5973,7816.43359375
5974,10327.3837890625
5975,4090.084716796875
5976,4956.00634765625
5977,9932.1396484375
5978,7903.04248046875
5979,3660.850341796875
5980,7570.26416015625
5981,5586.2724609375
5982,5368.89208984375
5983,4221.33154296875
5984,4149.119140625
5985,5035.736328125
5986,4496.84912109375
5987,3698.152099609375
5988,4320.17626953125
5989,7026.5126953125
5990,6179.6962890625
5991,21277.974609375
5992,5828.77783203125
5993,3367.067626953125
5994,6642.873046875
5995,8250.287109375
5996,5605.9638671875
5997,5595.5087890625
5998,5212.24609375
5999,6295.8984375
6000,6456.4638671875
6001,3074.196533203125
6002,4518.31689453125
6003,5948.01123046875
6004,6547.3076171875
6005,5984.45068359375
6006,8067.39453125
6007,3935.166015625
6008,3734.548095703125
6009,6747.197265625
6010,8101.09619140625
6011,8965.19140625
6012,6375.1337890625
6013,6738.66552734375
6014,5165.8134765625
6015,5382.78076171875
6016,3241.67529296875
6017,7025.08447265625
6018,9344.28515625
6019,7807.8251953125
6020,4199.04052734375
6021,3965.86572265625
6022,4375.89453125
6023,5816.88916015625
6024,8484.1513671875
6025,5194.11962890625
6026,3510.47314453125
6027,3736.4345703125
6028,6614.578125
6029,3013.835693359375
6030,4985.17236328125
6031,4439.71044921875
6032,6133.1669921875
6033,5940.36376953125
6034,4757.3701171875
6035,6921.74853515625
6036,5549.4716796875
6037,5436.8359375
6038,5915.9697265625
6039,5474.43310546875
6040,9830.3125
6041,4738.40966796875
6042,6258.89306640625
6043,6475.18017578125
6044,7668.92333984375
6045,5686.455078125
6046,7282.52734375
6047,3334.06884765625
6048,3928.431884765625
6049,5196.193359375
6050,5411.5595703125
6051,8748.6298828125
6052,6279.97705078125
6053,4286.96142578125
6054,6350.306640625
6055,5622.62255859375
6056,8584.619140625
6057,3127.662353515625
6058,10381.2138671875
6059,3420.581298828125
6060,5524.5302734375
6061,6768.09130859375
6062,3715.108642578125
6063,4240.28271484375
6064,5419.83447265625
6065,6409.5498046875
6066,5585.54638671875
6067,4635.51513671875
6068,6809.546875
6069,6559.65869140625
6070,4756.86474609375
6071,4972.06982421875
6072,6103.1103515625
6073,10291.9365234375
6074,5486.99169921875
6075,3893.930419921875
6076,5971.7421875
6077,5860.3388671875
6078,5859.478515625
6079,7021.9365234375
6080,3541.106689453125
6081,6559.728515625
6082,5882.26904296875
6083,5212.76513671875
6084,6618.19873046875
6085,3675.29052734375
6086,6744.17919921875
6087,4030.18798828125
6088,7296.6982421875
6089,7021.25244140625
6090,3876.14501953125
6091,3741.5791015625
6092,5980.34375
6093,5408.80810546875
6094,4715.18310546875
6095,6236.724609375
6096,5481.7548828125
6097,6536.3388671875
6098,4308.8525390625
6099,3940.500732421875
6100,4862.7470703125
6101,8027.27587890625
6102,7052.48291015625
6103,7587.77197265625
6104,6846.6201171875
6105,4709.46875
6106,7473.53466796875
6107,4286.01318359375
6108,5219.0244140625
6109,7797.8779296875
6110,4871.8427734375
6111,8404.9423828125
6112,6838.75830078125
6113,6130.75244140625
6114,5036.40576171875
6115,6614.2001953125
6116,6509.4765625
6117,4437.61279296875
6118,3304.882568359375
6119,6655.201171875
6120,6119.80859375
6121,4719.07666015625
6122,3513.73681640625
6123,6566.208984375
6124,4677.083984375
6125,5507.53662109375
6126,5054.5791015625
6127,4420.13427734375
6128,5749.8017578125
6129,6275.68017578125
6130,5123.587890625
6131,4618.42431640625
6132,4152.787109375
6133,5149.69580078125
6134,3409.157958984375
6135,5324.43115234375
6136,3956.89404296875
6137,7450.83154296875
6138,6398.46875
6139,5179.79638671875
6140,9654.833984375
6141,3456.25927734375
6142,4661.310546875
6143,8443.572265625
6144,5177.8388671875
6145,7063.39013671875
6146,5919.1826171875
6147,4759.08349609375
6148,5256.322265625
6149,5308.2412109375
6150,7457.45263671875
6151,9142.3564453125
6152,5655.7490234375
6153,3176.104736328125
6154,3741.00634765625
6155,6286.31201171875
6156,5163.83056640625
6157,4038.923583984375
6158,4519.5517578125
6159,4447.47119140625
6160,4929.59423828125
6161,2997.4306640625
6162,4073.376708984375
6163,5265.875
6164,6096.4140625
6165,5517.65234375
6166,6068.6357421875
6167,7926.3935546875
6168,7470.3857421875
6169,6383.2314453125
6170,4638.97802734375
6171,8500.4814453125
6172,7113.55859375
6173,4195.6484375
6174,5781.22265625
6175,4063.098388671875
6176,5722.50439453125
6177,3672.95263671875
6178,5523.43310546875
6179,3190.872802734375
6180,8231.267578125
6181,6256.2109375
6182,6384.15966796875
6183,7780.35205078125
6184,4725.599609375
6185,7322.1337890625
6186,16549.865234375
6187,8540.009765625
6188,3519.89013671875
6189,2609.10546875
6190,5652.439453125
6191,6908.9453125
6192,6072.99951171875
6193,11441.921875
6194,17461.826171875
6195,4075.740478515625
6196,4537.94384765625
6197,8905.46484375
6198,4250.1640625
6199,6548.197265625
6200,5272.25341796875
6201,6384.33203125
6202,5812.28857421875
6203,4198.7626953125
6204,4777.93408203125
6205,7145.96240234375
6206,6588.59130859375
6207,5031.4150390625
6208,4842.330078125
6209,6054.546875
6210,3850.1953125
6211,4393.31884765625
6212,7816.080078125
6213,4621.66552734375
6214,4870.9052734375
6215,6017.66357421875
6216,5053.60595703125
6217,5576.322265625
6218,6416.1162109375
6219,5668.94384765625
6220,7490.94482421875
6221,6847.91259765625
6222,6573.0693359375
6223,5062.744140625
6224,2961.27587890625
6225,5402.68310546875
6226,5834.87109375
6227,4665.21826171875
6228,4467.01416015625
6229,5251.70849609375
6230,5481.02001953125
6231,6858.95849609375
6232,6160.1044921875
6233,4710.76171875
6234,4975.37548828125
6235,4064.64892578125
6236,8092.142578125
6237,4737.169921875
6238,7124.1923828125
6239,12605.009765625
6240,6745.34375
6241,6463.703125
6242,4609.1044921875
6243,4083.642333984375
6244,5292.33740234375
6245,3531.75732421875
6246,5035.91552734375
6247,9825.2275390625
6248,7016.50537109375
6249,12599.0712890625
6250,10826.330078125
6251,5297.77099609375
6252,6119.79931640625
6253,5656.70947265625
6254,5822.10498046875
6255,5051.3916015625
6256,9512.1669921875
6257,5416.7265625
6258,7524.47802734375
6259,4470.298828125
6260,6632.02587890625
6261,5939.37060546875
6262,7706.7265625
6263,5593.72802734375
6264,5634.07666015625
6265,6127.41015625
6266,5605.97119140625
6267,6362.9306640625
6268,8930.8212890625
6269,6072.1103515625
6270,7879.3076171875
6271,5667.57421875
6272,8762.068359375
6273,4266.10546875
6274,4162.3994140625
6275,4453.84326171875
6276,6943.654296875
6277,5390.59765625
6278,7026.05712890625
6279,6174.111328125
6280,6298.56689453125
6281,5407.0048828125
6282,7237.16064453125
6283,6128.3056640625
6284,3633.09375
6285,9692.6318359375
6286,16073.240234375
6287,5071.1142578125
6288,5789.08642578125
6289,7775.48095703125
6290,8526.3056640625
6291,9072.9580078125
6292,5013.63916015625
6293,6373.26123046875
6294,6144.35986328125
6295,6868.07373046875
6296,3975.723388671875
6297,5202.31640625
6298,4404.69384765625
6299,4779.52978515625
6300,5959.17333984375
6301,5004.52685546875
6302,3392.6279296875
6303,6891.4091796875
6304,3901.2568359375
6305,3877.43212890625
6306,5390.08447265625
6307,5306.31884765625
6308,7765.12255859375
6309,7548.91162109375
6310,7701.95751953125
6311,6005.5390625
6312,5584.46728515625
6313,8723.8173828125
6314,5691.72607421875
6315,4347.279296875
6316,4017.927490234375
6317,9008.6484375
6318,4278.60498046875
6319,5824.8134765625
6320,3092.755859375
6321,4221.18603515625
6322,6208.17578125
6323,6066.60400390625
6324,4699.52783203125
6325,8363.2705078125
6326,8525.2109375
6327,9791.9365234375
6328,4853.70703125
6329,8742.8759765625
6330,2725.126953125
6331,4498.48876953125
6332,5265.9033203125
6333,3404.64501953125
6334,7060.44091796875
6335,3460.248779296875
6336,4672.3125
6337,7303.19873046875
6338,8942.734375
6339,7491.3154296875
6340,4799.73388671875
6341,4135.37646484375
6342,8057.68359375
6343,8474.115234375
6344,4832.41455078125
6345,4501.013671875
6346,5622.79443359375
6347,8953.8671875
6348,4457.73095703125
6349,5341.86865234375
6350,6957.28857421875
6351,6575.4248046875
6352,11444.302734375
6353,5871.6572265625
6354,11793.6484375
6355,5775.73388671875
6356,4664.8017578125
6357,2955.07373046875
6358,4821.740234375
6359,5500.98681640625
6360,5332.44970703125
6361,6301.2119140625
6362,4080.59716796875
6363,4003.996337890625
6364,5968.29638671875
6365,5396.96337890625
6366,6774.71728515625
6367,5905.62255859375
6368,6502.77490234375
6369,6778.8701171875
6370,4082.57958984375
6371,7714.74853515625
6372,5332.66748046875
6373,5106.73486328125
6374,5798.060546875
6375,4365.16015625
6376,8608.8740234375
6377,6049.51904296875
6378,3990.019287109375
6379,4837.76953125
6380,7445.99267578125
6381,5766.39697265625
6382,5410.89453125
6383,6938.95556640625
6384,5112.609375
6385,5212.6201171875
6386,5329.97802734375
6387,7713.9384765625
6388,5087.36865234375
6389,5187.8876953125
6390,3709.361572265625
6391,4026.658447265625
6392,4077.853759765625
6393,4097.98779296875
6394,6837.9638671875
6395,7842.83203125
6396,8853.0625
6397,9759.37890625
6398,7714.630859375
6399,5724.162109375
6400,4707.1865234375
6401,9528.9951171875
6402,8906.466796875
6403,5987.69384765625
6404,7526.5537109375
6405,6815.8466796875
6406,5152.81298828125
6407,4088.754638671875
6408,8053.66162109375
6409,5664.9169921875
6410,5492.513671875
6411,5384.4130859375
6412,2551.437744140625
6413,8373.92578125
6414,5583.5166015625
6415,5347.73388671875
6416,3290.906982421875
6417,4374.77783203125
6418,5831.4296875
6419,6190.67919921875
6420,5571.6962890625
6421,5305.77099609375
6422,4518.33984375
6423,3174.802978515625
6424,4517.11279296875
6425,6126.70166015625
6426,16035.224609375
6427,3808.518798828125
6428,5380.38916015625
6429,5562.66650390625
6430,4138.10791015625
6431,4417.49169921875
6432,4395.54638671875
6433,3678.411865234375
6434,6006.10791015625
6435,5762.85693359375
6436,2986.861328125
6437,6788.7822265625
6438,3445.19677734375
6439,4526.04296875
6440,6970.74658203125
6441,6695.30615234375
6442,8777.275390625
6443,4828.52880859375
6444,5234.87939453125
6445,3902.289794921875
6446,4287.20166015625
6447,10606.0224609375
6448,10385.3544921875
6449,6318.8408203125
6450,4418.80322265625
6451,4073.69140625
6452,5148.16357421875
6453,4696.07666015625
6454,10128.0908203125
6455,4306.34033203125
6456,3776.1318359375
6457,6521.328125
6458,3786.581787109375
6459,6011.935546875
6460,6214.99169921875
6461,5825.294921875
6462,5559.57861328125
6463,3520.044189453125
6464,4985.31396484375
6465,4819.19677734375
6466,7493.81640625
6467,6565.09716796875
6468,6146.501953125
6469,3759.780517578125
6470,7051.66650390625
6471,4422.98046875
6472,4242.1962890625
6473,5984.71728515625
6474,6351.08447265625
6475,5586.66796875
6476,6148.71044921875
6477,5217.0078125
6478,5373.193359375
6479,5318.62890625
6480,6671.93896484375
6481,5633.5771484375
6482,3486.873779296875
6483,8347.45703125
6484,4592.248046875
6485,4202.52734375
6486,9140.4501953125
6487,4611.7978515625
6488,3456.763427734375
6489,6443.2294921875
6490,9617.5673828125
6491,8883.7734375
6492,4525.11669921875
6493,5202.0439453125
6494,4876.7685546875
6495,6140.4716796875
6496,5318.78466796875
6497,5838.36474609375
6498,2924.139404296875
6499,4950.8291015625
6500,5088.61865234375
6501,4752.5361328125
6502,4376.17724609375
6503,5786.25
6504,5458.73193359375
6505,5686.87109375
6506,7485.55224609375
6507,5574.8955078125
6508,7431.2314453125
6509,4558.09326171875
6510,6114.99462890625
6511,5426.83203125
6512,7828.42822265625
6513,5744.54736328125
6514,4572.8388671875
6515,8083.62841796875
6516,6959.28125
6517,6281.17724609375
6518,4472.998046875
6519,3901.857421875
6520,6518.5205078125
6521,4936.3818359375
6522,7203.09375
6523,5772.38623046875
6524,4737.38525390625
6525,6560.8408203125
6526,4617.00634765625
6527,4213.01708984375
6528,6017.36279296875
6529,4636.79248046875
6530,8168.408203125
6531,8400.7919921875
6532,6002.67724609375
6533,3992.95947265625
6534,4400.95166015625
6535,4111.49365234375
6536,2402.558837890625
6537,6407.25732421875
6538,3788.04931640625
6539,7531.935546875
6540,3751.338134765625
6541,4565.1025390625
6542,5271.59375
6543,7540.9404296875
6544,4668.7509765625
6545,4295.806640625
6546,3999.503173828125
6547,5978.68310546875
6548,4839.19580078125
6549,6219.47021484375
6550,7194.14404296875
6551,7216.55810546875
6552,6687.1259765625
6553,6494.0869140625
6554,5364.28369140625
6555,4675.8759765625
6556,4810.05224609375
6557,6874.02490234375
6558,6536.91455078125
6559,6850.62255859375
6560,13554.8740234375
6561,4329.3720703125
6562,4388.474609375
6563,4145.3681640625
6564,7213.056640625
6565,8800.7255859375
6566,5870.23828125
6567,6993.4267578125
6568,6674.43017578125
6569,5594.90234375
6570,5514.8818359375
6571,4855.8974609375
6572,4342.4208984375
6573,3709.395751953125
6574,3266.4541015625
6575,3978.380859375
6576,6939.365234375
6577,15029.953125
6578,5865.97705078125
6579,5410.7412109375
6580,5496.81494140625
6581,3614.378173828125
6582,5744.541015625
6583,3277.40625
6584,8269.166015625
6585,5520.12548828125
6586,5281.77099609375
6587,10390.0859375
6588,11171.9365234375
6589,5636.6953125
6590,5849.42138671875
6591,3317.052001953125
6592,4809.31591796875
6593,6255.44580078125
6594,7398.8603515625
6595,3472.04736328125
6596,4874.53173828125
6597,3892.97900390625
6598,4535.42236328125
6599,5270.8759765625
6600,5601.234375
6601,4261.12646484375
6602,7133.87158203125
6603,7047.9296875
6604,6421.330078125
6605,3467.010986328125
6606,3093.386474609375
6607,6609.06591796875
6608,3621.476806640625
6609,8141.638671875
6610,4454.83984375
6611,4459.330078125
6612,5274.41455078125
6613,4564.3125
6614,4966.31005859375
6615,4524.49853515625
6616,4070.536865234375
6617,7163.3349609375
6618,7151.66455078125
6619,4924.05126953125
6620,5970.39013671875
6621,5139.12939453125
6622,4506.1845703125
6623,4220.31591796875
6624,4982.25341796875
6625,6648.275390625
6626,9478.46484375
6627,6235.828125
6628,4878.27392578125
6629,6817.31494140625
6630,5270.9384765625
6631,7748.95068359375
6632,4649.45751953125
6633,10505.103515625
6634,5182.2265625
6635,4090.373046875
6636,3509.261962890625
6637,3708.25927734375
6638,6144.2060546875
6639,16714.880859375
6640,3539.7490234375
6641,4127.9326171875
6642,7651.2548828125
6643,4842.37060546875
6644,6136.59765625
6645,7239.8115234375
6646,4986.28857421875
6647,5248.43603515625
6648,3663.1318359375
6649,8823.61328125
6650,5073.65380859375
6651,6885.21044921875
6652,5908.2216796875
6653,3971.723388671875
6654,7047.78857421875
6655,5112.341796875
6656,3424.58544921875
6657,7474.29443359375
6658,7234.98291015625
6659,4223.734375
6660,6640.73828125
6661,5765.64111328125
6662,4544.9189453125
6663,7387.91845703125
6664,5905.79443359375
6665,5853.00244140625
6666,4446.140625
6667,4799.2880859375
6668,5908.1953125
6669,3971.83642578125
6670,6487.3603515625
6671,3356.59521484375
6672,5211.34912109375
6673,3894.8212890625
6674,5235.48974609375
6675,5250.82275390625
6676,5977.4443359375
6677,5961.69287109375
6678,6879.48193359375
6679,4687.439453125
6680,5986.791015625
6681,4977.9169921875
6682,6433.47412109375
6683,8370.4228515625
6684,7769.23779296875
6685,2667.656494140625
6686,5696.0498046875
6687,6821.5380859375
6688,2822.991455078125
6689,9486.8349609375
6690,4896.4365234375
6691,6752.59716796875
6692,8669.8876953125
6693,6404.48828125
6694,2720.085205078125
6695,11857.8134765625
6696,8575.6943359375
6697,5123.63037109375
6698,6347.4814453125
6699,8739.7958984375
6700,4952.64794921875
6701,5685.34814453125
6702,6130.1767578125
6703,4650.44775390625
6704,3619.412841796875
6705,5773.255859375
6706,3993.110595703125
6707,5986.97998046875
6708,4788.29248046875
6709,5277.71142578125
6710,5898.02490234375
6711,5987.60888671875
6712,5257.11376953125
6713,5072.1142578125
6714,6479.7392578125
6715,5600.21875
6716,5132.30322265625
6717,6169.4140625
6718,5208.74267578125
6719,7547.09326171875
6720,4361.568359375
6721,4133.9072265625
6722,5367.29052734375
6723,6077.51513671875
6724,5732.3642578125
6725,4486.1162109375
6726,3728.265869140625
6727,5944.12109375
6728,6383.98193359375
6729,5314.9296875
6730,6681.92041015625
6731,5641.15380859375
6732,4386.76611328125
6733,4378.68994140625
6734,2624.068359375
6735,5626.48388671875
6736,5507.0849609375
6737,4812.46044921875
6738,7356.583984375
6739,6634.28857421875
6740,4307.50927734375
6741,7056.8232421875
6742,3269.875244140625
6743,2401.348388671875
6744,5986.8056640625
6745,8574.0576171875
6746,6652.24365234375
6747,5611.931640625
6748,3267.69970703125
6749,5044.23388671875
6750,6506.064453125
6751,4235.7587890625
6752,6263.97900390625
6753,3339.682861328125
6754,4110.12890625
6755,4432.19677734375
6756,4472.01123046875
6757,4743.72802734375
6758,3998.70849609375
6759,4770.638671875
6760,3534.692138671875
6761,5920.4013671875
6762,5526.58349609375
6763,3998.0478515625
6764,5678.54296875
6765,5604.01171875
6766,4432.19677734375
6767,4775.98095703125
6768,6951.41845703125
6769,6168.697265625
6770,5303.20263671875
6771,3355.548583984375
6772,8910.9921875
6773,4380.0390625
6774,4266.826171875
6775,7059.90283203125
6776,4829.25146484375
6777,5698.89501953125
6778,5416.60302734375
6779,6034.708984375
6780,5925.14208984375
6781,10240.4814453125
6782,3385.391845703125
6783,3888.195556640625
6784,4734.94140625
6785,5779.48974609375
6786,5055.08349609375
6787,6089.5859375
6788,6381.9609375
6789,4735.84326171875
6790,3585.12109375
6791,4458.59033203125
6792,9039.6396484375
6793,3985.35400390625
6794,6024.56591796875
6795,3486.281494140625
6796,5141.869140625
6797,7213.34619140625
6798,6120.06689453125
6799,6269.279296875
6800,5193.84765625
6801,3707.78857421875
6802,5319.60400390625
6803,5833.9853515625
6804,7239.79296875
6805,6412.99365234375
6806,6635.787109375
6807,4893.419921875
6808,3793.45263671875
6809,8346.197265625
6810,3845.07177734375
6811,8806.318359375
6812,5560.46142578125
6813,4174.224609375
6814,5860.36669921875
6815,4785.93701171875
6816,6109.20556640625
6817,8331.17578125
6818,4561.3310546875
6819,3875.9345703125
6820,6177.38916015625
6821,6676.6435546875
6822,8643.73046875
6823,5148.05078125
6824,5421.697265625
6825,4924.37158203125
6826,5557.6640625
6827,4535.50390625
6828,7285.8828125
6829,6825.70849609375
6830,9962.3623046875
6831,3768.191650390625
6832,4854.6171875
6833,9615.673828125
6834,8556.6201171875
6835,3282.80615234375
6836,7413.05322265625
6837,5085.40234375
6838,5166.2412109375
6839,3563.689697265625
6840,3927.9560546875
6841,5012.4052734375
6842,4115.173828125
6843,3851.733642578125
6844,4334.5078125
6845,6880.7119140625
6846,6295.65087890625
6847,19884.826171875
6848,5503.78173828125
6849,3160.685546875
6850,6008.91845703125
6851,7845.08154296875
6852,5256.54443359375
6853,5654.22802734375
6854,5080.72021484375
6855,6423.576171875
6856,6475.24267578125
6857,2974.193603515625
6858,4073.5498046875
6859,5649.712890625
6860,6591.748046875
6861,5723.69482421875
6862,8818.439453125
6863,3974.62646484375
6864,3412.1142578125
6865,6329.28173828125
6866,8590.7939453125
6867,8617.5517578125
6868,6052.38623046875
6869,6679.91748046875
6870,5128.53271484375
6871,5315.57666015625
6872,2623.9736328125
6873,7348.10595703125
6874,9111.0986328125
6875,7918.87109375
6876,4395.115234375
6877,4322.86328125
6878,3896.556396484375
6879,5877.82568359375
6880,9484.1796875
6881,5607.75634765625
6882,3430.236572265625
6883,4146.62060546875
6884,6947.12744140625
6885,2940.244140625
6886,5339.21435546875
6887,4247.87744140625
6888,5434.6171875
6889,4475.015625
6890,4638.13671875
6891,6528.09375
6892,5204.09423828125
6893,5778.26123046875
6894,5773.18017578125
6895,5562.33349609375
6896,9460.294921875
6897,4465.13671875
6898,6357.23095703125
6899,7309.1689453125
6900,7761.9189453125
6901,5817.71875
6902,7529.66845703125
6903,2296.0673828125
6904,3564.139404296875
6905,5113.30224609375
6906,4978.02392578125
6907,8038.93115234375
6908,6358.962890625
6909,4041.61181640625
6910,5958.52685546875
6911,6111.3779296875
6912,7735.2177734375
6913,3084.29443359375
6914,11623.962890625
6915,3881.656005859375
6916,5628.9130859375
6917,6737.38525390625
6918,3890.4130859375
6919,4665.4521484375
6920,5143.43798828125
6921,6574.86083984375
6922,4919.10009765625
6923,5042.9921875
6924,6575.62451171875
6925,6421.4384765625
6926,4806.0380859375
6927,4979.88330078125
6928,5863.79248046875
6929,10551.3232421875
6930,5840.16455078125
6931,4255.94287109375
6932,5793.32763671875
6933,5663.39892578125
6934,5986.11328125
6935,7166.419921875
6936,3246.962158203125
6937,6327.9306640625
6938,6166.12890625
6939,5853.7783203125
6940,7233.8076171875
6941,4089.8251953125
6942,6527.21923828125
6943,4405.58447265625
6944,7547.92919921875
6945,6743.60107421875
6946,4414.37158203125
6947,3494.152099609375
6948,5999.13134765625
6949,5695.25732421875
6950,4552.94921875
6951,6173.61279296875
6952,5075.3876953125
6953,6874.79931640625
6954,4260.48876953125
6955,4155.0361328125
6956,5077.0625
6957,7074.39404296875
6958,6113.63720703125
6959,7015.88134765625
6960,7314.82177734375
6961,5118.751953125
6962,7015.90966796875
6963,4661.3896484375
6964,5222.3876953125
6965,7734.73779296875
6966,5183.857421875
6967,8196.005859375
6968,7613.87255859375
6969,6146.05419921875
6970,4737.7744140625
6971,6422.37158203125
6972,6366.83544921875
6973,3969.618896484375
6974,2817.164794921875
6975,5902.84716796875
6976,6324.6474609375
6977,4620.7978515625
6978,3470.5458984375
6979,6182.8681640625
6980,4803.88232421875
6981,4658.970703125
6982,4890.38623046875
6983,4142.33056640625
6984,5960.21826171875
6985,6421.3701171875
6986,5263.85302734375
6987,4583.18017578125
6988,5103.392578125
6989,5539.06298828125
6990,3330.372314453125
6991,4514.36279296875
6992,3960.447998046875
6993,7161.5556640625
6994,6235.953125
6995,4804.59033203125
6996,9288.4970703125
6997,4112.42578125
6998,4403.62255859375
6999,8662.1201171875
7000,5495.53662109375
7001,7083.23095703125
7002,6180.15576171875
7003,4167.05126953125
7004,5353.9248046875
7005,4595.5849609375
7006,6924.2265625
7007,9383.33984375
7008,5007.3818359375
7009,3387.897216796875
7010,3755.57568359375
7011,6316.66650390625
7012,5534.77490234375
7013,4061.555419921875
7014,4589.47314453125
7015,4532.85888671875
7016,4274.67236328125
7017,3179.414794921875
7018,3561.524169921875
7019,5244.85986328125
7020,6261.72705078125
7021,5907.2607421875
7022,7752.4951171875
7023,7467.74365234375
7024,7639.48388671875
7025,6969.25830078125
7026,4995.6630859375
7027,8325.8671875
7028,7625.1376953125
7029,3815.13818359375
7030,5963.306640625
7031,3940.088134765625
7032,5609.7783203125
7033,3277.118408203125
7034,5486.90869140625
7035,3324.272705078125
7036,8362.9873046875
7037,5848.9521484375
7038,6482.9287109375
7039,7125.865234375
7040,4286.9716796875
7041,7556.240234375
7042,16424.654296875
7043,7963.62939453125
7044,4335.6884765625
7045,2567.57666015625
7046,5878.42626953125
7047,6305.93310546875
7048,5129.529296875
7049,11661.1328125
7050,18000.1171875
7051,3614.34228515625
7052,4824.611328125
7053,6962.58837890625
7054,4196.87841796875
7055,6836.65087890625
7056,4953.2626953125
7057,6321.5771484375
7058,0.0
7059,4017.192626953125
7060,4705.42041015625
7061,6856.82080078125
7062,6803.57177734375
7063,4720.55029296875
7064,4880.5205078125
7065,5903.60791015625
7066,4310.21728515625
7067,4339.66796875
7068,8398.359375
7069,3947.877685546875
7070,4833.7763671875
7071,6157.41015625
7072,4679.447265625
7073,4502.40478515625
7074,5836.6748046875
7075,5880.08837890625
7076,7033.5537109375
7077,7039.42724609375
7078,6091.9970703125
7079,5017.5908203125
7080,3052.356689453125
7081,5553.583984375
7082,5609.4423828125
7083,4665.4248046875
7084,3704.717041015625
7085,5806.7373046875
7086,5764.291015625
7087,7102.83203125
7088,6310.8583984375
7089,4742.76025390625
7090,4493.22216796875
7091,4158.685546875
7092,7721.60498046875
7093,4369.6015625
7094,6460.54931640625
7095,11625.638671875
7096,6510.17431640625
7097,4823.787109375
7098,4465.72802734375
7099,4016.340087890625
7100,5131.18603515625
7101,3460.952880859375
7102,5080.59521484375
7103,9194.650390625
7104,6706.6591796875
7105,13149.83203125
7106,10110.6943359375
7107,4899.369140625
7108,6466.42626953125
7109,5749.3818359375
7110,5739.017578125
7111,4653.57421875
7112,9786.2607421875
7113,5190.0791015625
7114,6971.3701171875
7115,3797.90380859375
7116,6650.57958984375
7117,5536.7861328125
7118,7228.4736328125
7119,5661.47998046875
7120,5436.794921875
7121,5875.466796875
7122,5216.17578125
7123,6476.48193359375
7124,8370.0927734375
7125,6194.76904296875
7126,8205.0205078125
7127,5897.35595703125
7128,8896.625
7129,4445.49658203125
7130,4483.96875
7131,4644.80859375
7132,7270.17431640625
7133,5248.78125
7134,6475.17626953125
7135,6186.28173828125
7136,6627.26416015625
7137,5001.8017578125
7138,6400.77490234375
7139,5961.2216796875
7140,3690.368408203125
7141,10528.0419921875
7142,14793.92578125
7143,5279.798828125
7144,6021.66943359375
7145,7252.091796875
7146,7897.65576171875
7147,9200.302734375
7148,4441.36083984375
7149,6079.69287109375
7150,6135.85546875
7151,6470.4501953125
7152,3433.616943359375
7153,5452.38427734375
7154,4723.7607421875
7155,4297.18359375
7156,5868.4306640625
7157,4493.47412109375
7158,3040.60986328125
7159,6706.4482421875
7160,3171.618896484375
7161,3864.450439453125
7162,5110.24462890625
7163,5602.62158203125
7164,7810.28515625
7165,7793.55126953125
7166,6866.7685546875
7167,6049.26611328125
7168,5730.5244140625
7169,8161.517578125
7170,5707.080078125
7171,3683.317138671875
7172,4017.118896484375
7173,8170.30029296875
7174,4150.3427734375
7175,5871.5
7176,3122.18310546875
7177,4293.42724609375
7178,5621.47607421875
7179,5560.71435546875
7180,4101.03466796875
7181,8244.3994140625
7182,7938.03173828125
7183,9841.9345703125
7184,4737.47265625
7185,7852.88330078125
7186,2679.180908203125
7187,4695.203125
7188,5259.22314453125
7189,3324.097412109375
7190,6752.087890625
7191,3256.11181640625
7192,4525.47265625
7193,7248.99267578125
7194,8843.6328125
7195,5870.97998046875
7196,4490.29345703125
7197,3511.574462890625
7198,8593.3955078125
7199,8978.4970703125
7200,4920.24951171875
7201,4228.955078125
7202,5618.07958984375
7203,8322.55859375
7204,4137.64111328125
7205,5169.6923828125
7206,6645.88037109375
7207,6803.04931640625
7208,11748.998046875
7209,5794.44775390625
7210,12443.435546875
7211,5366.6357421875
7212,4675.42578125
7213,2423.90283203125
7214,4852.79345703125
7215,4899.7880859375
7216,5120.57666015625
7217,6244.90234375
7218,4353.16748046875
7219,3317.4111328125
7220,5851.95361328125
7221,3944.690673828125
7222,6381.57177734375
7223,5776.51171875
7224,5965.31103515625
7225,6472.947265625
7226,3843.00341796875
7227,7736.29150390625
7228,5182.66796875
7229,5116.2509765625
7230,5528.67822265625
7231,4710.4697265625
7232,8430.4912109375
7233,5863.416015625
7234,3764.328369140625
7235,5774.521484375
7236,7456.958984375
7237,5648.09326171875
7238,5467.640625
7239,7320.52587890625
7240,5019.966796875
7241,5184.2802734375
7242,4904.15185546875
7243,7179.3935546875
7244,5381.0146484375
7245,4742.4677734375
7246,3693.21240234375
7247,4135.603515625
7248,4121.59423828125
7249,3973.991943359375
7250,6136.8984375
7251,7305.109375
7252,9664.810546875
7253,9124.0693359375
7254,7626.06298828125
7255,5709.21826171875
7256,4578.1240234375
7257,9690.6416015625
7258,8923.2197265625
7259,5252.7294921875
7260,7176.88525390625
7261,6795.54150390625
7262,4814.70751953125
7263,3979.5400390625
7264,7864.17919921875
7265,5906.26025390625
7266,5914.85107421875
7267,4406.6865234375
7268,1746.941162109375
7269,8060.1826171875
7270,4834.3251953125
7271,5617.42919921875
7272,4595.81201171875
7273,4439.37548828125
7274,5760.1474609375
7275,5902.24462890625
7276,4719.87939453125
7277,5571.70361328125
7278,4341.5068359375
7279,3433.094482421875
7280,4198.1015625
7281,6059.2587890625
7282,16608.431640625
7283,3296.48876953125
7284,5478.27099609375
7285,5630.1318359375
7286,3924.09375
7287,4305.029296875
7288,4672.9091796875
7289,3459.84912109375
7290,5714.95458984375
7291,6038.3916015625
7292,2649.816650390625
7293,7001.79296875
7294,2900.964111328125
7295,4373.693359375
7296,7296.9912109375
7297,6762.1396484375
7298,8789.1494140625
7299,4670.79345703125
7300,4705.4140625
7301,3953.17431640625
7302,4015.192138671875
7303,11356.05078125
7304,9516.2685546875
7305,6111.29638671875
7306,4751.41162109375
7307,3715.104736328125
7308,4550.125
7309,3849.19482421875
7310,8454.1240234375
7311,3944.13330078125
7312,3906.5029296875
7313,6108.63525390625
7314,4101.5361328125
7315,5614.8173828125
7316,5896.1181640625
7317,5520.9609375
7318,5104.67138671875
7319,3550.674072265625
7320,4411.72509765625
7321,4442.08837890625
7322,7102.7158203125
7323,6518.43505859375
7324,6100.77978515625
7325,3198.26318359375
7326,7111.97509765625
7327,4953.123046875
7328,4080.2001953125
7329,5585.99462890625
7330,6044.935546875
7331,5465.47900390625
7332,6030.69287109375
7333,5385.58544921875
7334,4180.1123046875
7335,5474.26806640625
7336,6601.6533203125
7337,5395.3720703125
7338,3340.513427734375
7339,8082.62109375
7340,4449.2861328125
7341,4330.9638671875
7342,9697.9267578125
7343,4926.5205078125
7344,3909.772705078125
7345,6314.7099609375
7346,10267.26953125
7347,7431.84326171875
7348,4002.727294921875
7349,5065.4501953125
7350,4296.65283203125
7351,6299.7646484375
7352,4905.42724609375
7353,5850.54638671875
7354,2880.240478515625
7355,5407.6953125
7356,5293.87451171875
7357,4884.61572265625
7358,3637.6962890625
7359,6252.25439453125
7360,5757.28515625
7361,5479.57958984375
7362,7003.328125
7363,5343.10888671875
7364,7438.2412109375
7365,4317.1787109375
7366,5407.10791015625
7367,5774.3818359375
7368,7893.4716796875
7369,5838.46044921875
7370,3205.880126953125
7371,8295.509765625
7372,6509.45947265625
7373,5771.29931640625
7374,4565.96826171875
7375,3963.804443359375
7376,6532.931640625
7377,4450.11962890625
7378,7653.638671875
7379,5254.4169921875
7380,4650.017578125
7381,6707.6318359375
7382,4100.90380859375
7383,3826.5712890625
7384,5712.68701171875
7385,3926.4296875
7386,8236.35546875
7387,8315.685546875
7388,5659.859375
7389,4158.89111328125
7390,4331.50146484375
7391,2973.590087890625
7392,2092.547119140625
7393,6114.29296875
7394,3423.5361328125
7395,7460.19970703125
7396,3862.855224609375
7397,5016.6611328125
7398,4263.2197265625
7399,7770.912109375
7400,4609.38525390625
7401,4466.36279296875
7402,4075.18408203125
7403,5972.82275390625
7404,4065.753173828125
7405,6024.16015625
7406,7183.4404296875
7407,7018.80419921875
7408,6512.2119140625
7409,6548.150390625
7410,5236.9677734375
7411,4675.291015625
7412,4420.7919921875
7413,8550.41796875
7414,6821.09423828125
7415,6857.65576171875
7416,13875.0712890625
7417,3783.06591796875
7418,4424.94677734375
7419,4058.07470703125
7420,7368.1826171875
7421,8979.3447265625
7422,6027.921875
7423,6925.7333984375
7424,6939.0283203125
7425,4977.30859375
7426,5274.4892578125
7427,4801.283203125
7428,4271.44921875
7429,3860.856201171875
7430,3369.802978515625
7431,3768.91357421875
7432,6412.39892578125
7433,15228.4794921875
7434,5535.2939453125
7435,4916.0
7436,5509.0869140625
7437,3343.50927734375
7438,5482.56591796875
7439,3112.14404296875
7440,7764.03466796875
7441,5549.83203125
7442,5128.8154296875
7443,10903.8125
7444,11360.7626953125
7445,5814.43505859375
7446,4910.87158203125
7447,3390.344482421875
7448,4860.85205078125
7449,6205.03369140625
7450,6953.12744140625
7451,3545.241455078125
7452,4338.05322265625
7453,3471.552978515625
7454,5087.29638671875
7455,5193.564453125
7456,5206.03662109375
7457,3465.624755859375
7458,6656.361328125
7459,6637.712890625
7460,6409.99365234375
7461,3306.82421875
7462,3325.014404296875
7463,6694.50146484375
7464,3199.650634765625
7465,8701.3984375
7466,4306.291015625
7467,4296.35791015625
7468,5214.013671875
7469,4012.16064453125
7470,4901.16162109375
7471,4598.25390625
7472,4862.68212890625
7473,7120.93896484375
7474,7099.611328125
7475,4947.72265625
7476,5646.5029296875
7477,4796.22314453125
7478,3905.5908203125
7479,4356.11962890625
7480,4900.29150390625
7481,6436.12451171875
7482,9198.134765625
7483,5890.4384765625
7484,4505.66162109375
7485,6871.80517578125
7486,4844.32666015625
7487,7622.88427734375
7488,4089.689697265625
7489,10181.1630859375
7490,5384.1435546875
7491,4017.955810546875
7492,4154.73388671875
7493,3623.21875
7494,6141.2578125
7495,17815.953125
7496,3591.429931640625
7497,3983.80322265625
7498,7785.75048828125
7499,5235.08251953125
7500,5944.41845703125
7501,7332.72509765625
7502,4787.25537109375
7503,5053.77197265625
7504,3664.015380859375
7505,7928.0712890625
7506,4694.8828125
7507,6590.9150390625
7508,6384.21142578125
7509,3930.38720703125
7510,7131.2451171875
7511,6643.7841796875
7512,3398.77490234375
7513,7625.32275390625
7514,7017.404296875
7515,3637.107177734375
7516,6576.4560546875
7517,5453.140625
7518,4559.53076171875
7519,7278.3662109375
7520,5957.560546875
7521,5146.9462890625
7522,3975.013427734375
7523,4378.6865234375
7524,6483.47802734375
7525,3689.83203125
7526,6334.88818359375
7527,3754.693115234375
7528,4970.78857421875
7529,3658.15673828125
7530,5094.484375
7531,5174.654296875
7532,5862.26220703125
7533,5911.19189453125
7534,6384.7265625
7535,4304.6005859375
7536,6144.4873046875
7537,4959.13623046875
7538,6408.26513671875
7539,8004.63427734375
7540,7446.18115234375
7541,3163.45068359375
7542,5365.58349609375
7543,6017.64990234375
7544,3203.6591796875
7545,9423.05078125
7546,4522.646484375
7547,5938.9345703125
7548,8498.1796875
7549,5706.38818359375
7550,2985.7978515625
7551,11943.9482421875
7552,8480.91796875
7553,5293.66650390625
7554,6011.953125
7555,8177.8095703125
7556,4610.56005859375
7557,5263.7333984375
7558,6085.15087890625
7559,4021.606689453125
7560,3701.8056640625
7561,5921.5322265625
7562,3753.313720703125
7563,6471.70703125
7564,4934.9423828125
7565,5258.5029296875
7566,6017.33740234375
7567,5289.634765625
7568,5021.6025390625
7569,4320.09130859375
7570,6196.22119140625
7571,5766.78173828125
7572,5173.75732421875
7573,6106.50341796875
7574,5373.025390625
7575,6888.96484375
7576,4352.39306640625
7577,3347.24951171875
7578,5058.87060546875
7579,6273.490234375
7580,5773.50830078125
7581,4636.34130859375
7582,3364.818603515625
7583,5548.18798828125
7584,6483.708984375
7585,4344.39892578125
7586,6196.33447265625
7587,5496.931640625
7588,4981.2978515625
7589,4064.080322265625
7590,2246.236572265625
7591,5743.982421875
7592,5688.78955078125
7593,4714.53955078125
7594,6927.2646484375
7595,7488.17578125
7596,4401.068359375
7597,5875.70263671875
7598,3118.52783203125
7599,2300.36328125
7600,5944.537109375
7601,8493.7705078125
7602,6048.18310546875
7603,5566.47265625
7604,2900.23095703125
7605,4796.20556640625
7606,5964.146484375
7607,4487.1962890625
7608,6678.73046875
7609,3511.353759765625
7610,4193.9111328125
7611,4280.41943359375
7612,4426.1220703125
7613,4746.40185546875
7614,4036.338623046875
7615,4707.12646484375
7616,3459.835205078125
7617,5651.96240234375
7618,5103.68212890625
7619,3998.703369140625
7620,5219.8955078125
7621,5639.966796875
7622,4852.06298828125
7623,3956.1884765625
7624,7296.96142578125
7625,6151.26611328125
7626,5000.1904296875
7627,3234.0625
7628,8864.9228515625
7629,4467.802734375
7630,4218.265625
7631,6614.95166015625
7632,4772.3515625
7633,5921.5576171875
7634,5295.9609375
7635,5851.58837890625
7636,5914.33740234375
7637,10267.876953125
7638,3764.849609375
7639,3587.242431640625
7640,3992.466796875
7641,5227.115234375
7642,4136.6328125
7643,6271.982421875
7644,6125.18505859375
7645,4646.53466796875
7646,3191.625732421875
7647,5033.1923828125
7648,7304.708984375
7649,3655.722900390625
7650,5716.8388671875
7651,2916.381103515625
7652,5429.20556640625
7653,7236.31884765625
7654,6043.5859375
7655,6895.1552734375
7656,5346.24853515625
7657,3660.506591796875
7658,5228.71875
7659,5827.59912109375
7660,6886.63623046875
7661,6442.1025390625
7662,6393.75390625
7663,4612.0830078125
7664,4013.625244140625
7665,8861.2177734375
7666,3369.496826171875
7667,8642.294921875
7668,5485.81103515625
7669,4178.9423828125
7670,5947.02734375
7671,4658.6650390625
7672,6301.67724609375
7673,8432.2001953125
7674,5055.984375
7675,3664.57177734375
7676,5605.09912109375
7677,6519.19384765625
7678,8445.7578125
7679,5699.78662109375
7680,5576.4814453125
7681,4659.52294921875
7682,5434.646484375
7683,4219.890625
7684,7356.65185546875
7685,6811.08935546875
7686,9681.736328125
7687,3574.00341796875
7688,4870.66455078125
7689,9747.998046875
7690,7797.27294921875
7691,3652.19140625
7692,6811.1005859375
7693,5019.904296875
7694,5099.50341796875
7695,3707.962158203125
7696,4192.4208984375
7697,4406.478515625
7698,3858.578125
7699,3855.145751953125
7700,3925.443359375
7701,7512.61474609375
7702,5497.03759765625
7703,20047.5546875
7704,5873.38916015625
7705,3044.28271484375
7706,6242.85888671875
7707,8941.7109375
7708,5456.70166015625
7709,5935.13623046875
7710,5014.36572265625
7711,6237.91845703125
7712,6013.36083984375
7713,3795.77685546875
7714,4779.5556640625
7715,6626.0029296875
7716,7118.490234375
7717,6007.3154296875
7718,8072.63134765625
7719,3598.726318359375
7720,3708.137451171875
7721,6248.20556640625
7722,8066.7763671875
7723,9425.150390625
7724,6738.52001953125
7725,6872.62158203125
7726,5545.2099609375
7727,5244.54833984375
7728,3132.546630859375
7729,7307.46533203125
7730,9080.3955078125
7731,8050.64111328125
7732,4565.98876953125
7733,4176.6728515625
7734,4978.01806640625
7735,5315.4697265625
7736,9030.9892578125
7737,5360.12451171875
7738,3660.35986328125
7739,3312.811767578125
7740,6377.1884765625
7741,3154.79638671875
7742,5344.23828125
7743,4212.68994140625
7744,5708.65625
7745,4766.16796875
7746,4931.47314453125
7747,6464.43212890625
7748,5500.453125
7749,6518.5908203125
7750,6284.45458984375
7751,5757.58251953125
7752,9014.328125
7753,5070.671875
7754,6285.14208984375
7755,6915.49755859375
7756,7636.25146484375
7757,5806.17724609375
7758,7527.8857421875
7759,3112.01171875
7760,4051.392578125
7761,5291.9462890625
7762,5384.0361328125
7763,8433.958984375
7764,6332.82666015625
7765,4233.2392578125
7766,5936.7578125
7767,5299.3427734375
7768,8268.6103515625
7769,3043.203369140625
7770,10682.078125
7771,3010.70703125
7772,5780.771484375
7773,7684.3251953125
7774,3785.4921875
7775,4906.59765625
7776,5214.1572265625
7777,6242.7294921875
7778,4692.5263671875
7779,4270.58056640625
7780,6390.1982421875
7781,6634.67724609375
7782,5493.765625
7783,4871.4658203125
7784,6232.34033203125
7785,10549.01953125
7786,5982.828125
7787,4388.18359375
7788,5204.458984375
7789,5774.4599609375
7790,5222.18603515625
7791,7332.8466796875
7792,3570.092041015625
7793,6367.42724609375
7794,6380.05859375
7795,5503.59228515625
7796,7556.95361328125
7797,3780.227783203125
7798,6425.400390625
7799,4536.50439453125
7800,7344.71923828125
7801,7303.17724609375
7802,4006.59912109375
7803,3790.830322265625
7804,5807.93896484375
7805,5339.857421875
7806,5243.14453125
7807,5969.3505859375
7808,5943.71240234375
7809,6754.55712890625
7810,4413.37646484375
7811,3750.20703125
7812,4670.15869140625
7813,7619.28515625
7814,7725.2431640625
7815,6820.64306640625
7816,6883.919921875
7817,5405.30517578125
7818,7739.3447265625
7819,4510.75634765625
7820,5180.39990234375
7821,7543.09423828125
7822,5089.07958984375
7823,8822.0322265625
7824,6832.90625
7825,6569.71826171875
7826,4700.2607421875
7827,6634.34765625
7828,6210.09765625
7829,4813.2939453125
7830,3498.640869140625
7831,6154.501953125
7832,6268.00634765625
7833,4531.619140625
7834,3076.030029296875
7835,6471.30029296875
7836,5390.22509765625
7837,5098.306640625
7838,5152.416015625
7839,4275.99658203125
7840,6137.658203125
7841,5840.798828125
7842,4953.92138671875
7843,4025.70654296875
7844,6614.1640625
7845,5689.99267578125
7846,3537.97998046875
7847,5996.27099609375
7848,3729.786865234375
7849,7283.5009765625
7850,6237.68896484375
7851,4971.0498046875
7852,9443.2470703125
7853,3752.251953125
7854,4423.77490234375
7855,9431.115234375
7856,5528.8486328125
7857,6825.5361328125
7858,6266.3515625
7859,3619.5751953125
7860,5396.458984375
7861,5268.6396484375
7862,7081.720703125
7863,9470.2021484375
7864,5200.58544921875
7865,2408.172607421875
7866,4126.34619140625
7867,6568.09912109375
7868,5855.9443359375
7869,5268.79052734375
7870,5801.44482421875
7871,4753.56298828125
7872,4910.82373046875
7873,2921.1552734375
7874,3910.70849609375
7875,5401.857421875
7876,5918.056640625
7877,6020.1640625
7878,8733.998046875
7879,7586.806640625
7880,7495.5888671875
7881,6440.845703125
7882,4537.015625
7883,8877.806640625
7884,7830.08935546875
7885,4013.276611328125
7886,6303.9404296875
7887,4055.698486328125
7888,5682.25
7889,3271.293212890625
7890,5797.8271484375
7891,3116.21435546875
7892,8590.4833984375
7893,6349.97412109375
7894,6536.1953125
7895,7032.12548828125
7896,4377.79248046875
7897,7063.92041015625
7898,18005.39453125
7899,7723.07470703125
7900,4387.85546875
7901,2040.0462646484375
7902,5901.19580078125
7903,6426.52490234375
7904,5809.58154296875
7905,11583.6826171875
7906,18280.935546875
7907,3794.275634765625
7908,4669.6669921875
7909,7616.4248046875
7910,4180.271484375
7911,6942.83935546875
7912,5476.5869140625
7913,6301.533203125
7914,0.0
7915,4319.1943359375
7916,4633.80615234375
7917,7801.0126953125
7918,7148.19873046875
7919,5001.447265625
7920,4753.78662109375
7921,5688.90283203125
7922,4048.367919921875
7923,4393.70947265625
7924,7964.33935546875
7925,3997.29638671875
7926,4505.69189453125
7927,6791.40283203125
7928,5242.13916015625
7929,5482.65478515625
7930,6109.28076171875
7931,5826.2548828125
7932,6607.26025390625
7933,7585.23779296875
7934,6669.59130859375
7935,5238.0361328125
7936,2821.126220703125
7937,5680.98681640625
7938,5863.27001953125
7939,4512.83251953125
7940,4115.55517578125
7941,5979.59423828125
7942,5402.08740234375
7943,6908.21337890625
7944,6820.8876953125
7945,4246.0966796875
7946,4873.19091796875
7947,4123.71142578125
7948,7890.67626953125
7949,4219.58740234375
7950,6408.0458984375
7951,12883.4228515625
7952,6414.5322265625
7953,4934.5712890625
7954,4462.3291015625
7955,4043.393310546875
7956,5592.50439453125
7957,3390.510498046875
7958,5135.6533203125
7959,10094.3232421875
7960,6643.70263671875
7961,13413.55078125
7962,10791.359375
7963,4567.42578125
7964,5854.76025390625
7965,6232.2998046875
7966,5831.8759765625
7967,4904.41943359375
7968,9789.7861328125
7969,5262.783203125
7970,7770.3681640625
7971,4987.32275390625
7972,6619.349609375
7973,5646.82568359375
7974,7760.30126953125
7975,5713.11376953125
7976,5674.73388671875
7977,5416.24951171875
7978,5256.2275390625
7979,6723.60693359375
7980,8834.650390625
7981,5689.20263671875
7982,7864.080078125
7983,5614.42041015625
7984,8416.5341796875
7985,4579.275390625
7986,4421.4541015625
7987,4558.16650390625
7988,7678.9873046875
7989,5283.73291015625
7990,6534.16015625
7991,5854.94775390625
7992,6611.4833984375
7993,5144.19482421875
7994,7163.2890625
7995,6190.7744140625
7996,3745.26025390625
7997,10267.505859375
7998,15916.685546875
7999,5351.384765625
8000,5792.38916015625
8001,7826.36669921875
8002,8230.8681640625
8003,9755.7744140625
8004,5260.2216796875
8005,6119.18017578125
8006,5791.9580078125
8007,6604.36279296875
8008,3624.35791015625
8009,5920.41455078125
8010,4231.48046875
8011,4715.740234375
8012,5887.05859375
8013,4614.85400390625
8014,3506.3623046875
8015,6457.759765625
8016,4009.225341796875
8017,3888.473388671875
8018,5388.42138671875
8019,4664.49462890625
8020,7404.34326171875
8021,7683.3603515625
8022,7396.82958984375
8023,5476.08740234375
8024,5330.9423828125
8025,8932.208984375
8026,5814.5234375
8027,3788.74169921875
8028,4257.67041015625
8029,8209.8427734375
8030,4121.408203125
8031,5861.5361328125
8032,2994.2744140625
8033,4222.58447265625
8034,6213.916015625
8035,5854.19677734375
8036,4643.1474609375
8037,7380.63232421875
8038,8061.46240234375
8039,9597.484375
8040,5006.56591796875
8041,7827.8125
8042,2810.062255859375
8043,5563.88134765625
8044,5206.64501953125
8045,3398.194580078125
8046,6765.8359375
8047,3763.2958984375
8048,4980.39892578125
8049,7546.55224609375
8050,8420.8369140625
8051,5476.50830078125
8052,4768.08642578125
8053,3925.8935546875
8054,8472.5361328125
8055,9511.79296875
8056,4861.21240234375
8057,4596.76953125
8058,5491.498046875
8059,9117.5458984375
8060,4368.646484375
8061,5414.96630859375
8062,7112.66552734375
8063,6682.3427734375
8064,12105.396484375
8065,5877.0986328125
8066,12742.0380859375
8067,5302.650390625
8068,4613.37890625
8069,2728.01220703125
8070,5037.5908203125
8071,5443.14990234375
8072,4999.15478515625
8073,5901.63232421875
8074,4358.43310546875
8075,3693.53564453125
8076,6042.69873046875
8077,5380.81591796875
8078,6453.392578125
8079,6178.0185546875
8080,6767.76318359375
8081,6711.44091796875
8082,4104.1708984375
8083,8007.32177734375
8084,5390.48974609375
8085,4811.0712890625
8086,5542.95166015625
8087,4540.1689453125
8088,8825.4970703125
8089,6034.08935546875
8090,4202.69091796875
8091,5148.54931640625
8092,6617.28759765625
8093,5401.521484375
8094,5862.11181640625
8095,6908.47900390625
8096,5115.111328125
8097,5120.15283203125
8098,4724.03369140625
8099,7227.25
8100,4943.0146484375
8101,5278.22998046875
8102,3609.699951171875
8103,3715.7724609375
8104,4256.90087890625
8105,3574.513671875
8106,6404.60107421875
8107,7493.771484375
8108,9506.8115234375
8109,9496.724609375
8110,7160.3857421875
8111,5886.64892578125
8112,5040.28173828125
8113,9998.9970703125
8114,9258.57421875
8115,5651.94091796875
8116,7546.1484375
8117,7534.35693359375
8118,4618.36865234375
8119,4435.88330078125
8120,8032.498046875
8121,5781.40087890625
8122,5876.48046875
8123,4999.8623046875
8124,2358.9873046875
8125,8002.22998046875
8126,4616.10693359375
8127,5884.94287109375
8128,4374.59228515625
8129,4130.2509765625
8130,6287.35302734375
8131,6537.8642578125
8132,5053.47412109375
8133,5832.85546875
8134,4347.45361328125
8135,3197.40185546875
8136,4146.56298828125
8137,5924.7685546875
8138,16821.4609375
8139,3746.7294921875
8140,5108.18994140625
8141,5519.12890625
8142,4139.28759765625
8143,4257.81591796875
8144,4352.53955078125
8145,3559.606201171875
8146,6456.87646484375
8147,5306.5
8148,2826.081787109375
8149,7096.0166015625
8150,3648.540283203125
8151,4618.90966796875
8152,6876.07373046875
8153,6503.97705078125
8154,9011.6513671875
8155,4314.1220703125
8156,5571.59375
8157,3725.293212890625
8158,4331.62158203125
8159,11231.4755859375
8160,10311.4208984375
8161,5991.388671875
8162,4480.3359375
8163,4069.293701171875
8164,5190.931640625
8165,4333.16162109375
8166,8811.529296875
8167,4351.00146484375
8168,3919.888427734375
8169,6566.703125
8170,4071.747314453125
8171,6171.93994140625
8172,6531.5576171875
8173,5490.01025390625
8174,5630.25439453125
8175,3575.855712890625
8176,5174.3369140625
8177,4584.96337890625
8178,7001.59716796875
8179,6227.2236328125
8180,6272.30126953125
8181,4166.4375
8182,7120.92626953125
8183,4621.390625
8184,3912.693115234375
8185,5976.09375
8186,6116.509765625
8187,5694.82763671875
8188,6312.681640625
8189,5442.7470703125
8190,4642.45751953125
8191,5256.86279296875
8192,6749.2763671875
8193,5399.57421875
8194,3909.029541015625
8195,8045.01708984375
8196,4105.53076171875
8197,4097.0498046875
8198,9356.8046875
8199,4655.76953125
8200,3225.98388671875
8201,6606.22314453125
8202,10408.3154296875
8203,10421.078125
8204,3897.885498046875
8205,4992.5810546875
8206,4626.8466796875
8207,6321.53173828125
8208,5098.5693359375
8209,5852.91357421875
8210,2895.198486328125
8211,4695.77783203125
8212,4554.0517578125
8213,5048.123046875
8214,3915.337646484375
8215,6383.03955078125
8216,6001.939453125
8217,5781.9208984375
8218,7201.85546875
8219,5024.6103515625
8220,7533.3154296875
8221,4058.570068359375
8222,5905.869140625
8223,6147.12451171875
8224,7828.04541015625
8225,5990.2041015625
8226,3145.329833984375
8227,7719.2373046875
8228,6970.21533203125
8229,5917.83154296875
8230,4185.22412109375
8231,4121.47119140625
8232,6581.03662109375
8233,4674.2509765625
8234,7587.33349609375
8235,5418.45751953125
8236,4962.3525390625
8237,6289.15673828125
8238,4680.49951171875
8239,4135.037109375
8240,5654.923828125
8241,4281.50830078125
8242,8599.7626953125
8243,8425.54296875
8244,6171.84912109375
8245,3968.029052734375
8246,4806.62744140625
8247,3767.7451171875
8248,2538.73388671875
8249,6940.943359375
8250,3490.865966796875
8251,7939.3818359375
8252,4134.76220703125
8253,5386.5185546875
8254,5296.15966796875
8255,7251.91259765625
8256,4317.37646484375
8257,4555.8291015625
8258,4058.43115234375
8259,6172.37646484375
8260,4117.947265625
8261,5580.408203125
8262,6760.2705078125
8263,7378.26611328125
8264,6879.1611328125
8265,6833.2412109375
8266,4886.30712890625
8267,4922.3212890625
8268,4606.09619140625
8269,7550.591796875
8270,6753.70263671875
8271,7067.3642578125
8272,13739.0048828125
8273,4823.67333984375
8274,4908.6943359375
8275,4207.13134765625
8276,7481.31787109375
8277,9113.345703125
8278,6084.8046875
8279,7147.9697265625
8280,6880.56787109375
8281,5800.16357421875
8282,5335.67919921875
8283,4787.4853515625
8284,4729.44482421875
8285,4056.593994140625
8286,2997.097412109375
8287,3973.91650390625
8288,6495.4853515625
8289,15041.96875
8290,6049.21728515625
8291,5370.11669921875
8292,5680.7568359375
8293,3539.529541015625
8294,6127.2373046875
8295,2765.319580078125
8296,8331.3779296875
8297,5723.43505859375
8298,5389.072265625
8299,10899.3671875
8300,10743.376953125
8301,5849.8896484375
8302,5385.89697265625
8303,3662.083740234375
8304,4779.40869140625
8305,6264.73828125
8306,7127.79443359375
8307,3148.834716796875
8308,4555.62109375
8309,4631.6142578125
8310,4839.97119140625
8311,5855.642578125
8312,4840.45703125
8313,3920.376953125
8314,6938.78515625
8315,6887.77978515625
8316,6752.81640625
8317,3408.8134765625
8318,2659.7880859375
8319,6942.70947265625
8320,3473.6552734375
8321,8588.2587890625
8322,4286.05859375
8323,4293.60986328125
8324,4828.9091796875
8325,4713.74462890625
8326,4475.55224609375
8327,4617.35986328125
8328,4667.43212890625
8329,7169.08544921875
8330,6886.2177734375
8331,5050.7744140625
8332,5348.61474609375
8333,4699.2568359375
8334,4786.90380859375
8335,4572.2080078125
8336,4585.03515625
8337,6433.91455078125
8338,9755.111328125
8339,6127.193359375
8340,4626.86474609375
8341,6455.310546875
8342,5247.0712890625
8343,7656.91650390625
8344,4692.951171875
8345,10452.1181640625
8346,5029.791015625
8347,4368.59130859375
8348,3197.129150390625
8349,3631.68798828125
8350,6206.974609375
8351,16709.955078125
8352,3422.574951171875
8353,4204.97998046875
8354,7599.76123046875
8355,5111.24658203125
8356,6513.8916015625
8357,7442.48974609375
8358,4697.21728515625
8359,5109.90771484375
8360,3629.6630859375
8361,8745.8076171875
8362,5223.81298828125
8363,6857.87109375
8364,5986.1376953125
8365,4067.455322265625
8366,6492.623046875
8367,7400.1533203125
8368,3277.597900390625
8369,7881.91015625
8370,7680.43994140625
8371,4159.1025390625
8372,6428.5810546875
8373,5394.20263671875
8374,4430.6982421875
8375,7239.87744140625
8376,5992.98681640625
8377,5345.53759765625
8378,4353.658203125
8379,4660.44091796875
8380,5904.17578125
8381,3222.245849609375
8382,6890.20361328125
8383,3608.87548828125
8384,5304.67822265625
8385,4304.6357421875
8386,5583.73291015625
8387,5388.796875
8388,6546.88037109375
8389,5173.9599609375
8390,6303.5087890625
8391,4573.17919921875
8392,6261.44482421875
8393,5516.57666015625
8394,6320.37060546875
8395,8572.0595703125
8396,7438.75341796875
8397,2680.759521484375
8398,6492.74658203125
8399,7017.5341796875
8400,3755.533203125
8401,9250.037109375
8402,3963.794189453125
8403,6218.259765625
8404,9287.3896484375
8405,6145.7529296875
8406,2833.3857421875
8407,12472.4951171875
8408,8649.193359375
8409,5438.44970703125
8410,6748.60498046875
8411,9228.5830078125
8412,4426.60791015625
8413,5930.66259765625
8414,6490.89794921875
8415,4333.31494140625
8416,4015.767822265625
8417,5802.974609375
8418,3992.042724609375
8419,6376.162109375
8420,4804.16357421875
8421,5351.53564453125
8422,6026.8818359375
8423,5722.5419921875
8424,5360.69140625
8425,4570.689453125
8426,6918.4404296875
8427,5714.5126953125
8428,5060.4990234375
8429,6356.06640625
8430,5411.146484375
8431,7527.69091796875
8432,4563.953125
8433,3880.25146484375
8434,5066.591796875
8435,5911.28662109375
8436,5864.123046875
8437,4463.37060546875
8438,3853.66845703125
8439,5057.42626953125
8440,6408.44921875
8441,4691.44287109375
8442,6123.38623046875
8443,5493.47509765625
8444,4683.517578125
8445,3738.680908203125
8446,2405.848388671875
8447,5353.181640625
8448,5989.42041015625
8449,5748.09130859375
8450,7561.54150390625
8451,7363.095703125
8452,4650.953125
8453,6294.80029296875
8454,2916.87255859375
8455,2680.318603515625
8456,6067.724609375
8457,8868.1142578125
8458,5625.744140625
8459,5796.51904296875
8460,3441.909423828125
8461,5228.7412109375
8462,6223.8232421875
8463,4416.3603515625
8464,6486.8642578125
8465,3683.130126953125
8466,3944.4169921875
8467,4535.9052734375
8468,4415.62060546875
8469,4787.265625
8470,3995.56494140625
8471,4123.73291015625
8472,3463.918701171875
8473,6187.7470703125
8474,5581.283203125
8475,4020.875732421875
8476,5819.271484375
8477,5590.541015625
8478,5254.02685546875
8479,5007.92626953125
8480,6473.193359375
8481,5750.4228515625
8482,5014.76416015625
8483,3217.52490234375
8484,10153.2041015625
8485,4526.65576171875
8486,3687.675048828125
8487,6672.23583984375
8488,5992.92431640625
8489,6070.73583984375
8490,5411.95263671875
8491,6119.9736328125
8492,6193.58447265625
8493,9391.103515625
8494,3794.175537109375
8495,4122.5595703125
8496,3843.02880859375
8497,5351.8671875
8498,4667.44140625
8499,5532.42333984375
8500,6016.92236328125
8501,4327.92236328125
8502,3602.551513671875
8503,5076.18115234375
8504,8593.5859375
8505,4033.45263671875
8506,5992.361328125
8507,3567.296875
8508,5743.87548828125
8509,6949.87939453125
8510,6038.029296875
8511,6619.595703125
8512,5721.88330078125
8513,3655.2509765625
8514,5453.8310546875
8515,5819.56494140625
8516,6611.62451171875
8517,6149.60693359375
8518,6326.220703125
8519,3784.294677734375
8520,3755.054931640625
8521,8957.9267578125
8522,3796.675537109375
8523,8875.9541015625
8524,5428.51025390625
8525,4247.564453125
8526,5556.20556640625
8527,4774.99951171875
8528,6402.78271484375
8529,8421.0673828125
8530,4475.62646484375
8531,3856.2626953125
8532,6101.45849609375
8533,7203.96240234375
8534,8924.671875
8535,5644.4111328125
8536,6051.86279296875
8537,4843.5283203125
8538,5977.40283203125
8539,4203.94482421875
8540,7555.27880859375
8541,7276.90478515625
8542,10362.53515625
8543,4023.081787109375
8544,5083.2158203125
8545,9633.056640625
8546,7834.33935546875
8547,3901.454345703125
8548,7834.25244140625
8549,5252.26318359375
8550,5378.36279296875
8551,3588.032958984375
8552,3851.911865234375
8553,5305.28955078125
8554,4509.958984375
8555,3670.21826171875
8556,4581.37939453125
8557,6519.916015625
8558,5502.96728515625
8559,19717.28125
8560,5255.208984375
8561,3877.928466796875
8562,6230.13037109375
8563,9087.5361328125
8564,6315.21533203125
8565,6765.2119140625
8566,5902.26318359375
8567,6889.234375
8568,6385.37158203125
8569,3622.703857421875
8570,4861.4736328125
8571,5914.4609375
8572,7685.58544921875
8573,6081.951171875
8574,8134.681640625
8575,4032.617431640625
8576,4043.443359375
8577,7507.25537109375
8578,8350.0498046875
8579,10485.5439453125
8580,7082.52490234375
8581,7784.22607421875
8582,6287.796875
8583,6203.6875
8584,3311.828369140625
8585,8418.7041015625
8586,9731.9052734375
8587,8788.943359375
8588,5309.6455078125
8589,4629.1240234375
8590,4145.71044921875
8591,5945.1318359375
8592,8949.76171875
8593,5709.3818359375
8594,4654.07568359375
8595,4086.180908203125
8596,6863.77587890625
8597,3805.4990234375
8598,5657.17919921875
8599,5091.9697265625
8600,6709.56103515625
8601,5365.9150390625
8602,5636.98388671875
8603,6701.59521484375
8604,6555.8779296875
8605,6148.88818359375
8606,6837.54541015625
8607,5089.3955078125
8608,9253.78515625
8609,5131.4033203125
8610,7197.5361328125
8611,7184.04541015625
8612,7538.05419921875
8613,6405.62890625
8614,7481.6884765625
8615,2606.776611328125
8616,4077.578125
8617,5934.42333984375
8618,6220.515625
8619,9407.8271484375
8620,6406.1806640625
8621,5185.91943359375
8622,7535.66015625
8623,6019.35546875
8624,7706.41650390625
8625,4027.49365234375
8626,12285.9326171875
8627,3418.377685546875
8628,5770.00732421875
8629,8268.853515625
8630,3979.888916015625
8631,4982.8828125
8632,5685.2646484375
8633,7251.95068359375
8634,5774.11083984375
8635,4473.78955078125
8636,7710.8974609375
8637,6633.8251953125
8638,5282.0107421875
8639,4612.298828125
8640,7089.65185546875
8641,11461.111328125
8642,6292.5361328125
8643,5111.49755859375
8644,5485.587890625
8645,6986.67236328125
8646,7548.10009765625
8647,7868.59521484375
8648,4262.10107421875
8649,6862.59716796875
8650,6939.59033203125
8651,5207.10791015625
8652,8791.4658203125
8653,4506.81591796875
8654,6161.21875
8655,4119.32421875
8656,7619.8486328125
8657,7555.9287109375
8658,4594.1640625
8659,4099.88525390625
8660,6700.04248046875
8661,5644.15283203125
8662,5202.10595703125
8663,6212.9921875
8664,5789.20947265625
8665,6938.03515625
8666,5054.78466796875
8667,4921.8134765625
8668,5957.01806640625
8669,8215.9248046875
8670,7344.998046875
8671,7312.65673828125
8672,7998.02490234375
8673,5031.1279296875
8674,8272.8251953125
8675,5399.0537109375
8676,5912.20654296875
8677,9261.275390625
8678,5713.95556640625
8679,9085.59375
8680,6687.87158203125
8681,7495.52587890625
8682,5483.919921875
8683,7098.4833984375
8684,5926.59716796875
8685,4403.666015625
8686,3084.215576171875
8687,6909.9677734375
8688,7416.71142578125
8689,4761.0966796875
8690,3080.1796875
8691,8082.98486328125
8692,5522.42626953125
8693,5724.76123046875
8694,6002.86474609375
8695,5481.84765625
8696,6825.14208984375
8697,7289.6455078125
8698,5478.130859375
8699,4837.25732421875
8700,6362.74365234375
8701,6261.3291015625
8702,4098.25341796875
8703,6127.185546875
8704,4478.77880859375
8705,8274.3916015625
8706,6244.171875
8707,5532.48828125
8708,10867.2099609375
8709,4454.19287109375
8710,5095.20068359375
8711,9669.50390625
8712,6163.6845703125
8713,7772.19873046875
8714,7948.82080078125
8715,4538.46240234375
8716,6199.81884765625
8717,5476.17724609375
8718,7327.55712890625
8719,11040.201171875
8720,6428.05908203125
8721,3347.28564453125
8722,4080.176025390625
8723,6949.78759765625
8724,4969.5224609375
8725,4346.74560546875
8726,5706.84912109375
8727,5290.6904296875
8728,4413.55615234375
8729,3918.05908203125
8730,5112.9716796875
8731,5539.44189453125
8732,6286.9931640625
8733,6954.58203125
8734,9988.1484375
8735,7985.61669921875
8736,8340.1943359375
8737,7461.85693359375
8738,4820.7197265625
8739,10010.8447265625
8740,9067.9306640625
8741,4255.2734375
8742,7285.48486328125
8743,5170.453125
8744,6236.81494140625
8745,4047.778076171875
8746,5405.69921875
8747,3749.814208984375
8748,10057.0068359375
8749,6553.38427734375
8750,7100.93359375
8751,7546.42431640625
8752,5431.50390625
8753,7283.77294921875
8754,17467.6484375
8755,8557.130859375
8756,5153.96484375
8757,2516.146484375
8758,5655.0341796875
8759,6071.0458984375
8760,5941.8955078125
8761,11831.6767578125
8762,20055.751953125
8763,4423.3125
8764,5495.08154296875
8765,8126.9677734375
8766,4710.3623046875
8767,7673.46533203125
8768,5584.076171875
8769,7087.70751953125
8770,0.0
8771,4807.79638671875
8772,4374.0546875
8773,8392.7548828125
8774,7663.2451171875
8775,4847.1552734375
8776,5513.35498046875
8777,6312.380859375
8778,4508.48291015625
8779,5451.7041015625
8780,8301.087890625
8781,5101.13720703125
8782,5719.70458984375
8783,7472.82373046875
8784,5847.703125
8785,5237.76513671875
8786,6515.95751953125
8787,7218.15234375
8788,8876.8095703125
8789,9616.595703125
8790,6932.240234375
8791,5779.51513671875
8792,3136.6240234375
8793,5667.33203125
8794,6897.40869140625
8795,4913.83056640625
8796,4246.56494140625
8797,5719.9326171875
8798,5006.896484375
8799,7335.76806640625
8800,7621.873046875
8801,5076.91064453125
8802,4466.6240234375
8803,5214.1201171875
8804,9120.9970703125
8805,5008.8837890625
8806,6981.8349609375
8807,13214.349609375
8808,7126.44580078125
8809,5234.14892578125
8810,5153.46240234375
8811,4608.76806640625
8812,6335.48486328125
8813,3450.7490234375
8814,6289.7197265625
8815,10434.46875
8816,7464.6318359375
8817,13320.6748046875
8818,11107.15625
8819,5553.88427734375
8820,6350.279296875
8821,6442.63720703125
8822,6577.42333984375
8823,6633.2607421875
8824,11043.6494140625
8825,5694.7490234375
8826,9024.095703125
8827,5328.45947265625
8828,7170.48095703125
8829,6372.12158203125
8830,8060.50830078125
8831,5963.7734375
8832,5957.9228515625
8833,6114.509765625
8834,6321.7626953125
8835,7460.87548828125
8836,9703.791015625
8837,6960.3896484375
8838,8953.015625
8839,6503.724609375
8840,9836.13671875
8841,4098.14306640625
8842,4364.521484375
8843,4850.8212890625
8844,8184.1103515625
8845,5617.90625
8846,6939.5478515625
8847,6209.77099609375
8848,7214.2529296875
8849,5311.412109375
8850,7456.896484375
8851,6387.841796875
8852,4586.39501953125
8853,9989.0
8854,16808.466796875
8855,6878.0556640625
8856,6263.07958984375
8857,9043.5361328125
8858,9405.6904296875
8859,10216.396484375
8860,4915.98583984375
8861,7042.9697265625
8862,6837.119140625
8863,7690.353515625
8864,4517.47119140625
8865,6817.693359375
8866,4400.7861328125
8867,5281.96875
8868,6836.86669921875
8869,4841.42724609375
8870,3641.01318359375
8871,7094.634765625
8872,4220.87451171875
8873,4406.19384765625
8874,5161.84130859375
8875,6212.1337890625
8876,8869.92578125
8877,7833.3916015625
8878,8894.34375
8879,6531.71142578125
8880,6591.08203125
8881,9663.9765625
8882,5956.98974609375
8883,3752.162841796875
8884,4434.7392578125
8885,8890.6787109375
8886,4502.58056640625
8887,6368.42578125
8888,3659.947021484375
8889,4507.44677734375
8890,6345.18603515625
8891,6223.71728515625
8892,5486.5791015625
8893,9005.7529296875
8894,9610.587890625
8895,11908.0302734375
8896,6132.30810546875
8897,8338.7109375
8898,2699.7841796875
8899,5145.35546875
8900,6228.43994140625
8901,3156.628662109375
8902,7496.33544921875
8903,3496.54248046875
8904,6014.509765625
8905,8235.431640625
8906,9115.6025390625
8907,6154.71875
8908,5111.59716796875
8909,4449.748046875
8910,9969.4208984375
8911,9961.4951171875
8912,5132.92919921875
8913,5184.1845703125
8914,6525.74755859375
8915,9476.505859375
8916,5359.6826171875
8917,6769.27978515625
8918,8319.0068359375
8919,6948.4345703125
8920,12808.4326171875
8921,6139.4951171875
8922,14352.6171875
8923,5597.07470703125
8924,5163.478515625
8925,3511.71728515625
8926,5582.86572265625
8927,5904.28515625
8928,5059.7861328125
8929,6621.896484375
8930,4328.62109375
8931,3615.659912109375
8932,6012.78466796875
8933,5612.22216796875
8934,6901.771484375
8935,6115.8515625
8936,6742.65576171875
8937,6863.0048828125
8938,4174.81982421875
8939,8443.9853515625
8940,5822.01123046875
8941,5490.87158203125
8942,5765.46875
8943,4766.400390625
8944,9370.62890625
8945,7201.98974609375
8946,4183.37060546875
8947,5284.61669921875
8948,7521.93115234375
8949,6146.8154296875
8950,5882.56005859375
8951,7653.48046875
8952,6145.2236328125
8953,5175.951171875
8954,5615.32421875
8955,7909.8828125
8956,5071.79150390625
8957,5848.93603515625
8958,4166.17822265625
8959,3851.131103515625
8960,4356.7109375
8961,4394.89208984375
8962,6422.1171875
8963,8344.044921875
8964,10326.794921875
8965,9632.02734375
8966,8464.4990234375
8967,7049.72607421875
8968,5557.693359375
8969,11076.14453125
8970,10398.603515625
8971,5662.39599609375
8972,7870.458984375
8973,7607.48876953125
8974,5416.35546875
8975,4835.4375
8976,8751.8984375
8977,5741.22607421875
8978,6786.32861328125
8979,5288.2822265625
8980,3328.523681640625
8981,8913.1201171875
8982,5355.62109375
8983,7163.0546875
8984,4909.05908203125
8985,5086.02783203125
8986,7015.8720703125
8987,6526.80078125
8988,5836.1201171875
8989,5932.1591796875
8990,4752.12353515625
8991,3771.736572265625
8992,5199.12060546875
8993,7062.58447265625
8994,17281.458984375
8995,3629.9306640625
8996,5396.96240234375
8997,6329.71630859375
8998,4479.92333984375
8999,4563.12939453125
9000,4844.7939453125
9001,4641.26318359375
9002,6478.79931640625
9003,6182.74658203125
9004,3340.491943359375
9005,8548.8974609375
9006,2795.124755859375
9007,4739.74560546875
9008,8169.67919921875
9009,7857.396484375
9010,10221.921875
9011,6010.68896484375
9012,5951.1923828125
9013,3899.198486328125
9014,5189.86474609375
9015,12086.5498046875
9016,10897.779296875
9017,6493.76953125
9018,4967.53369140625
9019,4648.6083984375
9020,5353.56689453125
9021,4691.0869140625
9022,9772.01953125
9023,5161.59130859375
9024,4130.91943359375
9025,7148.251953125
9026,4319.28955078125
9027,6035.71435546875
9028,5578.76318359375
9029,6698.37353515625
9030,5414.255859375
9031,4361.69775390625
9032,5208.7685546875
9033,4492.181640625
9034,8254.03515625
9035,6295.77490234375
9036,7314.61328125
9037,4254.94482421875
9038,7943.47412109375
9039,4882.4453125
9040,4564.02734375
9041,5635.6044921875
9042,7143.8837890625
9043,5989.23583984375
9044,6679.111328125
9045,6355.6201171875
9046,5726.5771484375
9047,5562.41015625
9048,7936.8623046875
9049,6644.35888671875
9050,3613.20361328125
9051,7973.1376953125
9052,5061.103515625
9053,4488.34619140625
9054,11093.5986328125
9055,4671.51220703125
9056,3414.072509765625
9057,7016.69677734375
9058,10275.4384765625
9059,9783.7353515625
9060,4690.69140625
9061,5662.05126953125
9062,4821.720703125
9063,7169.46142578125
9064,4898.30615234375
9065,6217.80810546875
9066,3097.251708984375
9067,4819.455078125
9068,4705.865234375
9069,5525.73681640625
9070,4202.12451171875
9071,7136.47412109375
9072,7131.66845703125
9073,5873.72412109375
9074,7299.9619140625
9075,5360.53759765625
9076,8394.31640625
9077,4576.02734375
9078,5993.35791015625
9079,5964.77099609375
9080,8788.4345703125
9081,6341.609375
9082,2929.3271484375
9083,8416.134765625
9084,6930.98681640625
9085,6715.67333984375
9086,5151.43408203125
9087,3687.50927734375
9088,6482.74072265625
9089,4963.31103515625
9090,8523.9765625
9091,6627.876953125
9092,5784.74462890625
9093,6374.25048828125
9094,6476.0361328125
9095,4475.7626953125
9096,6996.21630859375
9097,4178.0927734375
9098,9448.423828125
9099,8743.59765625
9100,6639.25732421875
9101,4365.02978515625
9102,5315.54248046875
9103,3927.923828125
9104,2995.01171875
9105,7387.1376953125
9106,4519.8466796875
9107,8441.056640625
9108,4090.1748046875
9109,5616.4521484375
9110,5537.248046875
9111,7577.74072265625
9112,4897.95458984375
9113,4866.24658203125
9114,3896.823486328125
9115,7115.1162109375
9116,4390.435546875
9117,6342.18408203125
9118,7594.5908203125
9119,8687.7646484375
9120,7097.77197265625
9121,7605.0546875
9122,6192.78271484375
9123,5672.935546875
9124,5090.6181640625
9125,8504.8173828125
9126,6898.296875
9127,8740.7255859375
9128,15625.806640625
9129,4894.6201171875
9130,4789.7548828125
9131,5451.97314453125
9132,8066.53466796875
9133,8954.2841796875
9134,6974.953125
9135,7880.09375
9136,8184.04345703125
9137,6089.37646484375
9138,5555.6005859375
9139,4629.94189453125
9140,5760.02392578125
9141,4612.88720703125
9142,3844.4775390625
9143,4266.08984375
9144,7448.7431640625
9145,16201.4375
9146,6904.759765625
9147,6234.2431640625
9148,6190.46533203125
9149,3635.39306640625
9150,6482.46826171875
9151,3811.693359375
9152,9848.7880859375
9153,6431.990234375
9154,6171.1748046875
9155,12634.427734375
9156,11101.7314453125
9157,6303.576171875
9158,6958.3955078125
9159,3789.320556640625
9160,5804.82177734375
9161,7511.45458984375
9162,7819.14306640625
9163,3974.606689453125
9164,4832.26220703125
9165,3947.45458984375
9166,5456.05078125
9167,5988.2919921875
9168,5941.0654296875
9169,4680.36767578125
9170,8091.8916015625
9171,8018.5458984375
9172,5436.62451171875
9173,4420.3984375
9174,3286.8623046875
9175,7559.33642578125
9176,3680.908447265625
9177,9813.7275390625
9178,5055.0361328125
9179,4381.23681640625
9180,5553.3515625
9181,5011.4658203125
9182,4800.34765625
9183,5153.81103515625
9184,5144.80126953125
9185,8730.3271484375
9186,8267.3427734375
9187,5574.2080078125
9188,6291.97265625
9189,5944.8896484375
9190,4721.44140625
9191,5389.91943359375
9192,6004.99560546875
9193,7486.4443359375
9194,10394.80859375
9195,6197.69970703125
9196,5533.12158203125
9197,7272.552734375
9198,5757.08203125
9199,8917.751953125
9200,5548.447265625
9201,12160.470703125
9202,5326.57275390625
9203,5472.95556640625
9204,3937.17041015625
9205,4304.728515625
9206,7130.44287109375
9207,18067.669921875
9208,3572.608154296875
9209,4894.4560546875
9210,7438.44677734375
9211,5625.12939453125
9212,6433.93359375
9213,7828.171875
9214,5386.7822265625
9215,5481.1181640625
9216,3638.742431640625
9217,9335.1240234375
9218,5096.9677734375
9219,8117.271484375
9220,6678.67431640625
9221,4502.7373046875
9222,7679.34033203125
9223,7299.552734375
9224,3229.23583984375
9225,8103.12744140625
9226,8405.9775390625
9227,3822.203369140625
9228,7673.166015625
9229,5998.10986328125
9230,5482.38525390625
9231,7829.2119140625
9232,6616.20458984375
9233,6009.68603515625
9234,5011.6044921875
9235,5061.087890625
9236,6685.47216796875
9237,4315.6376953125
9238,7913.814453125
9239,4431.41015625
9240,5389.998046875
9241,4945.56689453125
9242,6292.84130859375
9243,5944.3076171875
9244,7183.01171875
9245,6149.845703125
9246,7466.28173828125
9247,5095.9130859375
9248,6679.6962890625
9249,5944.62158203125
9250,7320.1455078125
9251,9148.146484375
9252,8730.2451171875
9253,2679.29541015625
9254,6117.39697265625
9255,7748.220703125
9256,3818.203125
9257,11253.5224609375
9258,4577.50927734375
9259,7419.8330078125
9260,10428.4951171875
9261,6287.68115234375
9262,3136.754638671875
9263,12855.6201171875
9264,10027.240234375
9265,5580.478515625
9266,6206.2109375
9267,9297.1787109375
9268,5405.48681640625
9269,6513.734375
9270,7215.880859375
9271,4913.47802734375
9272,3986.29638671875
9273,6624.40869140625
9274,3933.640625
9275,5746.80126953125
9276,5103.2373046875
9277,6184.3974609375
9278,6417.6416015625
9279,6095.40087890625
9280,6617.06494140625
9281,4758.78271484375
9282,6497.59765625
9283,6107.58056640625
9284,5836.89697265625
9285,7097.51904296875
9286,5873.6572265625
9287,8950.9404296875
9288,5191.04296875
9289,4467.265625
9290,5280.79638671875
9291,6928.375
9292,6037.22265625
9293,4934.091796875
9294,4642.25341796875
9295,5451.4931640625
9296,6807.56640625
9297,5590.26708984375
9298,6717.7060546875
9299,6067.45849609375
9300,4633.93359375
9301,4690.14111328125
9302,2379.142333984375
9303,5387.00048828125
9304,6304.083984375
9305,6023.25634765625
9306,6575.3251953125
9307,7468.28076171875
9308,5232.669921875
9309,6820.88134765625
9310,3533.94482421875
9311,2917.728271484375
9312,6410.2763671875
9313,8985.4599609375
9314,6551.1201171875
9315,6693.04248046875
9316,3390.112060546875
9317,5936.83203125
9318,7187.73095703125
9319,4461.978515625
9320,5983.58837890625
9321,3454.89013671875
9322,4455.59228515625
9323,4478.63916015625
9324,5620.935546875
9325,5667.658203125
9326,3703.261962890625
9327,4479.68603515625
9328,3786.880615234375
9329,6849.533203125
9330,6601.12255859375
9331,4505.484375
9332,6293.6796875
9333,5941.1142578125
9334,5293.89013671875
9335,5583.97607421875
9336,6940.9775390625
9337,6668.90087890625
9338,4976.98583984375
9339,3297.193603515625
9340,10190.6875
9341,5600.66064453125
9342,4622.3642578125
9343,7506.7783203125
9344,6778.59033203125
9345,6740.724609375
9346,5934.5166015625
9347,7282.20654296875
9348,6411.9267578125
9349,10013.4658203125
9350,3523.344482421875
9351,5272.85693359375
9352,4061.01318359375
9353,5938.8486328125
9354,5998.53955078125
9355,6301.32861328125
9356,5927.48291015625
9357,4535.7001953125
9358,3416.501220703125
9359,5210.24365234375
9360,9802.783203125
9361,4254.30859375
9362,6116.36572265625
9363,4333.830078125
9364,6045.9443359375
9365,8028.85791015625
9366,6511.82373046875
9367,7530.0927734375
9368,5818.03125
9369,3572.38623046875
9370,5940.556640625
9371,6530.24365234375
9372,7444.08154296875
9373,6669.9765625
9374,7485.658203125
9375,4694.2265625
9376,4959.10986328125
9377,9817.0205078125
9378,3978.46435546875
9379,10222.8759765625
9380,5268.443359375
9381,4155.1201171875
9382,6142.3798828125
9383,4939.4755859375
9384,7074.15771484375
9385,8649.865234375
9386,5468.24609375
9387,4340.26025390625
9388,6340.86279296875
9389,7378.48876953125
9390,9754.8759765625
9391,5361.634765625
9392,6388.33056640625
9393,5407.5771484375
9394,6437.90087890625
9395,4719.71240234375
9396,8059.7880859375
9397,8644.3837890625
9398,10535.115234375
9399,4154.17529296875
9400,5341.92138671875
9401,9903.21875
9402,9252.1181640625
9403,4148.7353515625
9404,8560.19921875
9405,5904.8515625
9406,5611.7470703125
9407,5297.4423828125
9408,4624.74755859375
9409,5289.87255859375
9410,4168.220703125
9411,4385.11474609375
9412,4486.75390625
9413,6925.2646484375
9414,6160.142578125
9415,23263.287109375
9416,6052.78173828125
9417,0.0
9418,0.0
9419,0.0
9420,0.0
9421,0.0
9422,0.0
9423,0.0
9424,0.0
9425,0.0
9426,0.0
9427,0.0
9428,0.0
9429,0.0
9430,0.0
9431,0.0
9432,0.0
9433,0.0
9434,0.0
9435,0.0
9436,0.0
9437,0.0
9438,0.0
9439,0.0
9440,0.0
9441,0.0
9442,0.0
9443,0.0
9444,0.0
9445,0.0
9446,0.0
9447,0.0
9448,0.0
9449,0.0
9450,0.0
9451,0.0
9452,0.0
9453,0.0
9454,0.0
9455,0.0
9456,0.0
9457,0.0
9458,0.0
9459,0.0
9460,0.0
9461,0.0
9462,0.0
9463,0.0
9464,0.0
9465,0.0
9466,0.0
9467,0.0
9468,0.0
9469,0.0
9470,0.0
9471,0.0
9472,0.0
9473,0.0
9474,0.0
9475,0.0
9476,0.0
9477,0.0
9478,0.0
9479,0.0
9480,0.0
9481,0.0
9482,0.0
9483,0.0
9484,0.0
9485,0.0
9486,0.0
9487,0.0
9488,0.0
9489,0.0
9490,0.0
9491,0.0
9492,0.0
9493,0.0
9494,0.0
9495,0.0
9496,0.0
9497,0.0
9498,0.0
9499,0.0
9500,0.0
9501,0.0
9502,0.0
9503,0.0
9504,0.0
9505,0.0
9506,0.0
9507,0.0
9508,3592.080810546875
9509,0.0
9510,0.0
9511,0.0
9512,0.0
9513,0.0
9514,0.0
9515,0.0
9516,0.0
9517,0.0
9518,0.0
9519,0.0
9520,0.0
9521,0.0
9522,0.0
9523,0.0
9524,0.0
9525,0.0
9526,0.0
9527,0.0
9528,0.0
9529,0.0
9530,0.0
9531,0.0
9532,0.0
9533,0.0
9534,0.0
9535,0.0
9536,0.0
9537,0.0
9538,0.0
9539,0.0
9540,0.0
9541,0.0
9542,0.0
9543,0.0
9544,0.0
9545,0.0
9546,0.0
9547,0.0
9548,0.0
9549,0.0
9550,0.0
9551,0.0
9552,0.0
9553,0.0
9554,0.0
9555,0.0
9556,0.0
9557,0.0
9558,0.0
9559,0.0
9560,0.0
9561,0.0
9562,0.0
9563,0.0
9564,0.0
9565,0.0
9566,0.0
9567,0.0
9568,0.0
9569,0.0
9570,0.0
9571,0.0
9572,0.0
9573,0.0
9574,0.0
9575,0.0
9576,2657.009521484375
9577,0.0
9578,0.0
9579,0.0
9580,0.0
9581,0.0
9582,0.0
9583,0.0
9584,0.0
9585,0.0
9586,0.0
9587,0.0
9588,0.0
9589,0.0
9590,0.0
9591,0.0
9592,0.0
9593,0.0
9594,0.0
9595,0.0
9596,0.0
9597,0.0
9598,0.0
9599,0.0
9600,0.0
9601,0.0
9602,0.0
9603,0.0
9604,0.0
9605,0.0
9606,0.0
9607,0.0
9608,0.0
9609,0.0
9610,0.0
9611,0.0
9612,0.0
9613,0.0
9614,0.0
9615,0.0
9616,0.0
9617,16082.2265625
9618,29604.546875
9619,0.0
9620,0.0
9621,0.0
9622,0.0
9623,0.0
9624,0.0
9625,0.0
9626,7959.724609375
9627,0.0
9628,0.0
9629,0.0
9630,0.0
9631,0.0
9632,0.0
9633,0.0
9634,0.0
9635,0.0
9636,0.0
9637,0.0
9638,0.0
9639,0.0
9640,0.0
9641,0.0
9642,0.0
9643,0.0
9644,0.0
9645,5595.99072265625
9646,0.0
9647,0.0
9648,0.0
9649,0.0
9650,0.0
9651,0.0
9652,0.0
9653,0.0
9654,0.0
9655,2945.29736328125
9656,0.0
9657,0.0
9658,0.0
9659,0.0
9660,0.0
9661,0.0
9662,0.0
9663,0.0
9664,0.0
9665,0.0
9666,0.0
9667,0.0
9668,0.0
9669,0.0
9670,0.0
9671,0.0
9672,0.0
9673,7280.10791015625
9674,0.0
9675,0.0
9676,0.0
9677,0.0
9678,0.0
9679,0.0
9680,0.0
9681,0.0
9682,0.0
9683,0.0
9684,0.0
9685,0.0
9686,0.0
9687,0.0
9688,0.0
9689,0.0
9690,8557.0986328125
9691,0.0
9692,0.0
9693,0.0
9694,0.0
9695,0.0
9696,0.0
9697,0.0
9698,0.0
9699,0.0
9700,0.0
9701,0.0
9702,0.0
9703,0.0
9704,0.0
9705,0.0
9706,0.0
9707,0.0
9708,0.0
9709,0.0
9710,0.0
9711,0.0
9712,0.0
9713,0.0
9714,0.0
9715,0.0
9716,0.0
9717,0.0
9718,0.0
9719,0.0
9720,0.0
9721,0.0
9722,0.0
9723,0.0
9724,0.0
9725,0.0
9726,0.0
9727,0.0
9728,0.0
9729,0.0
9730,0.0
9731,0.0
9732,0.0
9733,0.0
9734,0.0
9735,0.0
9736,0.0
9737,0.0
9738,0.0
9739,0.0
9740,0.0
9741,0.0
9742,0.0
9743,0.0
9744,0.0
9745,0.0
9746,0.0
9747,0.0
9748,0.0
9749,0.0
9750,0.0
9751,0.0
9752,1159.3431396484375
9753,0.0
9754,0.0
9755,0.0
9756,0.0
9757,0.0
9758,0.0
9759,0.0
9760,0.0
9761,0.0
9762,0.0
9763,0.0
9764,0.0
9765,0.0
9766,4278.7802734375
9767,0.0
9768,0.0
9769,0.0
9770,0.0
9771,0.0
9772,0.0
9773,0.0
9774,0.0
9775,0.0
9776,0.0
9777,0.0
9778,0.0
9779,0.0
9780,0.0
9781,-0.0
9782,0.0
9783,0.0
9784,0.0
9785,0.0
9786,0.0
9787,0.0
9788,0.0
9789,0.0
9790,0.0
9791,0.0
9792,0.0
9793,0.0
9794,0.0
9795,0.0
9796,0.0
9797,0.0
9798,0.0
9799,0.0
9800,0.0
9801,0.0
9802,0.0
9803,0.0
9804,0.0
9805,0.0
9806,0.0
9807,0.0
9808,0.0
9809,7491.61083984375
9810,0.0
9811,0.0
9812,0.0
9813,0.0
9814,0.0
9815,0.0
9816,0.0
9817,0.0
9818,0.0
9819,2162.805419921875
9820,0.0
9821,0.0
9822,0.0
9823,4820.46923828125
9824,0.0
9825,0.0
9826,0.0
9827,0.0
9828,0.0
9829,0.0
9830,0.0
9831,0.0
9832,0.0
9833,0.0
9834,0.0
9835,0.0
9836,0.0
9837,0.0
9838,0.0
9839,0.0
9840,0.0
9841,0.0
9842,0.0
9843,0.0
9844,0.0
9845,0.0
9846,0.0
9847,0.0
9848,0.0
9849,0.0
9850,20135.015625
9851,0.0
9852,0.0
9853,0.0
9854,0.0
9855,0.0
9856,0.0
9857,0.0
9858,0.0
9859,0.0
9860,0.0
9861,0.0
9862,0.0
9863,0.0
9864,4767.0888671875
9865,0.0
9866,0.0
9867,0.0
9868,0.0
9869,0.0
9870,0.0
9871,0.0
9872,0.0
9873,0.0
9874,0.0
9875,0.0
9876,0.0
9877,0.0
9878,0.0
9879,0.0
9880,0.0
9881,0.0
9882,0.0
9883,0.0
9884,0.0
9885,0.0
9886,0.0
9887,0.0
9888,0.0
9889,0.0
9890,0.0
9891,0.0
9892,0.0
9893,0.0
9894,0.0
9895,0.0
9896,0.0
9897,0.0
9898,0.0
9899,0.0
9900,0.0
9901,0.0
9902,0.0
9903,0.0
9904,0.0
9905,0.0
9906,0.0
9907,0.0
9908,0.0
9909,0.0
9910,0.0
9911,0.0
9912,0.0
9913,0.0
9914,0.0
9915,0.0
9916,0.0
9917,0.0
9918,0.0
9919,0.0
9920,0.0
9921,0.0
9922,0.0
9923,0.0
9924,0.0
9925,0.0
9926,0.0
9927,0.0
9928,0.0
9929,0.0
9930,0.0
9931,0.0
9932,0.0
9933,0.0
9934,0.0
9935,0.0
9936,0.0
9937,0.0
9938,0.0
9939,13244.341796875
9940,0.0
9941,0.0
9942,0.0
9943,0.0
9944,0.0
9945,0.0
9946,0.0
9947,0.0
9948,0.0
9949,0.0
9950,0.0
9951,0.0
9952,0.0
9953,0.0
9954,0.0
9955,0.0
9956,0.0
9957,0.0
9958,0.0
9959,0.0
9960,-0.0
9961,0.0
9962,0.0
9963,0.0
9964,0.0
9965,0.0
9966,0.0
9967,0.0
9968,0.0
9969,0.0
9970,0.0
9971,0.0
9972,0.0
9973,0.0
9974,0.0
9975,0.0
9976,0.0
9977,0.0
9978,0.0
9979,0.0
9980,0.0
9981,0.0
9982,0.0
9983,3250.210693359375
9984,15338.837890625
9985,0.0
9986,0.0
9987,0.0
9988,0.0
9989,0.0
9990,0.0
9991,0.0
9992,0.0
9993,0.0
9994,0.0
9995,0.0
9996,0.0
9997,0.0
9998,0.0
9999,0.0
10000,0.0
10001,0.0
10002,0.0
10003,0.0
10004,0.0
10005,0.0
10006,0.0
10007,0.0
10008,0.0
10009,0.0
10010,0.0
10011,0.0
10012,11916.8056640625
10013,0.0
10014,0.0
10015,0.0
10016,0.0
10017,0.0
10018,0.0
10019,0.0
10020,0.0
10021,0.0
10022,0.0
10023,0.0
10024,0.0
10025,0.0
10026,0.0
10027,0.0
10028,0.0
10029,0.0
10030,0.0
10031,0.0
10032,0.0
10033,0.0
10034,0.0
10035,0.0
10036,0.0
10037,0.0
10038,0.0
10039,0.0
10040,0.0
10041,0.0
10042,0.0
10043,0.0
10044,0.0
10045,0.0
10046,0.0
10047,0.0
10048,0.0
10049,0.0
10050,0.0
10051,0.0
10052,0.0
10053,0.0
10054,0.0
10055,0.0
10056,0.0
10057,0.0
10058,0.0
10059,0.0
10060,0.0
10061,0.0
10062,0.0
10063,0.0
10064,0.0
10065,0.0
10066,0.0
10067,0.0
10068,0.0
10069,0.0
10070,0.0
10071,0.0
10072,0.0
10073,0.0
10074,0.0
10075,0.0
10076,0.0
10077,0.0
10078,0.0
10079,0.0
10080,0.0
10081,0.0
10082,2335.61962890625
10083,0.0
10084,0.0
10085,0.0
10086,2328.059814453125
10087,0.0
10088,0.0
10089,0.0
10090,0.0
10091,0.0
10092,0.0
10093,0.0
10094,0.0
10095,0.0
10096,0.0
10097,0.0
10098,0.0
10099,0.0
10100,0.0
10101,0.0
10102,0.0
10103,0.0
10104,0.0
10105,0.0
10106,0.0
10107,0.0
10108,0.0
10109,0.0
10110,0.0
10111,0.0
10112,0.0
10113,0.0
10114,0.0
10115,0.0
10116,0.0
10117,0.0
10118,0.0
10119,0.0
10120,0.0
10121,0.0
10122,0.0
10123,0.0
10124,0.0
10125,0.0
10126,0.0
10127,0.0
10128,0.0
10129,0.0
10130,0.0
10131,0.0
10132,0.0
10133,0.0
10134,0.0
10135,0.0
10136,0.0
10137,2860.615234375
10138,0.0
10139,0.0
10140,0.0
10141,0.0
10142,0.0
10143,0.0
10144,0.0
10145,0.0
10146,0.0
10147,0.0
10148,0.0
10149,0.0
10150,0.0
10151,0.0
10152,11275.28515625
10153,0.0
10154,0.0
10155,0.0
10156,0.0
10157,0.0
10158,0.0
10159,0.0
10160,0.0
10161,0.0
10162,0.0
10163,0.0
10164,0.0
10165,0.0
10166,0.0
10167,0.0
10168,0.0
10169,0.0
10170,0.0
10171,0.0
10172,0.0
10173,0.0
10174,0.0
10175,0.0
10176,0.0
10177,0.0
10178,0.0
10179,0.0
10180,0.0
10181,0.0
10182,0.0
10183,0.0
10184,0.0
10185,0.0
10186,0.0
10187,0.0
10188,0.0
10189,0.0
10190,0.0
10191,0.0
10192,0.0
10193,0.0
10194,0.0
10195,0.0
10196,0.0
10197,0.0
10198,0.0
10199,0.0
10200,0.0
10201,0.0
10202,0.0
10203,0.0
10204,0.0
10205,0.0
10206,0.0
10207,0.0
10208,0.0
10209,0.0
10210,0.0
10211,0.0
10212,0.0
10213,0.0
10214,0.0
10215,0.0
10216,3756.240478515625
10217,0.0
10218,0.0
10219,0.0
10220,0.0
10221,0.0
10222,0.0
10223,0.0
10224,0.0
10225,0.0
10226,0.0
10227,0.0
10228,0.0
10229,0.0
10230,0.0
10231,0.0
10232,0.0
10233,0.0
10234,0.0
10235,0.0
10236,0.0
10237,0.0
10238,0.0
10239,0.0
10240,0.0
10241,0.0
10242,0.0
10243,0.0
10244,0.0
10245,0.0
10246,0.0
10247,0.0
10248,0.0
10249,0.0
10250,0.0
10251,0.0
10252,0.0
10253,0.0
10254,0.0
10255,0.0
10256,0.0
10257,13191.140625
10258,5703.638671875
10259,0.0
10260,0.0
10261,0.0
10262,0.0
10263,0.0
10264,0.0
10265,0.0
10266,0.0
10267,0.0
10268,0.0
10269,0.0
10270,0.0
10271,0.0
10272,0.0
10273,4143.56396484375
10274,3559.251708984375
10275,6452.9169921875
10276,3340.860595703125
10277,6199.89501953125
10278,5064.2861328125
10279,5636.04736328125
10280,5630.373046875
10281,3579.193603515625
10282,3470.914794921875
10283,5461.6767578125
10284,4898.47412109375
10285,4931.26318359375
10286,6391.74951171875
10287,5527.4658203125
10288,3650.953125
10289,4892.525390625
10290,7475.0400390625
10291,8347.65234375
10292,5725.98583984375
10293,7900.03125
10294,3283.003173828125
10295,6420.890625
10296,2822.101806640625
10297,8632.46875
10298,8143.67724609375
10299,8748.4609375
10300,6256.15478515625
10301,3917.608642578125
10302,4521.74169921875
10303,6229.6435546875
10304,7978.70654296875
10305,4087.392578125
10306,5394.1357421875
10307,4598.30126953125
10308,5928.19287109375
10309,2421.1220703125
10310,5914.33544921875
10311,5250.84326171875
10312,7836.3173828125
10313,6586.01708984375
10314,5288.74609375
10315,8591.544921875
10316,5919.25634765625
10317,6471.55712890625
10318,4044.1708984375
10319,7962.9775390625
10320,10388.5048828125
10321,5917.7783203125
10322,4921.70947265625
10323,8050.15771484375
10324,8570.759765625
10325,6221.28173828125
10326,5172.3310546875
10327,2267.2568359375
10328,2993.22607421875
10329,4754.31103515625
10330,6164.958984375
10331,8130.23583984375
10332,7456.35546875
10333,4285.32275390625
10334,8512.7177734375
10335,6395.2490234375
10336,6953.1240234375
10337,2638.025390625
10338,11320.43359375
10339,3436.941650390625
10340,4237.904296875
10341,7304.56982421875
10342,3829.55029296875
10343,5422.3994140625
10344,3289.12353515625
10345,6414.1767578125
10346,5081.9130859375
10347,5240.044921875
10348,8521.8515625
10349,7098.82861328125
10350,5022.3251953125
10351,4203.5
10352,7708.5771484375
10353,12374.3583984375
10354,6042.56689453125
10355,3519.37841796875
10356,6949.2294921875
10357,6064.8984375
10358,6560.00927734375
10359,10246.7490234375
10360,2728.787841796875
10361,7793.90185546875
10362,5912.95654296875
10363,5882.4609375
10364,7546.35009765625
10365,2316.401123046875
10366,4814.32861328125
10367,4873.26171875
10368,8164.82373046875
10369,7276.3671875
10370,4378.728515625
10371,4495.380859375
10372,7306.75146484375
10373,6768.1171875
10374,5312.6787109375
10375,4523.3759765625
10376,4514.29931640625
10377,6313.3623046875
10378,5101.591796875
10379,3303.359130859375
10380,4884.24658203125
10381,6758.24169921875
10382,6586.01708984375
10383,7610.4501953125
10384,8331.9921875
10385,4077.180908203125
10386,6870.7802734375
10387,3211.257568359375
10388,3924.677490234375
10389,8442.0087890625
10390,6306.5966796875
10391,7379.70703125
10392,10304.4306640625
10393,7275.41650390625
10394,5385.40283203125
10395,6564.55322265625
10396,7954.46630859375
10397,3968.711181640625
10398,3098.439453125
10399,7433.44775390625
10400,4656.72021484375
10401,5763.32373046875
10402,3318.54541015625
10403,5469.73193359375
10404,5855.943359375
10405,6416.27099609375
10406,6353.3984375
10407,2751.427001953125
10408,6252.9580078125
10409,7099.54541015625
10410,3955.92626953125
10411,6190.669921875
10412,3175.080810546875
10413,5715.25390625
10414,3942.9306640625
10415,4566.92578125
10416,5397.65478515625
10417,7668.150390625
10418,5758.3193359375
10419,6610.041015625
10420,12517.732421875
10421,4264.484375
10422,5814.11767578125
10423,10794.8408203125
10424,5551.70654296875
10425,8605.6806640625
10426,5901.3173828125
10427,5951.8623046875
10428,6593.56005859375
10429,4683.0029296875
10430,5665.96484375
10431,7998.189453125
10432,5261.525390625
10433,4215.0546875
10434,3861.5888671875
10435,6952.74072265625
10436,8158.150390625
10437,5763.5087890625
10438,5856.7197265625
10439,4624.50537109375
10440,2168.383544921875
10441,2091.849365234375
10442,3622.118408203125
10443,5775.541015625
10444,7287.5810546875
10445,5444.55859375
10446,6375.603515625
10447,8352.115234375
10448,7973.04541015625
10449,7245.8046875
10450,5321.53173828125
10451,8731.341796875
10452,8802.412109375
10453,3616.66259765625
10454,4739.734375
10455,5230.328125
10456,6592.240234375
10457,4147.67578125
10458,4871.30078125
10459,3795.651611328125
10460,9561.1533203125
10461,6165.2705078125
10462,7334.80224609375
10463,7095.66357421875
10464,4483.70751953125
10465,9110.865234375
10466,17773.1484375
10467,8698.7919921875
10468,5169.5478515625
10469,4131.259765625
10470,7042.70703125
10471,6517.49072265625
10472,3722.227783203125
10473,9041.95703125
10474,17858.83984375
10475,6134.77734375
10476,3349.833740234375
10477,9682.3427734375
10478,3494.47998046875
10479,5089.88134765625
10480,3900.7568359375
10481,6647.58935546875
10482,5386.24365234375
10483,6350.90869140625
10484,5273.44580078125
10485,5999.56640625
10486,8421.6357421875
10487,6451.33984375
10488,6360.884765625
10489,6843.51904296875
10490,5924.44091796875
10491,6543.201171875
10492,10311.9365234375
10493,5325.2587890625
10494,5898.90087890625
10495,5095.06103515625
10496,3411.32275390625
10497,6071.3818359375
10498,5552.11279296875
10499,5098.64501953125
10500,7892.080078125
10501,9945.3447265625
10502,8198.0927734375
10503,4930.8349609375
10504,4066.973876953125
10505,4053.63330078125
10506,5414.04248046875
10507,7385.462890625
10508,3173.330078125
10509,5319.89697265625
10510,4848.03955078125
10511,6901.58837890625
10512,6062.751953125
10513,4470.5078125
10514,3929.984375
10515,3323.65673828125
10516,9141.037109375
10517,5818.7841796875
10518,5443.0126953125
10519,12869.45703125
10520,8423.755859375
10521,4377.05078125
10522,6532.7822265625
10523,2660.708984375
10524,4306.77099609375
10525,3988.49755859375
10526,4004.290283203125
10527,8642.69921875
10528,5461.64013671875
10529,8159.7099609375
10530,10062.4033203125
10531,6582.8310546875
10532,6409.35693359375
10533,6140.7265625
10534,5667.13427734375
10535,5115.9794921875
10536,10794.4248046875
10537,5665.3935546875
10538,6928.123046875
10539,3818.32568359375
10540,6141.5
10541,7106.2587890625
10542,7809.16845703125
10543,7213.275390625
10544,6178.19677734375
10545,7391.67626953125
10546,4736.98046875
10547,8730.4560546875
10548,7589.669921875
10549,8108.41552734375
10550,8001.4853515625
10551,7398.23046875
10552,8662.8662109375
10553,3538.851806640625
10554,6260.8896484375
10555,5403.9560546875
10556,8623.1259765625
10557,7169.26318359375
10558,7158.9072265625
10559,6667.70361328125
10560,7043.08251953125
10561,5896.185546875
10562,6916.6103515625
10563,6909.4541015625
10564,3057.4453125
10565,11393.1826171875
10566,17118.18359375
10567,6951.65869140625
10568,7082.541015625
10569,7361.93408203125
10570,7993.84912109375
10571,8572.05859375
10572,3996.159912109375
10573,4603.77001953125
10574,6022.32421875
10575,8577.115234375
10576,2910.511474609375
10577,5149.08203125
10578,5315.2294921875
10579,5203.8046875
10580,4358.34375
10581,4031.757568359375
10582,3560.787841796875
10583,8530.4267578125
10584,4375.78173828125
10585,5234.87109375
10586,5516.70654296875
10587,4930.31884765625
10588,9380.998046875
10589,11117.212890625
10590,6210.517578125
10591,8317.9462890625
10592,5431.43603515625
10593,9261.6220703125
10594,4540.314453125
10595,2745.853759765625
10596,5817.9736328125
10597,13211.943359375
10598,4320.90625
10599,6819.75732421875
10600,2387.861083984375
10601,3304.908935546875
10602,6647.94921875
10603,6722.966796875
10604,5457.99609375
10605,9292.646484375
10606,9185.2333984375
10607,6810.56201171875
10608,4484.962890625
10609,8496.041015625
10610,2059.939453125
10611,3598.927001953125
10612,6903.4833984375
10613,4963.1337890625
10614,9811.5224609375
10615,1920.8905029296875
10616,5062.1796875
10617,5901.7685546875
10618,7770.01953125
10619,10033.2412109375
10620,4672.4208984375
10621,3289.935791015625
10622,9189.6904296875
10623,10972.8916015625
10624,4372.36962890625
10625,5752.0185546875
10626,9206.7470703125
10627,6444.953125
10628,5592.1640625
10629,3711.378662109375
10630,8086.71337890625
10631,4749.66943359375
10632,12466.2451171875
10633,8982.4951171875
10634,15972.435546875
10635,6694.42529296875
10636,4626.74072265625
10637,1887.3465576171875
10638,5621.0458984375
10639,6247.361328125
10640,5495.59033203125
10641,8840.5498046875
10642,5702.9462890625
10643,2845.290771484375
10644,6324.7529296875
10645,5338.0224609375
10646,8436.658203125
10647,7401.205078125
10648,6823.08203125
10649,7846.8974609375
10650,4664.0283203125
10651,7412.57666015625
10652,6767.98779296875
10653,5703.2080078125
10654,7139.0947265625
10655,4137.078125
10656,7751.22802734375
10657,6149.82958984375
10658,3630.68408203125
10659,4655.60009765625
10660,7101.3515625
10661,6471.23828125
10662,4411.5126953125
10663,5422.7626953125
10664,5552.7216796875
10665,5467.58349609375
10666,5558.61181640625
10667,9096.9150390625
10668,4611.4501953125
10669,3847.023193359375
10670,4968.87451171875
10671,5734.12939453125
10672,3819.19140625
10673,5530.01611328125
10674,7563.357421875
10675,7548.6796875
10676,10300.734375
10677,8874.6708984375
10678,8495.9130859375
10679,6621.38134765625
10680,4450.77734375
10681,10291.9892578125
10682,8890.71484375
10683,6719.37548828125
10684,5281.45166015625
10685,5758.55615234375
10686,5273.59765625
10687,2939.69384765625
10688,9034.333984375
10689,6451.44677734375
10690,5783.0009765625
10691,4882.41552734375
10692,1460.862548828125
10693,8318.7919921875
10694,5189.7470703125
10695,5677.27734375
10696,4156.33837890625
10697,4678.59326171875
10698,5304.33837890625
10699,4669.193359375
10700,9597.3994140625
10701,4734.3095703125
10702,5505.61572265625
10703,2844.378173828125
10704,3673.499267578125
10705,5160.9150390625
10706,13404.458984375
10707,4019.084228515625
10708,5984.77978515625
10709,5386.5693359375
10710,3920.864013671875
10711,3081.86083984375
10712,5752.64208984375
10713,3271.51318359375
10714,9384.77734375
10715,6176.84423828125
10716,2888.499267578125
10717,8049.31591796875
10718,1728.67626953125
10719,4387.501953125
10720,8185.06787109375
10721,7572.1640625
10722,8555.87890625
10723,3373.885986328125
10724,4641.69970703125
10725,4545.40283203125
10726,3811.933349609375
10727,14655.005859375
10728,11304.1845703125
10729,5887.91796875
10730,3793.233642578125
10731,5912.0205078125
10732,4928.39208984375
10733,2830.102783203125
10734,8191.16748046875
10735,4364.59423828125
10736,6502.3134765625
10737,6852.45654296875
10738,4720.9482421875
10739,5751.490234375
10740,5621.84521484375
10741,6175.6806640625
10742,6548.591796875
10743,3198.474365234375
10744,5782.53076171875
10745,6258.8583984375
10746,8132.67626953125
10747,5823.8134765625
10748,7885.53173828125
10749,2744.34765625
10750,9353.2470703125
10751,4839.51611328125
10752,2962.61474609375
10753,4039.32861328125
10754,4909.7314453125
10755,5408.931640625
10756,7223.173828125
10757,4543.80126953125
10758,5831.6357421875
10759,5571.59228515625
10760,7401.40625
10761,8644.7353515625
10762,5725.9150390625
10763,7655.50732421875
10764,5482.64794921875
10765,3069.76025390625
10766,10929.8916015625
10767,3675.505859375
10768,3516.99609375
10769,6103.3466796875
10770,9901.58984375
10771,9095.048828125
10772,4162.22021484375
10773,5037.25537109375
10774,6276.01171875
10775,6895.2900390625
10776,5007.32763671875
10777,7202.4052734375
10778,3791.909423828125
10779,4526.53369140625
10780,3837.06201171875
10781,3928.656494140625
10782,3399.99755859375
10783,7933.81396484375
10784,6479.33935546875
10785,6089.03125
10786,5732.44384765625
10787,7878.02734375
10788,7897.2099609375
10789,5096.90966796875
10790,5903.2783203125
10791,5952.2509765625
10792,7458.85888671875
10793,5228.49755859375
10794,2735.341552734375
10795,6368.30029296875
10796,7066.12548828125
10797,5826.01171875
10798,5973.5712890625
10799,3464.3369140625
10800,7640.58447265625
10801,3085.894775390625
10802,9045.2666015625
10803,5166.8447265625
10804,4566.78759765625
10805,7727.3349609375
10806,5632.0556640625
10807,4964.6396484375
10808,8179.70458984375
10809,2979.05419921875
10810,7167.9326171875
10811,9889.6181640625
10812,5684.29296875
10813,3478.189453125
10814,5317.6435546875
10815,4431.65771484375
10816,2199.31787109375
10817,5244.3388671875
10818,5481.296875
10819,5070.052734375
10820,4600.11181640625
10821,5280.31494140625
10822,4748.419921875
10823,8633.4658203125
10824,5869.2861328125
10825,5990.97216796875
10826,4313.76513671875
10827,5727.55517578125
10828,5459.9580078125
10829,6473.490234375
10830,8420.36328125
10831,7340.18896484375
10832,8211.19140625
10833,6170.3759765625
10834,4983.1064453125
10835,3935.775390625
10836,5824.2236328125
10837,7469.6064453125
10838,6279.28759765625
10839,7042.501953125
10840,13400.0693359375
10841,3620.413818359375
10842,5401.30615234375
10843,3481.77392578125
10844,7920.4248046875
10845,9864.5908203125
10846,8161.81689453125
10847,7576.19921875
10848,7841.45458984375
10849,7611.294921875
10850,7063.24365234375
10851,5402.345703125
10852,3214.6171875
10853,5100.892578125
10854,3416.938720703125
10855,3418.121826171875
10856,6732.47314453125
10857,16682.5078125
10858,6152.66650390625
10859,4367.359375
10860,4669.40771484375
10861,4679.296875
10862,5669.8154296875
10863,2021.873291015625
10864,7097.23193359375
10865,6977.99365234375
10866,3999.413330078125
10867,10798.7783203125
10868,11279.251953125
10869,6547.01416015625
10870,4236.89501953125
10871,4027.427734375
10872,3839.468017578125
10873,5843.845703125
10874,8292.765625
10875,3553.792724609375
10876,5773.314453125
10877,3312.58056640625
10878,5828.68994140625
10879,5103.61474609375
10880,8162.56298828125
10881,3805.3505859375
10882,8942.3076171875
10883,7624.373046875
10884,5668.17578125
10885,3907.907958984375
10886,3993.224609375
10887,5458.0498046875
10888,4587.45703125
10889,9945.1396484375
10890,5167.80712890625
10891,3819.29345703125
10892,6311.3505859375
10893,5402.76318359375
10894,6103.51708984375
10895,4032.905517578125
10896,5719.583984375
10897,9354.689453125
10898,6502.3330078125
10899,6373.765625
10900,4595.12646484375
10901,5233.99658203125
10902,5635.5546875
10903,3582.02978515625
10904,5157.91943359375
10905,6409.8212890625
10906,11341.533203125
10907,6504.9775390625
10908,5318.76611328125
10909,6095.087890625
10910,6232.16455078125
10911,7341.07958984375
10912,5343.91650390625
10913,8429.5947265625
10914,6797.11962890625
10915,6027.1044921875
10916,3468.119384765625
10917,4284.5576171875
10918,4392.6884765625
10919,20912.30859375
10920,2443.796142578125
10921,5453.7548828125
10922,6184.025390625
10923,7425.564453125
10924,6049.1005859375
10925,8811.1494140625
10926,5766.3408203125
10927,6567.046875
10928,3518.278076171875
10929,8048.919921875
10930,4479.35546875
10931,6648.96923828125
10932,8931.099609375
10933,4354.78271484375
10934,8508.0849609375
10935,7577.3271484375
10936,3479.71826171875
10937,6027.45703125
10938,6983.65576171875
10939,2878.314453125
10940,8868.0400390625
10941,7127.2001953125
10942,5403.2392578125
10943,9482.810546875
10944,8776.22265625
10945,5978.81201171875
10946,4779.54150390625
10947,4230.62744140625
10948,5518.1357421875
10949,3269.1337890625
10950,6266.47314453125
10951,2711.102783203125
10952,5351.5244140625
10953,2742.4619140625
10954,6077.27587890625
10955,5263.4267578125
10956,4988.2626953125
10957,5431.4658203125
10958,8278.4189453125
10959,5134.791015625
10960,7440.13232421875
10961,5059.03369140625
10962,6039.25341796875
10963,9555.4599609375
10964,8156.9541015625
10965,4422.53662109375
10966,5506.99755859375
10967,6031.05615234375
10968,3386.28857421875
10969,11788.0283203125
10970,5520.6015625
10971,6080.47607421875
10972,9122.068359375
10973,6977.7265625
10974,2256.089599609375
10975,12426.89453125
10976,8554.09375
10977,6188.2314453125
10978,6723.5537109375
10979,7012.2275390625
10980,8499.515625
10981,6262.7421875
10982,4231.4560546875
10983,3593.851318359375
10984,5712.05615234375
10985,6687.099609375
10986,3171.2587890625
10987,8205.1240234375
10988,6059.23193359375
10989,4592.46728515625
10990,6827.271484375
10991,5332.57958984375
10992,6862.80419921875
10993,4736.9462890625
10994,5415.185546875
10995,5070.3955078125
10996,3981.86279296875
10997,6477.61669921875
10998,6892.77587890625
10999,7437.11767578125
11000,5767.646484375
11001,4385.9462890625
11002,6309.70263671875
11003,7291.60546875
11004,7286.251953125
11005,3757.309326171875
11006,2937.798828125
11007,7821.44775390625
11008,6332.9150390625
11009,4378.05859375
11010,7873.14599609375
11011,6882.5830078125
11012,5512.56005859375
11013,5191.826171875
11014,1379.2254638671875
11015,6344.72314453125
11016,6011.72900390625
11017,4513.70361328125
11018,7257.43701171875
11019,6351.08056640625
11020,3709.767333984375
11021,5465.1669921875
11022,4342.08349609375
11023,1669.69580078125
11024,6146.93798828125
11025,6639.00830078125
11026,6024.236328125
11027,4576.1328125
11028,2599.008056640625
11029,4197.32080078125
11030,4923.111328125
11031,5635.736328125
11032,8205.66015625
11033,3867.71435546875
11034,5695.4228515625
11035,3269.821533203125
11036,6664.6748046875
11037,3180.042236328125
11038,3407.14013671875
11039,5082.50830078125
11040,4111.2578125
11041,7061.68408203125
11042,5159.92822265625
11043,5535.802734375
11044,5613.06640625
11045,7500.18359375
11046,5176.7236328125
11047,3697.424560546875
11048,9246.052734375
11049,6231.97705078125
11050,6283.99169921875
11051,2973.187744140625
11052,5441.880859375
11053,5432.35009765625
11054,4329.82958984375
11055,7666.86474609375
11056,8834.8671875
11057,6929.96142578125
11058,6116.265625
11059,5846.81201171875
11060,6734.76513671875
11061,9960.0322265625
11062,2619.3232421875
11063,4039.191162109375
11064,4958.09423828125
11065,5908.49169921875
11066,5503.328125
11067,8049.1689453125
11068,5748.4892578125
11069,6045.5830078125
11070,2943.30517578125
11071,6217.16455078125
11072,8513.1044921875
11073,3375.326416015625
11074,6359.126953125
11075,3793.117431640625
11076,5725.1630859375
11077,5407.67578125
11078,5539.76318359375
11079,5242.6220703125
11080,4266.6669921875
11081,5538.001953125
11082,7070.18017578125
11083,5552.01806640625
11084,8113.87451171875
11085,5924.2392578125
11086,8742.6005859375
11087,5670.08544921875
11088,3930.56982421875
11089,8858.3271484375
11090,3511.852294921875
11091,9093.5927734375
11092,6474.99755859375
11093,5038.6298828125
11094,6570.0927734375
11095,4571.64794921875
11096,4517.68505859375
11097,7761.060546875
11098,2873.44677734375
11099,3565.789306640625
11100,5624.5029296875
11101,5987.29052734375
11102,10063.869140625
11103,6482.92041015625
11104,5382.142578125
11105,4063.52001953125
11106,6464.57470703125
11107,3159.7587890625
11108,8306.724609375
11109,7259.36376953125
11110,10022.6162109375
11111,5878.6982421875
11112,5482.5703125
11113,9143.125
11114,8468.791015625
11115,3186.74365234375
11116,7972.5712890625
11117,6797.044921875
11118,6879.79736328125
11119,5496.61083984375
11120,4504.732421875
11121,3584.169921875
11122,5477.66064453125
11123,3875.03369140625
11124,3128.864501953125
11125,7557.5322265625
11126,5237.212890625
11127,22512.63671875
11128,7328.1953125
11129,4718.845703125
11130,7948.53515625
11131,10339.98828125
11132,5873.294921875
11133,7749.56982421875
11134,5833.68994140625
11135,7517.072265625
11136,7725.36279296875
11137,6212.43798828125
11138,5639.17138671875
11139,7507.1142578125
11140,7259.572265625
11141,7108.53271484375
11142,8124.32958984375
11143,6642.078125
11144,5216.65087890625
11145,8274.4716796875
11146,10042.478515625
11147,11330.123046875
11148,10295.1591796875
11149,8434.5361328125
11150,4482.46435546875
11151,6374.11474609375
11152,4302.0546875
11153,8841.46875
11154,12034.5009765625
11155,8677.16015625
11156,6282.34375
11157,6258.8369140625
11158,4836.48779296875
11159,6641.892578125
11160,10443.44921875
11161,7082.9775390625
11162,5409.072265625
11163,6202.45166015625
11164,6803.7216796875
11165,3993.288818359375
11166,6690.4609375
11167,5408.82177734375
11168,7508.99658203125
11169,7246.29443359375
11170,5292.70556640625
11171,7789.8798828125
11172,6503.83056640625
11173,4561.865234375
11174,6871.9013671875
11175,7893.044921875
11176,12757.6337890625
11177,6975.3359375
11178,7641.08349609375
11179,6574.22509765625
11180,10781.4326171875
11181,7477.57763671875
11182,11141.5380859375
11183,4589.01171875
11184,3855.914794921875
11185,5672.88623046875
11186,6139.76416015625
11187,10338.6923828125
11188,8949.00390625
11189,5487.86669921875
11190,8623.5126953125
11191,7557.3173828125
11192,11651.8203125
11193,3924.397705078125
11194,13756.0625
11195,4678.6982421875
11196,5792.75732421875
11197,8773.7099609375
11198,5481.16357421875
11199,7202.201171875
11200,7203.68505859375
11201,7712.30712890625
11202,5847.802734375
11203,5761.4033203125
11204,8402.958984375
11205,7962.61865234375
11206,7233.4951171875
11207,4508.38720703125
11208,7526.63134765625
11209,12997.84765625
11210,6707.37890625
11211,4107.6572265625
11212,7694.39111328125
11213,6054.85693359375
11214,7038.39501953125
11215,8417.4423828125
11216,4097.62890625
11217,7882.021484375
11218,6422.595703125
11219,8365.7734375
11220,7568.84765625
11221,5148.83935546875
11222,5898.14208984375
11223,5810.3857421875
11224,9747.658203125
11225,10126.82421875
11226,4553.02490234375
11227,4935.05322265625
11228,7475.3505859375
11229,7190.3818359375
11230,5854.89013671875
11231,6692.7958984375
11232,7316.71337890625
11233,6825.69189453125
11234,5703.71875
11235,5614.806640625
11236,7600.6669921875
11237,8880.5166015625
11238,8364.248046875
11239,8616.23828125
11240,8680.8623046875
11241,6250.7568359375
11242,9587.8671875
11243,6093.56591796875
11244,7315.43115234375
11245,9766.041015625
11246,7446.4765625
11247,9996.17578125
11248,8959.37109375
11249,8679.310546875
11250,6297.51708984375
11251,7530.30908203125
11252,8715.8876953125
11253,5762.2802734375
11254,3684.474365234375
11255,7253.25830078125
11256,8182.58837890625
11257,6195.1298828125
11258,4467.080078125
11259,8903.55078125
11260,6207.3974609375
11261,6569.94384765625
11262,6653.74609375
11263,5344.443359375
11264,7209.31396484375
11265,7353.45166015625
11266,7127.3603515625
11267,6190.2998046875
11268,6116.0830078125
11269,6539.0380859375
11270,3861.754150390625
11271,6859.39697265625
11272,6533.908203125
11273,9508.4345703125
11274,7386.66162109375
11275,6242.5986328125
11276,13245.453125
11277,4580.60693359375
11278,5476.67822265625
11279,10916.625
11280,7751.09814453125
11281,9286.3486328125
11282,8887.9521484375
11283,6223.48681640625
11284,6819.31787109375
11285,5794.84521484375
11286,7954.9443359375
11287,11679.119140625
11288,6308.45458984375
11289,4771.119140625
11290,4074.291748046875
11291,8114.6162109375
11292,8727.462890625
11293,7853.7568359375
11294,7474.1162109375
11295,4980.51025390625
11296,3999.041748046875
11297,3759.658935546875
11298,4831.60205078125
11299,6326.2578125
11300,7374.12890625
11301,6393.74072265625
11302,10911.5673828125
11303,9174.748046875
11304,10162.8330078125
11305,7393.47998046875
11306,5676.837890625
11307,9965.3505859375
11308,12024.1123046875
11309,6406.9189453125
11310,7773.7431640625
11311,5306.01220703125
11312,6609.412109375
11313,4919.1005859375
11314,5953.46875
11315,5165.8603515625
11316,9166.150390625
11317,7730.4638671875
11318,9277.2705078125
11319,7845.51708984375
11320,5559.3828125
11321,9833.5625
11322,19354.271484375
11323,10270.923828125
11324,5695.5537109375
11325,3802.134033203125
11326,7488.75439453125
11327,8208.1142578125
11328,6866.92236328125
11329,12295.8984375
11330,21383.98828125
11331,5166.0947265625
11332,5836.6533203125
11333,7976.27978515625
11334,5524.33447265625
11335,8071.9443359375
11336,6059.0791015625
11337,8037.09033203125
11338,5473.3916015625
11339,6020.62451171875
11340,7051.728515625
11341,7371.4609375
11342,9634.091796875
11343,7322.9521484375
11344,6000.64990234375
11345,7543.6865234375
11346,5988.01611328125
11347,5566.25244140625
11348,8799.79296875
11349,7114.7744140625
11350,6365.77978515625
11351,7860.07958984375
11352,6082.51904296875
11353,6328.9501953125
11354,7149.79345703125
11355,7105.22900390625
11356,10363.9912109375
11357,9441.2216796875
11358,7930.43310546875
11359,6472.5322265625
11360,4246.12841796875
11361,7149.35791015625
11362,7445.28564453125
11363,6619.044921875
11364,4632.61767578125
11365,7928.3408203125
11366,7301.07421875
11367,8886.626953125
11368,6879.79248046875
11369,5654.13037109375
11370,5152.9541015625
11371,4434.1630859375
11372,11600.765625
11373,7294.82177734375
11374,8781.0380859375
11375,14438.2509765625
11376,8208.7412109375
11377,4742.50634765625
11378,6285.8916015625
11379,5409.671875
11380,8834.4912109375
11381,3979.823486328125
11382,5540.169921875
11383,9344.62890625
11384,8138.23193359375
11385,14603.83203125
11386,12524.005859375
11387,5661.95947265625
11388,6821.66259765625
11389,5848.44384765625
11390,7550.18408203125
11391,6224.4990234375
11392,11957.244140625
11393,8786.9013671875
11394,8383.13671875
11395,6000.9052734375
11396,8196.6533203125
11397,7624.4443359375
11398,9433.6474609375
11399,8244.091796875
11400,6885.94921875
11401,7051.51904296875
11402,5919.03125
11403,8763.806640625
11404,9593.49609375
11405,7926.06298828125
11406,10171.1279296875
11407,7232.5986328125
11408,9323.3935546875
11409,5510.83056640625
11410,5852.2646484375
11411,5668.06591796875
11412,10866.921875
11413,6768.04736328125
11414,8933.291015625
11415,7856.58935546875
11416,7494.9306640625
11417,6786.85498046875
11418,8341.4140625
11419,6571.970703125
11420,4134.640625
11421,11528.939453125
11422,17143.763671875
11423,8242.9423828125
11424,7888.90283203125
11425,9870.3076171875
11426,10732.375
11427,11080.2958984375
11428,6254.43115234375
11429,7518.56298828125
11430,6969.98828125
11431,9745.8671875
11432,4823.79150390625
11433,6793.96533203125
11434,5735.37109375
11435,6226.35400390625
11436,7071.04736328125
11437,5155.51953125
11438,4533.43603515625
11439,9083.8505859375
11440,4791.89892578125
11441,5844.392578125
11442,6353.7236328125
11443,7158.3955078125
11444,10537.5654296875
11445,10298.0361328125
11446,7853.89892578125
11447,7604.4873046875
11448,6281.44384765625
11449,10438.1455078125
11450,6504.39306640625
11451,5404.2412109375
11452,5109.96240234375
11453,10694.5673828125
11454,4301.76171875
11455,7258.66650390625
11456,2934.837646484375
11457,4705.3203125
11458,7383.13916015625
11459,8212.748046875
11460,6977.71240234375
11461,9336.1904296875
11462,10163.333984375
11463,10238.4501953125
11464,5599.599609375
11465,10416.4287109375
11466,3126.251220703125
11467,5985.92138671875
11468,7230.47802734375
11469,4842.15673828125
11470,8690.5751953125
11471,6070.560546875
11472,4733.05126953125
11473,9086.4853515625
11474,10077.076171875
11475,8336.1123046875
11476,5810.5625
11477,5845.021484375
11478,9425.994140625
11479,8529.75390625
11480,5076.5087890625
11481,6075.86572265625
11482,7568.9619140625
11483,9140.408203125
11484,6073.375
11485,5680.9052734375
11486,9202.689453125
11487,9117.9140625
11488,12442.912109375
11489,6172.71240234375
11490,14296.8544921875
11491,7579.951171875
11492,5326.78173828125
11493,2684.992919921875
11494,6216.03173828125
11495,7809.3935546875
11496,6031.22119140625
11497,8293.31640625
11498,5633.71923828125
11499,4548.55322265625
11500,7202.80224609375
11501,5379.603515625
11502,7517.74560546875
11503,8106.85595703125
11504,8446.486328125
11505,9005.2431640625
11506,6204.38623046875
11507,9821.359375
11508,6189.013671875
11509,5584.9072265625
11510,5614.55224609375
11511,5042.09814453125
11512,10604.9580078125
11513,6233.140625
11514,4747.4443359375
11515,6342.66748046875
11516,9269.3798828125
11517,7784.12890625
11518,7060.68798828125
11519,8888.830078125
11520,5671.57666015625
11521,7007.38427734375
11522,6090.9794921875
11523,10307.65625
11524,5653.5673828125
11525,6074.23193359375
11526,5709.75537109375
11527,5973.91552734375
11528,3928.427734375
11529,6818.66455078125
11530,7955.01123046875
11531,8489.3564453125
11532,11046.1572265625
11533,12207.7216796875
11534,9152.7060546875
11535,5951.9814453125
11536,4603.4599609375
11537,10548.912109375
11538,10992.9736328125
11539,8700.791015625
11540,8295.798828125
11541,9663.1142578125
11542,5792.17333984375
11543,4859.6005859375
11544,8905.4169921875
11545,6498.322265625
11546,6714.283203125
11547,5846.71728515625
11548,2806.38671875
11549,11334.205078125
11550,5866.0849609375
11551,5095.76513671875
11552,5361.35205078125
11553,5173.91357421875
11554,6447.1103515625
11555,8003.0703125
11556,7253.26220703125
11557,5386.7177734375
11558,6263.501953125
11559,3825.423095703125
11560,4222.021484375
11561,7652.73095703125
11562,17958.83203125
11563,4735.01123046875
11564,6019.12890625
11565,6673.833984375
11566,5777.44580078125
11567,5666.24365234375
11568,5488.88720703125
11569,4933.568359375
11570,9043.3759765625
11571,7628.68603515625
11572,4519.08935546875
11573,10312.244140625
11574,4677.54052734375
11575,4723.1591796875
11576,10090.4052734375
11577,8208.1123046875
11578,9460.505859375
11579,6444.4658203125
11580,6933.38134765625
11581,5553.1875
11582,5331.58349609375
11583,11105.4619140625
11584,12352.912109375
11585,7094.6865234375
11586,5195.74951171875
11587,5362.80029296875
11588,6839.40771484375
11589,4716.69140625
11590,8627.8544921875
11591,5266.61083984375
11592,5312.068359375
11593,7963.09423828125
11594,5296.57958984375
11595,6922.11181640625
11596,7293.7294921875
11597,7872.1318359375
11598,7278.93603515625
11599,4420.93115234375
11600,5785.17333984375
11601,6712.21875
11602,9806.740234375
11603,7808.541015625
11604,7791.8642578125
11605,4572.97119140625
11606,8540.6875
11607,6461.59130859375
11608,4725.3271484375
11609,7546.064453125
11610,7126.95361328125
11611,6893.39111328125
11612,7159.703125
11613,6740.72705078125
11614,7221.787109375
11615,6065.97607421875
11616,6970.56884765625
11617,7787.21826171875
11618,5633.71337890625
11619,10126.6083984375
11620,6321.21142578125
11621,5755.14013671875
11622,12877.6044921875
11623,5284.91796875
11624,3874.69482421875
11625,7775.74755859375
11626,12635.7412109375
11627,11940.0302734375
11628,4432.2529296875
11629,6599.50634765625
11630,6332.8466796875
11631,7776.51318359375
11632,6716.14794921875
11633,7755.4619140625
11634,3053.798828125
11635,5906.78515625
11636,6240.6142578125
11637,5748.36181640625
11638,5117.67333984375
11639,7053.92578125
11640,8504.935546875
11641,5231.66796875
11642,7928.39794921875
11643,7542.6591796875
11644,8660.9638671875
11645,6070.19482421875
11646,7781.994140625
11647,7091.97021484375
11648,8562.2119140625
11649,8386.544921875
11650,4313.54296875
11651,9229.046875
11652,9336.3251953125
11653,7609.1416015625
11654,4756.43359375
11655,3948.239990234375
11656,8426.3740234375
11657,6670.40673828125
11658,9149.0634765625
11659,7542.54052734375
11660,6208.03271484375
11661,8585.9814453125
11662,6253.6826171875
11663,7408.18798828125
11664,7997.85009765625
11665,6056.8681640625
11666,9592.32421875
11667,11914.9091796875
11668,7738.78466796875
11669,4974.056640625
11670,6681.50146484375
11671,4524.2421875
11672,3441.307373046875
11673,8767.7822265625
11674,6656.6708984375
11675,9551.009765625
11676,5038.83544921875
11677,7363.85498046875
11678,6363.67724609375
11679,8584.0185546875
11680,6319.00830078125
11681,6347.72802734375
11682,5501.0771484375
11683,7205.978515625
11684,5177.4169921875
11685,8127.4169921875
11686,7705.61376953125
11687,8294.66015625
11688,8388.3623046875
11689,7362.03662109375
11690,6072.74853515625
11691,6071.2685546875
11692,6254.60595703125
11693,9742.7509765625
11694,9318.4580078125
11695,7662.814453125
11696,16323.79296875
11697,7045.02197265625
11698,5707.87890625
11699,6964.12353515625
11700,8949.4052734375
11701,10538.375
11702,8171.27978515625
11703,7755.70751953125
11704,8853.501953125
11705,6849.2685546875
11706,7449.58251953125
11707,6312.62841796875
11708,4974.68408203125
11709,5677.05712890625
11710,4302.22314453125
11711,5778.24755859375
11712,8469.66796875
11713,18040.171875
11714,6477.298828125
11715,5331.5009765625
11716,9250.24609375
11717,4851.38037109375
11718,6308.69677734375
11719,4256.79150390625
11720,9921.517578125
11721,7042.71240234375
11722,7035.96240234375
11723,13077.0654296875
11724,12862.2412109375
11725,6247.26220703125
11726,6664.82421875
11727,3746.886474609375
11728,5439.998046875
11729,6551.8583984375
11730,9338.583984375
11731,4005.345458984375
11732,5496.1640625
11733,4942.3935546875
11734,6060.18994140625
11735,8243.2607421875
11736,7180.171875
11737,3722.716796875
11738,8814.4462890625
11739,9589.2001953125
11740,9215.4775390625
11741,5537.69482421875
11742,4337.8828125
11743,8137.27587890625
11744,4740.24853515625
11745,10048.1943359375
11746,5613.98193359375
11747,5284.771484375
11748,7005.27197265625
11749,7865.89990234375
11750,5124.5849609375
11751,6858.96142578125
11752,7055.560546875
11753,8994.091796875
11754,10386.2919921875
11755,6536.1953125
11756,4464.40087890625
11757,6002.1611328125
11758,6549.10009765625
11759,4832.82763671875
11760,6606.75439453125
11761,7375.3212890625
11762,11206.5146484375
11763,7330.3369140625
11764,6025.89990234375
11765,7852.2685546875
11766,6689.9765625
11767,9346.314453125
11768,5811.13232421875
11769,11916.2919921875
11770,7522.83154296875
11771,6782.1845703125
11772,5681.96630859375
11773,3977.84130859375
11774,6689.8564453125
11775,20470.1796875
11776,4624.6337890625
11777,6108.1123046875
11778,9503.4384765625
11779,6553.27099609375
11780,6227.54931640625
11781,8830.3994140625
11782,6985.30078125
11783,6588.7353515625
11784,3820.474853515625
11785,10064.7939453125
11786,6746.0869140625
11787,7698.8466796875
11788,8210.296875
11789,5163.15869140625
11790,9098.7314453125
11791,6923.48388671875
11792,3111.29638671875
11793,8514.4853515625
11794,9764.33203125
11795,4844.517578125
11796,8215.158203125
11797,7841.5087890625
11798,4986.38720703125
11799,9348.9521484375
11800,7410.60205078125
11801,7179.5244140625
11802,5075.53466796875
11803,6401.46142578125
11804,6232.8232421875
11805,3904.6533203125
11806,7848.61376953125
11807,4878.2041015625
11808,6580.34716796875
11809,4391.919921875
11810,6909.42724609375
11811,5937.48291015625
11812,7482.15234375
11813,7769.36474609375
11814,9054.1953125
11815,6550.146484375
11816,7420.37646484375
11817,5819.69921875
11818,9306.1650390625
11819,9606.296875
11820,8582.3056640625
11821,4155.646484375
11822,6269.130859375
11823,7737.5947265625
11824,3453.60302734375
11825,11553.0576171875
11826,4788.154296875
11827,8783.7666015625
11828,11461.6240234375
11829,6759.625
11830,4472.92236328125
11831,11060.169921875
11832,10395.6904296875
11833,5215.55029296875
11834,8719.294921875
11835,8588.5322265625
11836,7471.65478515625
11837,7176.00439453125
11838,7638.5341796875
11839,6159.888671875
11840,4632.072265625
11841,7832.45654296875
11842,5206.80908203125
11843,7476.75390625
11844,7033.0625
11845,6880.56640625
11846,8227.55859375
11847,5939.94482421875
11848,6731.08642578125
11849,4783.4609375
11850,9064.3720703125
11851,7120.5185546875
11852,6063.8955078125
11853,9132.357421875
11854,8165.87158203125
11855,9241.19921875
11856,6230.82421875
11857,5651.51904296875
11858,6969.666015625
11859,7303.36181640625
11860,6979.5810546875
11861,4624.337890625
11862,4197.88818359375
11863,6547.88330078125
11864,8138.9853515625
11865,6955.95263671875
11866,8356.982421875
11867,6782.296875
11868,6308.75830078125
11869,4939.41455078125
11870,2789.6767578125
11871,7776.27197265625
11872,6876.77978515625
11873,7197.2646484375
11874,8590.615234375
11875,7537.57470703125
11876,4966.46728515625
11877,7223.78857421875
11878,3837.59619140625
11879,3132.428466796875
11880,6625.42578125
11881,9578.78515625
11882,7952.8984375
11883,7614.6416015625
11884,3781.30419921875
11885,7167.431640625
11886,7779.37939453125
11887,6342.74951171875
11888,5948.67529296875
11889,4979.6416015625
11890,6962.10888671875
11891,5626.134765625
11892,6223.54541015625
11893,5792.41015625
11894,5730.84130859375
11895,5639.49609375
11896,4859.05908203125
11897,6990.9443359375
11898,8798.619140625
11899,5956.3193359375
11900,6446.5556640625
11901,7559.203125
11902,4650.09765625
11903,8342.2041015625
11904,8488.9638671875
11905,6800.9423828125
11906,6476.65771484375
11907,4241.47119140625
11908,12290.025390625
11909,6645.01123046875
11910,5742.537109375
11911,8802.9306640625
11912,8388.857421875
11913,7234.7177734375
11914,6239.3203125
11915,7315.62158203125
11916,9818.6025390625
11917,11413.345703125
11918,4530.75
11919,4694.716796875
11920,5513.7724609375
11921,6357.853515625
11922,6659.54150390625
11923,7257.6728515625
11924,8948.08984375
11925,5179.19873046875
11926,4623.23779296875
11927,6075.3876953125
11928,9375.1748046875
11929,6096.77197265625
11930,8009.18212890625
11931,6323.2421875
11932,8000.16943359375
11933,7476.69677734375
11934,7595.369140625
11935,7705.212890625
11936,6912.42919921875
11937,5418.1943359375
11938,6829.8837890625
11939,8721.689453125
11940,8871.544921875
11941,7546.720703125
11942,8827.6650390625
11943,7194.66455078125
11944,4452.5517578125
11945,10256.9111328125
11946,5079.09814453125
11947,10761.201171875
11948,6715.08203125
11949,4782.07568359375
11950,6653.435546875
11951,5041.7890625
11952,7465.62646484375
11953,8538.1845703125
11954,3660.2294921875
11955,5138.4921875
11956,8280.921875
11957,10052.4267578125
11958,10320.015625
11959,5970.21044921875
11960,6014.70361328125
11961,6670.537109375
11962,7570.66796875
11963,5269.75146484375
11964,10312.193359375
11965,9178.3994140625
11966,11242.3017578125
11967,4821.900390625
11968,6288.97216796875
11969,10117.875
11970,8963.3486328125
11971,5733.48828125
11972,9431.033203125
11973,7018.15478515625
11974,7424.89501953125
11975,6134.68359375
11976,6253.513671875
11977,5431.439453125
11978,5924.82568359375
11979,5323.84033203125
11980,6895.04638671875
11981,8499.5283203125
11982,6349.4697265625
11983,24518.0234375
11984,8701.380859375
11985,4656.57373046875
11986,8657.4697265625
11987,11569.5439453125
11988,7072.26025390625
11989,8087.380859375
11990,6578.6142578125
11991,8223.8056640625
11992,8561.0771484375
11993,6621.61962890625
11994,6182.15869140625
11995,7700.38623046875
11996,8051.77783203125
11997,7953.21337890625
11998,9592.6123046875
11999,6652.20068359375
12000,4902.29052734375
12001,8355.287109375
12002,10089.212890625
12003,12575.7744140625
12004,10700.2138671875
12005,8658.4365234375
12006,5566.1416015625
12007,6577.892578125
12008,5075.37451171875
12009,9515.1513671875
12010,13041.3310546875
12011,9264.259765625
12012,6243.9150390625
12013,6828.681640625
12014,5244.0087890625
12015,6967.876953125
12016,11475.72265625
12017,7557.6923828125
12018,5469.97607421875
12019,4744.6474609375
12020,8196.732421875
12021,4100.1630859375
12022,6659.79248046875
12023,5685.443359375
12024,7634.87158203125
12025,8810.849609375
12026,6142.7236328125
12027,8091.9853515625
12028,6840.0654296875
12029,6031.552734375
12030,7377.015625
12031,7736.00048828125
12032,13001.6220703125
12033,6991.6728515625
12034,8031.97998046875
12035,7374.01318359375
12036,10083.28515625
12037,6809.32080078125
12038,10397.236328125
12039,4669.86767578125
12040,5073.185546875
12041,6338.18310546875
12042,6250.89013671875
12043,9605.107421875
12044,8949.4990234375
12045,5715.5
12046,8219.0693359375
12047,6842.25537109375
12048,12602.7841796875
12049,4096.61767578125
12050,14245.978515625
12051,4554.92529296875
12052,5943.10595703125
12053,9026.8427734375
12054,5571.318359375
12055,7247.14306640625
12056,7067.80908203125
12057,8467.66796875
12058,6636.447265625
12059,6087.6640625
12060,8034.7880859375
12061,7900.63720703125
12062,7031.56689453125
12063,4974.08447265625
12064,7908.05078125
12065,12137.2333984375
12066,7146.04541015625
12067,5209.64404296875
12068,8155.3515625
12069,6707.921875
12070,6384.34716796875
12071,7332.66015625
12072,4615.400390625
12073,8147.2109375
12074,7367.9814453125
12075,7696.0634765625
12076,8222.7958984375
12077,4560.49462890625
12078,6971.94091796875
12079,5568.48095703125
12080,9987.962890625
12081,9173.6123046875
12082,5237.84326171875
12083,5224.4208984375
12084,7372.4091796875
12085,6918.8837890625
12086,5957.75
12087,5933.9990234375
12088,6924.6533203125
12089,7913.041015625
12090,6028.2265625
12091,5598.28125
12092,7564.390625
12093,9429.2109375
12094,9089.857421875
12095,8742.369140625
12096,8575.880859375
12097,5906.7919921875
12098,9721.7333984375
12099,6079.203125
12100,8485.658203125
12101,10151.1015625
12102,6982.16943359375
12103,10758.2578125
12104,8636.78125
12105,8331.4287109375
12106,5809.83203125
12107,7963.3486328125
12108,8861.87890625
12109,5895.73681640625
12110,4087.65087890625
12111,7947.431640625
12112,8081.51513671875
12113,6375.94677734375
12114,4656.11279296875
12115,9643.41015625
12116,5902.453125
12117,6359.67041015625
12118,7171.29833984375
12119,5940.73095703125
12120,8025.4404296875
12121,8278.5087890625
12122,7312.36083984375
12123,6123.404296875
12124,6933.0302734375
12125,6706.93408203125
12126,3543.54052734375
12127,7097.29296875
12128,6521.24365234375
12129,9939.9140625
12130,7361.26904296875
12131,6350.58837890625
12132,12135.6162109375
12133,5348.4853515625
12134,5916.50732421875
12135,11152.1328125
12136,7376.55078125
12137,9171.603515625
12138,8695.560546875
12139,6304.02392578125
12140,7139.58056640625
12141,5786.7685546875
12142,8935.3662109375
12143,12533.140625
12144,7224.63232421875
12145,4929.7001953125
12146,5278.90283203125
12147,8383.73046875
12148,7840.0693359375
12149,6803.7177734375
12150,7689.1630859375
12151,5525.57861328125
12152,5352.31103515625
12153,4025.2001953125
12154,5867.7109375
12155,6625.22900390625
12156,7543.0791015625
12157,6567.71435546875
12158,8721.9951171875
12159,9169.3896484375
12160,9947.859375
12161,7621.22265625
12162,6208.9521484375
12163,10034.7470703125
12164,11059.21484375
12165,7104.216796875
12166,8055.02783203125
12167,5711.978515625
12168,6682.86279296875
12169,4991.18310546875
12170,7149.6884765625
12171,4902.1396484375
12172,9611.21875
12173,8093.5771484375
12174,9319.333984375
12175,8826.8896484375
12176,5827.27294921875
12177,9529.7333984375
12178,20553.880859375
12179,10677.32421875
12180,6892.51025390625
12181,2398.155029296875
12182,7462.0654296875
12183,8796.7978515625
12184,6555.0439453125
12185,13180.9814453125
12186,20033.009765625
12187,5607.306640625
12188,6123.572265625
12189,10351.1103515625
12190,5602.0234375
12191,8802.44921875
12192,6231.4228515625
12193,8616.9443359375
12194,5465.17431640625
12195,5172.46728515625
12196,6736.56396484375
12197,8464.837890625
12198,9407.3779296875
12199,6896.1494140625
12200,6152.93896484375
12201,7386.30224609375
12202,5620.7109375
12203,5362.28564453125
12204,8107.0361328125
12205,6838.3330078125
12206,6289.49609375
12207,8179.166015625
12208,6178.1728515625
12209,6492.55224609375
12210,7993.37158203125
12211,7465.0478515625
12212,9506.3466796875
12213,8929.5244140625
12214,7727.98095703125
12215,6351.666015625
12216,4405.337890625
12217,7303.0107421875
12218,8023.11376953125
12219,6328.7763671875
12220,4829.10009765625
12221,7534.7158203125
12222,8128.42578125
12223,9334.2890625
12224,7659.17626953125
12225,5753.20751953125
12226,5671.80908203125
12227,5381.3095703125
12228,11764.6630859375
12229,6593.10205078125
12230,9335.486328125
12231,16884.361328125
12232,8020.677734375
12233,7285.54931640625
12234,5826.87158203125
12235,5556.01416015625
12236,7932.89697265625
12237,4537.7548828125
12238,6273.87255859375
12239,11662.9423828125
12240,7771.23681640625
12241,15868.498046875
12242,13754.1552734375
12243,6154.11767578125
12244,7385.98046875
12245,6620.03125
12246,7847.45556640625
12247,6420.400390625
12248,11211.08203125
12249,8482.0595703125
12250,9520.5361328125
12251,6106.2880859375
12252,8472.48828125
12253,7044.9091796875
12254,8953.4091796875
12255,7944.98388671875
12256,7153.017578125
12257,7227.01953125
12258,6829.841796875
12259,8876.974609375
12260,11018.033203125
12261,7886.4951171875
12262,11004.4794921875
12263,7103.26708984375
12264,9999.6376953125
12265,5703.544921875
12266,6426.83056640625
12267,5953.20556640625
12268,10883.1669921875
12269,6640.1416015625
12270,9688.505859375
12271,8145.2119140625
12272,7429.81591796875
12273,6360.423828125
12274,9168.953125
12275,7723.955078125
12276,4499.7353515625
12277,11548.8583984375
12278,18849.802734375
12279,7265.1533203125
12280,7739.45556640625
12281,9967.2607421875
12282,11312.5771484375
12283,12074.8525390625
12284,6957.05615234375
12285,8010.0478515625
12286,7206.0478515625
12287,9234.693359375
12288,5129.38427734375
12289,7367.88427734375
12290,5544.5341796875
12291,5770.732421875
12292,7076.6279296875
12293,6519.79443359375
12294,5544.69384765625
12295,9056.853515625
12296,4361.92724609375
12297,6043.97607421875
12298,6773.41064453125
12299,6958.10888671875
12300,10383.2236328125
12301,9642.818359375
12302,8570.2724609375
12303,7613.6396484375
12304,6794.904296875
12305,11718.7021484375
12306,7640.24365234375
12307,6560.01025390625
12308,5406.78564453125
12309,10133.4970703125
12310,4681.99267578125
12311,7466.5986328125
12312,3494.491455078125
12313,5415.8935546875
12314,9020.5576171875
12315,7585.591796875
12316,6344.6787109375
12317,9450.3984375
12318,10620.6552734375
12319,11927.892578125
12320,6916.46826171875
12321,9782.9248046875
12322,3632.021728515625
12323,6252.859375
12324,7085.72265625
12325,5593.119140625
12326,8302.0693359375
12327,6488.380859375
12328,5608.0400390625
12329,9142.5595703125
12330,11137.1123046875
12331,10706.6689453125
12332,6318.42919921875
12333,6267.099609375
12334,10602.205078125
12335,8792.2197265625
12336,6406.39794921875
12337,5807.6806640625
12338,6915.03564453125
12339,10566.4423828125
12340,5515.89990234375
12341,6892.91552734375
12342,8800.431640625
12343,8916.0283203125
12344,14490.4501953125
12345,6550.8271484375
12346,15099.1494140625
12347,7663.099609375
12348,5492.31591796875
12349,3728.359375
12350,6890.0107421875
12351,7393.54150390625
12352,5916.51611328125
12353,7970.16455078125
12354,5345.591796875
12355,5567.5810546875
12356,7074.04736328125
12357,6192.2783203125
12358,7203.69775390625
12359,7938.4482421875
12360,8798.30859375
12361,9436.296875
12362,6550.6279296875
12363,9585.7568359375
12364,6181.80126953125
12365,6316.16455078125
12366,5816.7177734375
12367,5561.42431640625
12368,11757.0341796875
12369,6976.60693359375
12370,5727.94482421875
12371,6916.43212890625
12372,8782.1533203125
12373,8274.3935546875
12374,7283.705078125
12375,9303.43359375
12376,6304.1181640625
12377,6907.703125
12378,6426.5771484375
12379,9696.3271484375
12380,6369.4052734375
12381,7093.35009765625
12382,5723.64208984375
12383,6144.12841796875
12384,4474.31494140625
12385,5858.46630859375
12386,7635.35888671875
12387,9905.0537109375
12388,11176.3662109375
12389,12814.6796875
12390,9296.0087890625
12391,6761.32275390625
12392,5231.2216796875
12393,11751.87109375
12394,11106.181640625
12395,7656.875
12396,9557.0205078125
12397,8962.7822265625
12398,6336.02490234375
12399,5797.7509765625
12400,8706.2353515625
12401,6888.95458984375
12402,7418.466796875
12403,6231.373046875
12404,3326.9091796875
12405,12123.591796875
12406,6314.4580078125
12407,5496.18798828125
12408,5269.87158203125
12409,5674.17041015625
12410,7547.041015625
12411,9037.0302734375
12412,7571.2939453125
12413,4943.56103515625
12414,5720.30419921875
12415,4320.1181640625
12416,4917.869140625
12417,7749.3408203125
12418,18282.99609375
12419,5745.015625
12420,6316.2958984375
12421,7580.416015625
12422,5685.236328125
12423,6401.68798828125
12424,5163.0263671875
12425,5409.93359375
12426,7776.099609375
12427,7510.439453125
12428,4201.95947265625
12429,9401.5810546875
12430,5228.513671875
12431,5075.46630859375
12432,9741.3564453125
12433,8710.3876953125
12434,10815.126953125
12435,6667.15673828125
12436,8017.18896484375
12437,5429.4140625
12438,5766.9716796875
12439,13372.5107421875
12440,11143.634765625
12441,7200.73095703125
12442,6192.5947265625
12443,4761.75830078125
12444,6784.82861328125
12445,6277.748046875
12446,11820.0380859375
12447,4701.783203125
12448,5486.8759765625
12449,7716.8291015625
12450,5004.9072265625
12451,7330.3916015625
12452,7951.92822265625
12453,7451.22900390625
12454,7502.3505859375
12455,4916.43896484375
12456,5749.748046875
12457,6772.22021484375
12458,9859.6240234375
12459,8220.2451171875
12460,7588.32861328125
12461,4809.52587890625
12462,8020.78564453125
12463,6959.81884765625
12464,5622.3046875
12465,7915.73583984375
12466,7608.40625
12467,7543.03515625
12468,7219.98193359375
12469,7242.2177734375
12470,6601.13525390625
12471,6375.333984375
12472,7540.19873046875
12473,7418.27392578125
12474,6139.8916015625
12475,10169.73828125
12476,6045.32275390625
12477,5982.31640625
12478,13280.41796875
12479,6163.0517578125
12480,4895.50341796875
12481,8177.2705078125
12482,11304.5322265625
12483,12987.4775390625
12484,5188.42041015625
12485,7048.6201171875
12486,5757.5732421875
12487,8010.25244140625
12488,6763.9404296875
12489,8205.234375
12490,3231.971435546875
12491,7027.46630859375
12492,7130.15673828125
12493,5744.6474609375
12494,5366.90478515625
12495,6959.88720703125
12496,8742.072265625
12497,5765.3623046875
12498,9013.990234375
12499,7448.06005859375
12500,9155.2236328125
12501,5774.14111328125
12502,7944.89990234375
12503,7435.37890625
12504,9455.9404296875
12505,7882.96875
12506,5598.28955078125
12507,9865.4287109375
12508,9262.0634765625
12509,8177.05322265625
12510,4761.1044921875
12511,4889.16845703125
12512,8376.9130859375
12513,7009.84619140625
12514,9569.48828125
12515,7173.92236328125
12516,6789.796875
12517,9286.2734375
12518,7262.1318359375
12519,7873.62646484375
12520,7935.84765625
12521,6316.03955078125
12522,10459.927734375
12523,11454.732421875
12524,8197.0361328125
12525,5319.51806640625
12526,6279.0419921875
12527,4555.17333984375
12528,4310.6630859375
12529,8595.3056640625
12530,5905.19189453125
12531,9856.40625
12532,4558.4423828125
12533,6886.80126953125
12534,6698.8115234375
12535,9719.5322265625
12536,5420.619140625
12537,6159.7255859375
12538,6480.44189453125
12539,7039.9384765625
12540,5451.3408203125
12541,8416.908203125
12542,7842.88671875
12543,8500.1376953125
12544,8111.5400390625
12545,7626.1767578125
12546,6018.17138671875
12547,5867.25146484375
12548,5963.162109375
12549,9206.912109375
12550,10205.638671875
12551,8659.4404296875
12552,15800.3486328125
12553,7093.6982421875
12554,6146.28271484375
12555,7351.50244140625
12556,8714.9033203125
12557,10978.0126953125
12558,7837.421875
12559,8845.3486328125
12560,8766.060546875
12561,7311.09814453125
12562,7644.3447265625
12563,6493.2763671875
12564,5091.7412109375
12565,5434.9140625
12566,4746.08203125
12567,6129.0556640625
12568,9126.572265625
12569,17246.203125
12570,6891.982421875
12571,6345.09033203125
12572,8916.345703125
12573,4955.22705078125
12574,6787.91015625
12575,5081.76904296875
12576,9707.9150390625
12577,7027.57275390625
12578,6866.39453125
12579,13983.7587890625
12580,12610.115234375
12581,7314.693359375
12582,7147.0439453125
12583,4194.92919921875
12584,5611.85595703125
12585,8005.35302734375
12586,9160.8642578125
12587,4483.98876953125
12588,5749.9384765625
12589,4942.4638671875
12590,6172.830078125
12591,8730.0107421875
12592,7857.74072265625
12593,3624.054931640625
12594,8223.5341796875
12595,10119.8447265625
12596,9356.1572265625
12597,6023.4404296875
12598,4671.697265625
12599,8871.7958984375
12600,4224.21875
12601,11115.2236328125
12602,5684.47705078125
12603,6081.8623046875
12604,7510.33203125
12605,6775.81884765625
12606,6030.3369140625
12607,6707.57470703125
12608,7545.8291015625
12609,9066.814453125
12610,11299.1455078125
12611,6441.3427734375
12612,4882.16796875
12613,5851.5869140625
12614,6533.7548828125
12615,5422.92333984375
12616,7247.056640625
12617,8228.22265625
12618,11299.5908203125
12619,8436.3056640625
12620,7157.232421875
12621,8584.9296875
12622,6742.0810546875
12623,10318.166015625
12624,6075.1044921875
12625,13804.34375
12626,7154.95849609375
12627,7242.0029296875
12628,6330.3369140625
12629,4161.27392578125
12630,7755.8193359375
12631,18629.259765625
12632,4750.13671875
12633,5333.7724609375
12634,10234.9638671875
12635,6625.70263671875
12636,6706.162109375
12637,8594.1240234375
12638,7106.72265625
12639,5967.68359375
12640,4642.91748046875
12641,10347.0185546875
12642,6685.0009765625
12643,8397.580078125
12644,7762.76708984375
12645,5348.1142578125
12646,8351.5556640625
12647,6595.4931640625
12648,4212.41357421875
12649,9294.5498046875
12650,9609.384765625
12651,5127.08349609375
12652,8752.2705078125
12653,7776.0048828125
12654,5166.64599609375
12655,9450.376953125
12656,7135.09228515625
12657,7876.07568359375
12658,5572.42333984375
12659,6285.0625
12660,6930.54150390625
12661,4745.859375
12662,8036.65087890625
12663,6082.92431640625
12664,5966.98828125
12665,4875.01953125
12666,6970.57421875
12667,6856.1015625
12668,8116.25927734375
12669,7719.94140625
12670,8567.763671875
12671,6735.978515625
12672,7473.47900390625
12673,6629.39794921875
12674,8886.53515625
12675,9958.189453125
12676,9472.587890625
12677,4037.80712890625
12678,6446.06787109375
12679,8794.080078125
12680,3190.311279296875
12681,10915.2265625
12682,5738.529296875
12683,9120.7197265625
12684,11117.28515625
12685,7556.3115234375
12686,4371.6826171875
12687,11425.1728515625
12688,11111.7744140625
12689,5922.765625
12690,8878.3974609375
12691,9454.330078125
12692,6899.01708984375
12693,7092.658203125
12694,8027.07958984375
12695,6462.369140625
12696,5125.421875
12697,7493.62451171875
12698,5882.8369140625
12699,6967.19189453125
12700,7176.21728515625
12701,7235.94873046875
12702,8827.169921875
12703,7200.34130859375
12704,6959.912109375
12705,5827.79931640625
12706,8186.2216796875
12707,7249.103515625
12708,6672.99169921875
12709,8640.3974609375
12710,8050.0966796875
12711,9907.6923828125
12712,5986.5390625
12713,6403.984375
12714,7052.89404296875
12715,7178.1240234375
12716,7325.533203125
12717,5358.1474609375
12718,5133.7841796875
12719,7254.28857421875
12720,8124.52587890625
12721,6752.2119140625
12722,8843.3427734375
12723,6115.96630859375
12724,7092.35546875
12725,4925.70947265625
12726,3695.45458984375
12727,7429.70751953125
12728,6811.77392578125
12729,7492.72216796875
12730,9460.736328125
12731,8431.2939453125
12732,4849.447265625
12733,8935.8994140625
12734,4549.779296875
12735,4023.3134765625
12736,7984.7685546875
12737,10224.51171875
12738,8393.0224609375
12739,7912.22509765625
12740,4737.904296875
12741,7201.94384765625
12742,7948.11669921875
12743,6152.404296875
12744,6340.822265625
12745,5627.63037109375
12746,6384.03515625
12747,5787.43212890625
12748,6134.40771484375
12749,5671.228515625
12750,5994.99658203125
12751,5585.48046875
12752,4862.9140625
12753,7245.85009765625
12754,7764.99462890625
12755,5315.875
12756,6881.68212890625
12757,7678.810546875
12758,6186.60693359375
12759,8588.9208984375
12760,8786.9169921875
12761,7655.45361328125
12762,6488.04736328125
12763,4788.00048828125
12764,11190.560546875
12765,6617.39501953125
12766,5722.72265625
12767,8930.8623046875
12768,8650.96875
12769,8223.65625
12770,6792.41748046875
12771,7637.13818359375
12772,8464.697265625
12773,11906.1962890625
12774,5078.51611328125
12775,5564.29931640625
12776,5498.0888671875
12777,7617.84375
12778,6242.65625
12779,7312.60400390625
12780,9350.306640625
12781,5522.53564453125
12782,4780.943359375
12783,6423.40478515625
12784,11124.9375
12785,6003.5498046875
12786,8076.255859375
12787,5597.37060546875
12788,7597.92041015625
12789,8883.4765625
12790,7627.6162109375
12791,9121.8330078125
12792,6903.88134765625
12793,4992.197265625
12794,7112.94140625
12795,7508.7060546875
12796,9616.7890625
12797,8033.02880859375
12798,8375.3466796875
12799,6383.740234375
12800,5094.8798828125
12801,10690.3779296875
12802,4718.3779296875
12803,10584.5390625
12804,6363.392578125
12805,4851.8857421875
12806,7391.24658203125
12807,5798.685546875
12808,8163.66455078125
12809,8834.7001953125
12810,5468.4365234375
12811,5455.21728515625
12812,8652.341796875
12813,9849.5390625
12814,10114.6748046875
12815,5718.4755859375
12816,6958.3173828125
12817,7834.7509765625
12818,7625.5517578125
12819,6050.474609375
12820,10471.8466796875
12821,9306.9951171875
12822,10678.8671875
12823,4518.89453125
12824,6390.7216796875
12825,10832.7529296875
12826,10277.8408203125
12827,5826.00146484375
12828,9405.9267578125
12829,6723.95458984375
12830,7135.11572265625
12831,4890.806640625
12832,6785.79248046875
12833,5970.45703125
12834,6201.43359375
12835,4988.78955078125
12836,7389.3173828125
12837,8714.42578125
12838,7959.91748046875
12839,25140.2421875
12840,7780.01220703125
12841,5172.4072265625
12842,9521.552734375
12843,11653.9814453125
12844,7467.73486328125
12845,9166.046875
12846,6779.82861328125
12847,9360.8369140625
12848,9299.703125
12849,6743.267578125
12850,6381.73779296875
12851,7614.79052734375
12852,8915.9140625
12853,7563.80908203125
12854,9434.1787109375
12855,5687.15380859375
12856,4384.8134765625
12857,8598.005859375
12858,10591.7060546875
12859,12923.2490234375
12860,12028.587890625
12861,10066.61328125
12862,5742.853515625
12863,7124.0546875
12864,5429.8525390625
12865,10280.85546875
12866,13497.9619140625
12867,9913.76953125
12868,7223.4697265625
12869,7619.2705078125
12870,4704.2138671875
12871,6801.47705078125
12872,12650.671875
12873,7371.11865234375
12874,5201.8828125
12875,5312.44921875
12876,10068.3984375
12877,4318.06298828125
12878,7671.77099609375
12879,5562.50341796875
12880,8521.9443359375
12881,8064.2587890625
12882,7274.7294921875
12883,7480.3427734375
12884,7954.0029296875
12885,7046.87548828125
12886,8238.2978515625
12887,8008.1484375
12888,12668.8232421875
12889,7115.529296875
12890,9942.041015625
12891,8716.44921875
12892,10955.1376953125
12893,7800.7216796875
12894,10678.71875
12895,5447.982421875
12896,5805.2177734375
12897,7790.224609375
12898,7091.130859375
12899,10380.517578125
12900,9359.7392578125
12901,6482.0810546875
12902,8662.8115234375
12903,7972.33837890625
12904,13300.2529296875
12905,5067.41748046875
12906,18027.90234375
12907,5312.3623046875
12908,6536.3798828125
12909,10418.515625
12910,6498.822265625
12911,8326.4150390625
12912,7895.71240234375
12913,9526.94921875
12914,6729.7216796875
12915,6010.55126953125
12916,8331.5498046875
12917,8592.708984375
12918,8150.77978515625
12919,5487.73583984375
12920,8343.771484375
12921,12715.470703125
12922,9054.5537109375
12923,6917.29638671875
12924,7703.65185546875
12925,7143.52587890625
12926,6771.8291015625
12927,8137.0771484375
12928,4746.80322265625
12929,9191.3056640625
12930,9088.220703125
12931,8526.212890625
12932,10826.5947265625
12933,5294.52880859375
12934,7352.46923828125
12935,6610.1455078125
12936,10584.142578125
12937,9620.0458984375
12938,5798.42236328125
12939,5244.07373046875
12940,7965.3017578125
12941,7181.25830078125
12942,6382.130859375
12943,6790.8154296875
12944,7239.75146484375
12945,8175.5068359375
12946,5865.19580078125
12947,6128.75
12948,7806.984375
12949,9725.16796875
12950,9939.6142578125
12951,8707.1591796875
12952,10312.880859375
12953,6597.60595703125
12954,10262.076171875
12955,7355.67578125
12956,8734.818359375
12957,11478.408203125
12958,7360.15478515625
12959,12172.0263671875
12960,9340.763671875
12961,8893.421875
12962,6723.26806640625
12963,9009.4638671875
12964,9341.873046875
12965,6496.02734375
12966,4973.435546875
12967,8193.8916015625
12968,9620.236328125
12969,6453.0400390625
12970,4953.5703125
12971,10000.6552734375
12972,7151.44140625
12973,6942.013671875
12974,7743.216796875
12975,6607.5341796875
12976,9416.6630859375
12977,9222.052734375
12978,8441.3212890625
12979,6423.4462890625
12980,8011.27783203125
12981,7798.26416015625
12982,4257.43310546875
12983,7663.26318359375
12984,7299.294921875
12985,10540.6533203125
12986,7906.22802734375
12987,7186.58740234375
12988,12263.96875
12989,7209.97509765625
12990,6425.724609375
12991,13027.7744140625
12992,8672.8828125
12993,8983.8544921875
12994,9492.724609375
12995,5768.77978515625
12996,7431.341796875
12997,6160.3818359375
12998,9062.5341796875
12999,14187.8291015625
13000,7189.56201171875
13001,5541.96533203125
13002,6527.609375
13003,9552.892578125
13004,8315.6796875
13005,7311.544921875
13006,8359.9326171875
13007,5736.08544921875
13008,5417.017578125
13009,4403.4130859375
13010,6004.79736328125
13011,7091.08056640625
13012,8602.6630859375
13013,7550.5595703125
13014,9558.8603515625
13015,9427.2490234375
13016,11478.4072265625
13017,9497.1923828125
13018,7759.302734375
13019,11032.650390625
13020,13536.626953125
13021,7225.212890625
13022,9602.7763671875
13023,6330.91455078125
13024,7867.173828125
13025,5359.03515625
13026,8489.9267578125
13027,6207.11376953125
13028,10563.0185546875
13029,8782.48828125
13030,10390.6923828125
13031,9730.2587890625
13032,6174.1240234375
13033,10948.7998046875
13034,22190.30859375
13035,12279.3681640625
13036,8204.595703125
13037,2659.803955078125
13038,8556.1728515625
13039,9584.744140625
13040,6058.8544921875
13041,12901.47265625
13042,20785.052734375
13043,5912.361328125
13044,6746.9443359375
13045,9227.1591796875
13046,6355.91064453125
13047,10092.408203125
13048,6872.3779296875
13049,9796.78515625
13050,6423.31787109375
13051,6040.6845703125
13052,6944.74609375
13053,9441.9296875
13054,9744.7978515625
13055,6884.87646484375
13056,6771.5341796875
13057,8253.9658203125
13058,6062.24462890625
13059,6303.1640625
13060,9707.580078125
13061,6381.5029296875
13062,6825.94580078125
13063,9285.2490234375
13064,7042.6025390625
13065,6587.11376953125
13066,8003.88525390625
13067,8170.08251953125
13068,9772.59765625
13069,9992.5341796875
13070,9454.021484375
13071,7483.90087890625
13072,4619.56396484375
13073,8264.5927734375
13074,8651.904296875
13075,6131.94775390625
13076,5332.580078125
13077,9094.9970703125
13078,7974.6064453125
13079,10067.8408203125
13080,8653.8046875
13081,6645.958984375
13082,6164.30322265625
13083,6581.45556640625
13084,11961.4716796875
13085,7114.9658203125
13086,9154.8544921875
13087,17899.396484375
13088,8878.35546875
13089,6246.0126953125
13090,5954.205078125
13091,5946.82470703125
13092,7648.0673828125
13093,4540.890625
13094,6919.3935546875
13095,12523.7890625
13096,7701.689453125
13097,18210.2421875
13098,15428.99609375
13099,6169.66259765625
13100,8321.6826171875
13101,6911.9375
13102,9001.5
13103,7272.1220703125
13104,12345.763671875
13105,7930.859375
13106,11282.9521484375
13107,6640.1982421875
13108,9902.9765625
13109,7134.3642578125
13110,9314.4306640625
13111,8788.5625
13112,7519.06884765625
13113,7045.3076171875
13114,7219.859375
13115,9720.291015625
13116,11804.9716796875
13117,7958.0654296875
13118,11671.4521484375
13119,7686.4599609375
13120,11346.154296875
13121,5625.021484375
13122,6739.513671875
13123,7487.22314453125
13124,12279.5078125
13125,7011.97314453125
13126,9124.93359375
13127,9767.501953125
13128,8445.251953125
13129,6834.74951171875
13130,9994.4248046875
13131,8762.203125
13132,5325.43994140625
13133,11408.1513671875
13134,18584.015625
13135,8269.98828125
13136,8936.7685546875
13137,9380.2314453125
13138,12298.205078125
13139,13753.2373046875
13140,7203.78369140625
13141,9117.6337890625
13142,8091.81201171875
13143,9792.0126953125
13144,5342.955078125
13145,8429.654296875
13146,6698.4033203125
13147,6576.1982421875
13148,7805.13427734375
13149,6629.16943359375
13150,5769.6728515625
13151,10333.28515625
13152,5007.2158203125
13153,6278.9560546875
13154,7095.236328125
13155,8568.015625
13156,11474.0107421875
13157,10497.787109375
13158,9010.322265625
13159,8174.53515625
13160,7797.44091796875
13161,12480.5244140625
13162,8362.7919921875
13163,6216.39013671875
13164,5438.37890625
13165,10985.720703125
13166,5560.34326171875
13167,8821.578125
13168,4243.2685546875
13169,6332.8037109375
13170,9975.4521484375
13171,7484.95654296875
13172,6445.4453125
13173,9718.7529296875
13174,11088.994140625
13175,13274.5712890625
13176,8151.32763671875
13177,9984.4111328125
13178,3710.9111328125
13179,6748.23095703125
13180,7895.181640625
13181,5568.73046875
13182,9065.7197265625
13183,7343.73583984375
13184,6639.96875
13185,10770.5166015625
13186,12477.1513671875
13187,9149.8486328125
13188,6720.798828125
13189,6362.53369140625
13190,13063.103515625
13191,9822.0029296875
13192,7407.08544921875
13193,6325.22607421875
13194,7890.97705078125
13195,12440.57421875
13196,6156.96484375
13197,7410.05517578125
13198,9480.6865234375
13199,10607.853515625
13200,15899.6484375
13201,8146.27001953125
13202,17157.05078125
13203,7752.55224609375
13204,6690.81396484375
13205,4133.30615234375
13206,7208.75439453125
13207,7461.06201171875
13208,6743.90283203125
13209,8916.927734375
13210,6196.79345703125
13211,5483.80078125
13212,8036.91845703125
13213,5833.12841796875
13214,8231.998046875
13215,7948.5947265625
13216,9371.6845703125
13217,10343.501953125
13218,6149.0751953125
13219,10702.390625
13220,6955.09814453125
13221,6936.28564453125
13222,6545.86669921875
13223,6706.908203125
13224,12121.0283203125
13225,7632.3369140625
13226,6298.0537109375
13227,8668.46484375
13228,9673.958984375
13229,8766.3154296875
13230,7590.18994140625
13231,11098.2509765625
13232,7459.37744140625
13233,7030.353515625
13234,7185.5859375
13235,9786.4287109375
13236,6613.6376953125
13237,7695.38134765625
13238,6318.3193359375
13239,7251.27197265625
13240,4950.78662109375
13241,5786.05712890625
13242,8554.5224609375
13243,10476.5244140625
13244,12203.6240234375
13245,14087.1357421875
13246,10315.3896484375
13247,7725.17919921875
13248,6191.88330078125
13249,12928.0244140625
13250,12160.5341796875
13251,8329.552734375
13252,10178.4375
13253,9765.36328125
13254,6552.0908203125
13255,5937.3134765625
13256,9843.94140625
13257,8181.26123046875
13258,9094.79296875
13259,6836.39599609375
13260,3147.929931640625
13261,12829.5732421875
13262,6554.025390625
13263,6545.34716796875
13264,6047.09912109375
13265,6950.55859375
13266,8806.8369140625
13267,9978.3818359375
13268,7419.36328125
13269,6551.2607421875
13270,5704.38818359375
13271,5483.63720703125
13272,5106.4404296875
13273,8621.3046875
13274,18496.986328125
13275,5633.3095703125
13276,6892.97119140625
13277,9147.6005859375
13278,6345.51171875
13279,6959.943359375
13280,6286.6767578125
13281,5898.38037109375
13282,8741.6630859375
13283,8136.162109375
13284,5118.27587890625
13285,10549.1171875
13286,5387.24658203125
13287,5431.56640625
13288,10807.5419921875
13289,9788.3173828125
13290,11568.9755859375
13291,7437.693359375
13292,8201.1669921875
13293,5240.61669921875
13294,6803.748046875
13295,15517.7470703125
13296,11987.3173828125
13297,7959.62744140625
13298,6492.79345703125
13299,5212.52685546875
13300,6940.677734375
13301,5941.96142578125
13302,11768.90625
13303,5823.4404296875
13304,6274.822265625
13305,8261.607421875
13306,5584.150390625
13307,7404.22314453125
13308,8780.0537109375
13309,8214.8525390625
13310,7506.97705078125
13311,5654.11962890625
13312,6678.55615234375
13313,7309.31591796875
13314,10667.2119140625
13315,9000.2021484375
13316,8085.74853515625
13317,5281.42041015625
13318,9139.9677734375
13319,8485.4482421875
13320,6341.328125
13321,8293.51171875
13322,8915.34765625
13323,7589.6083984375
13324,7968.8037109375
13325,8242.619140625
13326,6230.60009765625
13327,7005.94091796875
13328,8702.287109375
13329,7688.73779296875
13330,7141.92919921875
13331,9798.4189453125
13332,6417.3408203125
13333,6315.67578125
13334,14708.69921875
13335,6301.91015625
13336,4832.26904296875
13337,9837.455078125
13338,12288.1455078125
13339,14245.1748046875
13340,5412.5322265625
13341,8196.7880859375
13342,6165.71142578125
13343,9074.37890625
13344,6624.85595703125
13345,9903.4619140625
13346,3781.9169921875
13347,8508.0888671875
13348,7111.943359375
13349,6889.05908203125
13350,5431.54248046875
13351,8321.0126953125
13352,10345.7529296875
13353,6216.83251953125
13354,10234.4375
13355,7467.17041015625
13356,10324.9677734375
13357,5776.45361328125
13358,8801.279296875
13359,8574.7939453125
13360,9841.5478515625
13361,8982.8896484375
13362,5209.05517578125
13363,10103.353515625
13364,9294.908203125
13365,8462.419921875
13366,5806.9208984375
13367,5078.560546875
13368,9269.2802734375
13369,7968.478515625
13370,10670.263671875
13371,7170.83447265625
13372,7444.9658203125
13373,8550.1787109375
13374,7657.06591796875
13375,8115.91064453125
13376,8454.689453125
13377,6955.54638671875
13378,11533.857421875
13379,12075.880859375
13380,8962.873046875
13381,5959.1376953125
13382,7417.39306640625
13383,4460.07666015625
13384,4076.26025390625
13385,9466.4248046875
13386,6301.3271484375
13387,10811.068359375
13388,5437.88037109375
13389,7242.18896484375
13390,6610.81640625
13391,10454.0693359375
13392,6396.9208984375
13393,6879.3125
13394,7319.185546875
13395,7410.77099609375
13396,5021.0888671875
13397,8718.0986328125
13398,7855.48876953125
13399,10497.3837890625
13400,9404.951171875
13401,8088.6455078125
13402,6976.49853515625
13403,6788.3408203125
13404,6770.3310546875
13405,13188.2802734375
13406,10330.587890625
13407,9269.3974609375
13408,16433.3515625
13409,6040.72265625
13410,6666.078125
13411,8173.86767578125
13412,9483.20703125
13413,11829.158203125
13414,8405.6484375
13415,9329.1767578125
13416,10068.099609375
13417,7961.93017578125
13418,7757.8154296875
13419,6848.94091796875
13420,5860.33203125
13421,5902.15087890625
13422,5573.7431640625
13423,6637.6083984375
13424,8873.3994140625
13425,20309.8984375
13426,7767.8505859375
13427,7077.29638671875
13428,9784.7373046875
13429,5062.72216796875
13430,7301.546875
13431,4793.150390625
13432,9667.4267578125
13433,7673.4677734375
13434,7833.8359375
13435,16296.1259765625
13436,13864.9248046875
13437,7978.634765625
13438,7693.88818359375
13439,4806.13525390625
13440,6095.66845703125
13441,8420.6943359375
13442,9412.71875
13443,5582.8603515625
13444,5208.0283203125
13445,5659.18212890625
13446,6806.51171875
13447,9033.7998046875
13448,8801.986328125
13449,3724.033203125
13450,9008.98046875
13451,10574.9873046875
13452,10828.09765625
13453,6389.68994140625
13454,5071.5205078125
13455,9925.9873046875
13456,6023.62939453125
13457,12609.8359375
13458,5997.81982421875
13459,6091.79248046875
13460,7996.0283203125
13461,7104.61669921875
13462,5961.623046875
13463,7674.47314453125
13464,8070.1044921875
13465,10083.8466796875
13466,12533.7861328125
13467,6916.39501953125
13468,5208.478515625
13469,6452.822265625
13470,6725.595703125
13471,6042.7509765625
13472,6571.04931640625
13473,8921.6435546875
13474,12091.0498046875
13475,8872.9287109375
13476,7991.03076171875
13477,9538.3515625
13478,7260.6962890625
13479,10764.0673828125
13480,6582.62939453125
13481,13781.36328125
13482,7498.66015625
13483,6137.419921875
13484,6365.9638671875
13485,5118.61376953125
13486,8000.955078125
13487,19472.984375
13488,5657.23681640625
13489,5743.634765625
13490,10050.6455078125
13491,7095.150390625
13492,7444.42822265625
13493,9723.986328125
13494,7685.2119140625
13495,5758.3505859375
13496,5017.65625
13497,10923.64453125
13498,7443.56298828125
13499,8980.591796875
13500,8462.380859375
13501,6393.72119140625
13502,8634.1171875
13503,7860.912109375
13504,4274.65869140625
13505,9982.8720703125
13506,10625.552734375
13507,5540.24169921875
13508,9530.7861328125
13509,8278.8173828125
13510,5889.1298828125
13511,9543.57421875
13512,7815.189453125
13513,8086.7841796875
13514,5492.74609375
13515,6337.31396484375
13516,9222.408203125
13517,4635.98779296875
13518,8689.7509765625
13519,6518.205078125
13520,6360.74853515625
13521,5015.74853515625
13522,7543.94677734375
13523,7426.83935546875
13524,8853.484375
13525,7891.43310546875
13526,8868.5517578125
13527,7216.55712890625
13528,8726.09765625
13529,7883.30126953125
13530,10250.7607421875
13531,10356.5380859375
13532,10490.3095703125
13533,4708.462890625
13534,7085.41796875
13535,9188.025390625
13536,4923.33837890625
13537,12225.564453125
13538,6337.18212890625
13539,9976.669921875
13540,13412.072265625
13541,8281.7470703125
13542,5383.46533203125
13543,12447.279296875
13544,12653.126953125
13545,7428.17333984375
13546,10652.423828125
13547,9870.4072265625
13548,7107.9482421875
13549,7909.28955078125
13550,8459.541015625
13551,7242.22021484375
13552,6031.68994140625
13553,8173.72412109375
13554,6352.96044921875
13555,7287.8876953125
13556,7841.92724609375
13557,7959.74853515625
13558,10111.6884765625
13559,7896.40673828125
13560,7761.33251953125
13561,5887.869140625
13562,8942.525390625
13563,8021.95849609375
13564,7752.67529296875
13565,10095.1513671875
13566,8491.345703125
13567,9695.025390625
13568,6622.6630859375
13569,6008.27392578125
13570,7821.8544921875
13571,8323.2265625
13572,8182.8740234375
13573,6514.96484375
13574,4572.65771484375
13575,8259.7158203125
13576,8392.283203125
13577,6655.2509765625
13578,9518.4306640625
13579,6491.53076171875
13580,8198.1748046875
13581,5565.26904296875
13582,4053.909423828125
13583,7548.3076171875
13584,8098.20068359375
13585,7969.97119140625
13586,11096.859375
13587,11187.130859375
13588,5448.240234375
13589,8409.572265625
13590,4943.732421875
13591,4129.00048828125
13592,9009.244140625
13593,12086.0244140625
13594,8807.7919921875
13595,8770.5126953125
13596,5225.52099609375
13597,7750.560546875
13598,8775.603515625
13599,7469.70751953125
13600,6725.96337890625
13601,6044.40771484375
13602,6721.4970703125
13603,6217.3642578125
13604,6664.73974609375
13605,7073.85888671875
13606,6530.74169921875
13607,5870.4921875
13608,5709.2109375
13609,7819.46435546875
13610,8693.21484375
13611,6218.58154296875
13612,7215.16650390625
13613,8634.34765625
13614,7376.14794921875
13615,8990.1455078125
13616,9548.919921875
13617,8199.5
13618,6697.00830078125
13619,4863.8955078125
13620,11987.134765625
13621,7024.08447265625
13622,6038.01171875
13623,8921.9853515625
13624,9522.5029296875
13625,9491.6396484375
13626,7888.876953125
13627,8355.8359375
13628,9661.2822265625
13629,13651.0390625
13630,6135.21826171875
13631,5533.466796875
13632,5598.25439453125
13633,7906.58154296875
13634,6237.97705078125
13635,9434.3095703125
13636,9893.9296875
13637,6485.58544921875
13638,5131.22509765625
13639,7620.95068359375
13640,10640.880859375
13641,6389.13232421875
13642,9440.5634765625
13643,6218.9228515625
13644,7467.779296875
13645,9753.79296875
13646,8229.6162109375
13647,10370.171875
13648,7768.14599609375
13649,5105.240234375
13650,7367.14697265625
13651,8205.9111328125
13652,10563.5771484375
13653,9379.8740234375
13654,8979.119140625
13655,6883.20849609375
13656,5745.068359375
13657,12101.5263671875
13658,4400.166015625
13659,11778.685546875
13660,6478.744140625
13661,5354.716796875
13662,8114.380859375
13663,5768.1025390625
13664,8285.556640625
13665,10207.2236328125
13666,5610.87841796875
13667,5000.84423828125
13668,8946.927734375
13669,11068.93359375
13670,11235.7724609375
13671,6895.8115234375
13672,7482.89208984375
13673,8210.3564453125
13674,7456.82861328125
13675,6199.77001953125
13676,11144.30078125
13677,10550.90234375
13678,11824.1630859375
13679,4627.7587890625
13680,6912.66064453125
13681,10734.7958984375
13682,10559.2919921875
13683,6471.53564453125
13684,10007.0361328125
13685,7407.50927734375
13686,7518.87939453125
13687,6388.4501953125
13688,7558.8994140625
13689,5959.19775390625
13690,7110.31689453125
13691,6368.10546875
13692,7698.65771484375
13693,9398.46875
13694,7643.5224609375
13695,26923.580078125
13696,8191.232421875
13697,4607.15673828125
13698,10674.8212890625
13699,13015.3525390625
13700,9074.701171875
13701,9073.326171875
13702,6627.77001953125
13703,8913.6005859375
13704,8447.0703125
13705,6024.9140625
13706,7040.41650390625
13707,8497.2861328125
13708,7785.12353515625
13709,7442.7373046875
13710,9461.5205078125
13711,6424.98486328125
13712,4383.578125
13713,7450.9130859375
13714,11803.3515625
13715,13834.884765625
13716,11560.24609375
13717,10148.8798828125
13718,6162.400390625
13719,7102.98388671875
13720,5147.90185546875
13721,9850.328125
13722,14242.8359375
13723,10169.310546875
13724,7735.4228515625
13725,7275.89453125
13726,5813.7109375
13727,6398.37841796875
13728,12498.0224609375
13729,8487.7333984375
13730,5400.68359375
13731,4525.4697265625
13732,9449.947265625
13733,4445.318359375
13734,6868.47802734375
13735,5937.8134765625
13736,7094.744140625
13737,8550.828125
13738,7330.44873046875
13739,7363.6552734375
13740,8091.40771484375
13741,6180.6220703125
13742,8768.1103515625
13743,8122.26123046875
13744,12702.658203125
13745,7085.26318359375
13746,9615.2001953125
13747,7189.2138671875
13748,11082.0595703125
13749,8129.94287109375
13750,9354.310546875
13751,6221.35791015625
13752,5827.63671875
13753,7983.66552734375
13754,7069.9375
13755,10738.8408203125
13756,10007.88671875
13757,6433.953125
13758,9315.6923828125
13759,8147.09619140625
13760,14176.33984375
13761,4945.2587890625
13762,17462.029296875
13763,5274.0322265625
13764,6715.42626953125
13765,10445.5947265625
13766,6444.21826171875
13767,9716.3232421875
13768,8587.4931640625
13769,9566.2822265625
13770,6774.7578125
13771,6471.34033203125
13772,8092.57177734375
13773,9011.13671875
13774,8348.3828125
13775,5035.23046875
13776,8378.9306640625
13777,13565.8544921875
13778,8497.7119140625
13779,6617.99658203125
13780,8249.6865234375
13781,6869.99609375
13782,6786.71826171875
13783,8669.693359375
13784,5111.7177734375
13785,9904.8359375
13786,8735.142578125
13787,8584.095703125
13788,9986.828125
13789,5523.16943359375
13790,8730.021484375
13791,7003.14892578125
13792,11068.1171875
13793,10466.802734375
13794,5636.9345703125
13795,5905.59765625
13796,9198.7470703125
13797,7699.37451171875
13798,6685.60009765625
13799,6713.2216796875
13800,7492.99072265625
13801,9290.4091796875
13802,6520.04150390625
13803,6322.9521484375
13804,9275.7734375
13805,8649.2236328125
13806,10718.271484375
13807,9936.2890625
13808,10089.1943359375
13809,7892.47265625
13810,10657.1181640625
13811,7432.458984375
13812,9956.61328125
13813,10608.2822265625
13814,8083.1376953125
13815,13177.8583984375
13816,9383.984375
13817,9993.2587890625
13818,6886.9736328125
13819,8956.1416015625
13820,9279.830078125
13821,7230.02099609375
13822,4501.83251953125
13823,8693.029296875
13824,9538.5400390625
13825,7648.37744140625
13826,5875.6826171875
13827,10765.912109375
13828,7117.6005859375
13829,7068.99853515625
13830,8015.8671875
13831,7328.2060546875
13832,10572.7099609375
13833,9947.244140625
13834,9777.8623046875
13835,5887.50439453125
13836,9849.7216796875
13837,8386.609375
13838,4999.69287109375
13839,9699.44140625
13840,8000.12646484375
13841,10154.720703125
13842,7856.21337890625
13843,7580.59814453125
13844,12560.328125
13845,6379.69482421875
13846,6667.75927734375
13847,13436.416015625
13848,9201.0361328125
13849,9148.1552734375
13850,9463.9306640625
13851,5841.17529296875
13852,6971.578125
13853,6505.47705078125
13854,10188.931640625
13855,15153.2333984375
13856,6792.72509765625
13857,5495.7587890625
13858,6308.2998046875
13859,10638.79296875
13860,9017.2294921875
13861,8395.8369140625
13862,10390.93359375
13863,6227.92236328125
13864,5477.67919921875
13865,4189.47119140625
13866,6055.04736328125
13867,7709.2822265625
13868,8499.71875
13869,7497.52734375
13870,10976.2197265625
13871,10505.041015625
13872,11024.75
13873,9184.048828125
13874,6944.17626953125
13875,11352.3583984375
13876,14578.54296875
13877,7908.78857421875
13878,10103.5400390625
13879,6508.6591796875
13880,7232.7890625
13881,5933.29443359375
13882,9018.404296875
13883,6295.8681640625
13884,9486.4677734375
13885,9390.8115234375
13886,11805.7890625
13887,10208.8017578125
13888,6547.20263671875
13889,11739.5869140625
13890,22944.76171875
13891,13149.3154296875
13892,8733.3828125
13893,2588.22021484375
13894,8938.298828125
13895,9018.783203125
13896,7737.72119140625
13897,12644.3408203125
13898,20559.880859375
13899,6347.88232421875
13900,6898.47119140625
13901,10040.6240234375
13902,5493.02294921875
13903,11073.853515625
13904,8085.23974609375
13905,10092.337890625
13906,5771.4267578125
13907,6568.39892578125
13908,7743.14990234375
13909,9520.97265625
13910,11934.52734375
13911,6167.1025390625
13912,6577.6083984375
13913,8516.4521484375
13914,6640.20068359375
13915,5712.8212890625
13916,9337.9638671875
13917,5003.31689453125
13918,7053.82275390625
13919,10535.244140625
13920,7645.39501953125
13921,6796.8251953125
13922,8432.2470703125
13923,9017.3134765625
13924,9259.3603515625
13925,9707.8984375
13926,9617.7587890625
13927,6114.916015625
13928,4828.04833984375
13929,9250.505859375
13930,9289.443359375
13931,6211.052734375
13932,5232.78515625
13933,10173.3486328125
13934,9712.8115234375
13935,9696.201171875
13936,9200.1806640625
13937,6226.78857421875
13938,6726.3173828125
13939,5951.5107421875
13940,13242.97265625
13941,6871.6904296875
13942,7886.96484375
13943,19969.76171875
13944,9003.0615234375
13945,7729.30810546875
13946,6192.2734375
13947,6627.34814453125
13948,7998.60546875
13949,4164.32861328125
13950,6930.91845703125
13951,13251.810546875
13952,8550.1240234375
13953,20113.5078125
13954,16165.9755859375
13955,5301.45068359375
13956,6641.6337890625
13957,7262.55517578125
13958,8897.4736328125
13959,7733.6025390625
13960,12795.3505859375
13961,8315.7021484375
13962,12615.9580078125
13963,7394.4150390625
13964,9291.1005859375
13965,7243.814453125
13966,9895.6884765625
13967,8970.0263671875
13968,7544.03857421875
13969,7080.37646484375
13970,6804.73486328125
13971,11320.6376953125
13972,13477.0654296875
13973,8185.73681640625
13974,13074.498046875
13975,7034.7001953125
13976,11391.34765625
13977,5487.701171875
13978,7126.36572265625
13979,7416.7626953125
13980,12722.890625
13981,6838.6748046875
13982,10283.7646484375
13983,9537.375
13984,8671.2265625
13985,7171.416015625
13986,11786.43359375
13987,9184.6484375
13988,5508.2490234375
13989,11879.505859375
13990,17456.74609375
13991,8482.8955078125
13992,8957.8515625
13993,10981.7177734375
13994,13071.966796875
13995,14473.0498046875
13996,8304.7919921875
13997,9615.3974609375
13998,8910.1826171875
13999,9990.4873046875
14000,5688.35009765625
14001,9781.619140625
14002,6699.865234375
14003,6731.935546875
14004,7738.3876953125
14005,6029.3984375
14006,6259.21337890625
14007,10541.458984375
14008,5348.33056640625
14009,6231.22412109375
14010,7965.42822265625
14011,7512.16845703125
14012,11261.3017578125
14013,10942.3701171875
14014,10112.232421875
14015,8369.4228515625
14016,7729.78857421875
14017,13670.185546875
14018,9035.8818359375
14019,6372.15185546875
14020,5868.23046875
14021,11194.099609375
14022,5077.6015625
14023,9066.4072265625
14024,3634.743896484375
14025,6354.236328125
14026,10112.49609375
14027,7977.1611328125
14028,6311.06591796875
14029,8908.8662109375
14030,10631.7783203125
14031,12822.6533203125
14032,8137.623046875
14033,9261.4775390625
14034,3608.633056640625
14035,7628.83984375
14036,8312.646484375
14037,6836.0576171875
14038,9142.8466796875
14039,7539.3955078125
14040,6814.27490234375
14041,10285.44140625
14042,13026.6474609375
14043,8761.0263671875
14044,7123.92822265625
14045,6641.02978515625
14046,12421.3798828125
14047,8622.6689453125
14048,7710.7724609375
14049,6583.57275390625
14050,8490.251953125
14051,13716.6591796875
14052,6562.73876953125
14053,7772.7578125
14054,9842.1298828125
14055,10099.2197265625
14056,15985.7333984375
14057,8467.86328125
14058,17460.705078125
14059,8013.71826171875
14060,6961.98681640625
14061,4915.8994140625
14062,7728.3271484375
14063,7612.90185546875
14064,7455.49267578125
14065,8523.619140625
14066,7206.734375
14067,6279.1943359375
14068,8373.578125
14069,6814.37451171875
14070,8683.39453125
14071,8048.87646484375
14072,10626.7763671875
14073,11554.5361328125
14074,6907.38037109375
14075,10384.9130859375
14076,6911.7099609375
14077,7381.86376953125
14078,6474.35791015625
14079,5945.60009765625
14080,14457.7177734375
14081,8057.5263671875
14082,6690.8642578125
14083,8659.560546875
14084,9302.2724609375
14085,9229.6328125
14086,8628.4384765625
14087,10913.974609375
14088,7088.68017578125
14089,7695.48974609375
14090,8040.63818359375
14091,11040.1533203125
14092,6873.90185546875
14093,6879.9111328125
14094,6156.869140625
14095,6624.51708984375
14096,4691.03369140625
14097,5169.583984375
14098,8266.7236328125
14099,10419.076171875
14100,13302.4140625
14101,14505.6904296875
14102,10064.453125
14103,7525.82958984375
14104,5775.76611328125
14105,12616.90625
14106,11693.205078125
14107,8635.5400390625
14108,10139.58203125
14109,11797.1923828125
14110,6583.416015625
14111,6074.70751953125
14112,9989.6904296875
14113,8830.2412109375
14114,9609.4423828125
14115,7112.666015625
14116,3499.96142578125
14117,14020.4306640625
14118,5918.81884765625
14119,8257.212890625
14120,5499.4541015625
14121,6074.31591796875
14122,9765.822265625
14123,11556.6572265625
14124,7023.017578125
14125,5842.9951171875
14126,5212.24365234375
14127,5455.23291015625
14128,5407.41162109375
14129,9792.8447265625
14130,18304.634765625
14131,6547.8642578125
14132,7506.021484375
14133,8857.2607421875
14134,7009.23876953125
14135,7136.1669921875
14136,6203.98876953125
14137,5762.7783203125
14138,8772.076171875
14139,7762.94140625
14140,4807.13720703125
14141,10262.4892578125
14142,6242.6845703125
14143,5185.78173828125
14144,11320.3857421875
14145,10913.8916015625
14146,11660.072265625
14147,7015.6630859375
14148,8569.322265625
14149,5020.11669921875
14150,7513.99609375
14151,14992.537109375
14152,12551.9443359375
14153,7918.38330078125
14154,6487.0732421875
14155,5050.29541015625
14156,5885.947265625
14157,6256.5556640625
14158,11017.8193359375
14159,6453.48779296875
14160,7442.4814453125
14161,8546.904296875
14162,4860.45849609375
14163,6937.5634765625
14164,9757.1865234375
14165,8120.451171875
14166,8204.8125
14167,5589.85107421875
14168,7494.31640625
14169,6721.53564453125
14170,10934.1923828125
14171,8061.03955078125
14172,8197.81640625
14173,6433.06884765625
14174,8914.6806640625
14175,8318.3671875
14176,5822.57470703125
14177,8784.435546875
14178,8320.69921875
14179,7896.7265625
14180,7951.943359375
14181,8371.8388671875
14182,7309.02392578125
14183,6845.9541015625
14184,8594.8046875
14185,6969.24072265625
14186,8626.4013671875
14187,10503.822265625
14188,6771.01025390625
14189,6707.31884765625
14190,14804.849609375
14191,6383.96435546875
14192,5041.95849609375
14193,11260.91015625
14194,12250.630859375
14195,15492.53515625
14196,5545.95556640625
14197,8135.6806640625
14198,6202.02490234375
14199,8483.93359375
14200,7132.07568359375
14201,9598.1279296875
14202,4411.38037109375
14203,8033.9814453125
14204,7102.58544921875
14205,7198.04443359375
14206,5359.85693359375
14207,8468.9833984375
14208,11638.66015625
14209,6443.13037109375
14210,10601.22265625
14211,7488.5654296875
14212,11341.669921875
14213,6009.85400390625
14214,9752.744140625
14215,8557.1826171875
14216,9998.1318359375
14217,10346.5751953125
14218,5723.93115234375
14219,8687.625
14220,10444.9013671875
14221,9358.69140625
14222,5503.50927734375
14223,4568.06640625
14224,10428.3544921875
14225,9140.8603515625
14226,10984.1220703125
14227,7685.47509765625
14228,8257.94921875
14229,9554.03125
14230,8995.8818359375
14231,9133.68359375
14232,9597.0947265625
14233,7372.78125
14234,11527.7734375
14235,13578.4921875
14236,9095.490234375
14237,6476.05078125
14238,7480.04638671875
14239,4974.60400390625
14240,4258.43798828125
14241,10968.3828125
14242,5628.10400390625
14243,12429.208984375
14244,5688.36767578125
14245,7996.31005859375
14246,7442.275390625
14247,11313.4453125
14248,5910.87646484375
14249,6666.89013671875
14250,7874.07275390625
14251,7801.1181640625
14252,6190.15185546875
14253,9003.900390625
14254,7229.24609375
14255,10062.53515625
14256,9260.5224609375
14257,8608.85546875
14258,7275.13525390625
14259,6913.4267578125
14260,6357.791015625
14261,13371.0625
14262,11650.130859375
14263,9342.888671875
14264,16465.111328125
14265,7517.35986328125
14266,7520.7294921875
14267,8076.79150390625
14268,11006.1005859375
14269,11341.634765625
14270,8153.3154296875
14271,9650.8974609375
14272,10701.251953125
14273,8403.7568359375
14274,7000.3447265625
14275,7261.16015625
14276,6460.09228515625
14277,6004.87548828125
14278,5353.91015625
14279,7444.7333984375
14280,8068.1064453125
14281,19805.142578125
14282,7179.1103515625
14283,6168.78759765625
14284,10432.34375
14285,4336.7158203125
14286,6980.14990234375
14287,4041.65087890625
14288,9540.919921875
14289,6515.59130859375
14290,7923.9306640625
14291,17553.029296875
14292,14000.671875
14293,8897.990234375
14294,7584.88916015625
14295,4459.3876953125
14296,5474.0791015625
14297,8786.59765625
14298,8354.728515625
14299,5190.8583984375
14300,5032.65185546875
14301,6931.35400390625
14302,6755.78466796875
14303,10728.130859375
14304,9398.978515625
14305,3169.588623046875
14306,8780.5
14307,12462.6826171875
14308,12940.529296875
14309,7482.376953125
14310,5336.076171875
14311,10029.93359375
14312,6006.2060546875
14313,12395.2724609375
14314,6295.84228515625
14315,6494.30322265625
14316,8384.51171875
14317,7670.21533203125
14318,6179.95703125
14319,6936.689453125
14320,8890.1328125
14321,9888.2958984375
14322,13083.3818359375
14323,6462.61572265625
14324,4873.173828125
14325,6637.81494140625
14326,7496.119140625
14327,6266.9072265625
14328,7240.24462890625
14329,8301.4638671875
14330,13268.0078125
14331,9135.8076171875
14332,7737.8955078125
14333,9413.5234375
14334,8234.9970703125
14335,10760.0029296875
14336,6995.24267578125
14337,11938.5576171875
14338,8703.1591796875
14339,6107.6416015625
14340,5919.47900390625
14341,4009.229248046875
14342,8042.1376953125
14343,18846.515625
14344,5917.88720703125
14345,6545.2294921875
14346,10884.4404296875
14347,7874.56884765625
14348,8193.67578125
14349,9692.08984375
14350,8542.2861328125
14351,6178.7998046875
14352,5468.02294921875
14353,11615.115234375
14354,7788.94970703125
14355,9578.908203125
14356,8464.802734375
14357,6080.68896484375
14358,9415.44140625
14359,8293.1337890625
14360,4020.66015625
14361,10909.3251953125
14362,11061.9541015625
14363,6215.5859375
14364,8782.671875
14365,8675.052734375
14366,5524.5830078125
14367,9467.353515625
14368,7396.17529296875
14369,8095.33740234375
14370,5550.884765625
14371,7157.833984375
14372,8508.3740234375
14373,5007.38671875
14374,7868.30322265625
14375,6685.8994140625
14376,7434.37109375
14377,5690.53076171875
14378,7443.10302734375
14379,7316.47607421875
14380,9130.4365234375
14381,9247.658203125
14382,8072.4951171875
14383,6993.6591796875
14384,9241.98828125
14385,8175.91943359375
14386,10352.1220703125
14387,9553.0810546875
14388,10134.798828125
14389,3151.595703125
14390,8233.34765625
14391,9910.744140625
14392,4931.14306640625
14393,11958.6904296875
14394,6867.2294921875
14395,9960.8603515625
14396,13517.5703125
14397,8214.990234375
14398,5323.712890625
14399,10712.869140625
14400,11907.9912109375
14401,7098.7734375
14402,11460.93359375
14403,10878.255859375
14404,8001.7490234375
14405,8361.943359375
14406,7902.92333984375
14407,8315.0771484375
14408,6521.8515625
14409,8662.478515625
14410,6610.08935546875
14411,7369.62744140625
14412,7314.6484375
14413,8801.947265625
14414,10882.806640625
14415,8580.630859375
14416,8219.7158203125
14417,6317.97802734375
14418,9579.015625
14419,8899.9072265625
14420,7720.876953125
14421,10355.2607421875
14422,9723.595703125
14423,10778.4443359375
14424,7447.681640625
14425,6884.40234375
14426,8129.619140625
14427,8534.96875
14428,9669.3994140625
14429,6029.27734375
14430,5710.380859375
14431,8415.267578125
14432,7397.6513671875
14433,7848.34130859375
14434,10035.953125
14435,6903.42431640625
14436,8214.9912109375
14437,5265.3984375
14438,4840.5791015625
14439,9596.0322265625
14440,8900.01171875
14441,10173.40234375
14442,11969.591796875
14443,10637.5908203125
14444,5855.02978515625
14445,9597.5625
14446,5478.845703125
14447,4054.367919921875
14448,10323.32421875
14449,12874.1728515625
14450,9208.716796875
14451,9196.1142578125
14452,6464.51220703125
14453,8991.041015625
14454,9883.380859375
14455,7995.29150390625
14456,9005.94921875
14457,7117.75830078125
14458,6710.85205078125
14459,7439.517578125
14460,6360.810546875
14461,7115.40673828125
14462,6687.078125
14463,6540.22412109375
14464,5720.7734375
14465,8672.14453125
14466,10487.609375
14467,5509.140625
14468,7769.95361328125
14469,8736.875
14470,6780.42724609375
14471,10788.7900390625
14472,8933.51171875
14473,8475.9189453125
14474,6106.7568359375
14475,5617.95458984375
14476,15958.5517578125
14477,6121.6806640625
14478,6275.99658203125
14479,8855.623046875
14480,9124.0810546875
14481,9349.4931640625
14482,7958.49169921875
14483,8417.9716796875
14484,10781.9853515625
14485,13853.2646484375
14486,7148.9140625
14487,6801.609375
14488,5792.76953125
14489,8129.86474609375
14490,6955.36865234375
14491,7359.79931640625
14492,10564.6708984375
14493,7696.59521484375
14494,6028.12841796875
14495,8729.416015625
14496,10145.7861328125
14497,6814.47119140625
14498,9154.771484375
14499,7502.9033203125
14500,7230.484375
14501,10306.4013671875
14502,8953.236328125
14503,10276.068359375
14504,8706.39453125
14505,5184.50634765625
14506,7377.8935546875
14507,8539.3779296875
14508,10900.5517578125
14509,9174.3232421875
14510,8875.4541015625
14511,8360.8759765625
14512,5496.685546875
14513,12209.974609375
14514,4963.1259765625
14515,12367.7646484375
14516,7053.3203125
14517,5591.87744140625
14518,9268.60546875
14519,6182.63671875
14520,7776.7734375
14521,10644.6767578125
14522,6457.60888671875
14523,5227.9033203125
14524,9929.9345703125
14525,12308.4521484375
14526,11133.037109375
14527,6825.58984375
14528,8649.0498046875
14529,9699.9306640625
14530,8731.8466796875
14531,7259.802734375
14532,11286.509765625
14533,10728.5732421875
14534,13897.876953125
14535,5797.86279296875
14536,6821.94775390625
14537,9763.19921875
14538,10780.65234375
14539,7817.68017578125
14540,10740.5712890625
14541,8109.32421875
14542,8016.85546875
14543,7019.513671875
14544,7849.4541015625
14545,6307.65576171875
14546,8799.6376953125
14547,6927.73046875
14548,9970.5625
14549,11624.3583984375
14550,7822.61474609375
14551,26464.337890625
14552,7448.900390625
14553,5008.57568359375
14554,12746.2109375
14555,14243.4951171875
14556,9989.4384765625
14557,10857.2744140625
14558,9361.984375
14559,13168.0712890625
14560,13094.3076171875
14561,6878.2275390625
14562,8750.248046875
14563,12245.138671875
14564,10353.4716796875
14565,12430.9755859375
14566,13700.8271484375
14567,13143.453125
14568,8253.3427734375
14569,12114.73046875
14570,16729.30859375
14571,14988.04296875
14572,17510.419921875
14573,13658.6474609375
14574,8744.3818359375
14575,8066.2255859375
14576,4308.55517578125
14577,12769.3427734375
14578,16490.181640625
14579,14308.5595703125
14580,10697.427734375
14581,12818.716796875
14582,5419.97900390625
14583,10328.7919921875
14584,16178.8388671875
14585,12352.345703125
14586,7473.86474609375
14587,10809.623046875
14588,12526.22265625
14589,5073.80322265625
14590,11932.025390625
14591,7322.66162109375
14592,11482.189453125
14593,14718.375
14594,7255.9560546875
14595,12016.974609375
14596,14305.298828125
14597,8409.38671875
14598,9343.5810546875
14599,8762.8984375
14600,18608.5859375
14601,9548.7275390625
14602,13096.1025390625
14603,12814.1015625
14604,12183.2294921875
14605,10252.51171875
14606,14060.470703125
14607,9348.470703125
14608,7769.388671875
14609,10286.291015625
14610,8766.47265625
14611,14025.7421875
14612,16273.552734375
14613,8364.36328125
14614,11515.5625
14615,10308.0224609375
14616,14786.4775390625
14617,5401.521484375
14618,18528.953125
14619,7328.9970703125
14620,9578.955078125
14621,13163.7998046875
14622,8464.275390625
14623,8233.455078125
14624,8722.3408203125
14625,11881.7958984375
14626,9313.5537109375
14627,9792.21484375
14628,10638.4541015625
14629,14314.7470703125
14630,13180.8427734375
14631,10840.6748046875
14632,12427.732421875
14633,17255.369140625
14634,9547.2265625
14635,7004.32861328125
14636,11595.3603515625
14637,9994.576171875
14638,9861.3583984375
14639,13081.9287109375
14640,5697.02685546875
14641,14163.5498046875
14642,9405.7119140625
14643,13201.2216796875
14644,11718.783203125
14645,6469.39501953125
14646,10342.4375
14647,13217.7138671875
14648,16867.494140625
14649,13218.587890625
14650,6544.76416015625
14651,6742.36865234375
14652,12596.212890625
14653,11312.1396484375
14654,8640.095703125
14655,8623.4287109375
14656,11361.0341796875
14657,12374.478515625
14658,11301.1240234375
14659,7275.9921875
14660,12117.3310546875
14661,10279.568359375
14662,8420.3095703125
14663,14034.564453125
14664,13050.5419921875
14665,10688.537109375
14666,13344.58984375
14667,8696.265625
14668,8777.7412109375
14669,13423.87109375
14670,11774.375
14671,14705.546875
14672,7540.61181640625
14673,12085.9794921875
14674,9735.1806640625
14675,10238.9619140625
14676,14570.2587890625
14677,10683.8330078125
14678,5299.5869140625
14679,9967.3212890625
14680,11013.1650390625
14681,10763.40625
14682,7622.57275390625
14683,13299.4189453125
14684,8067.9541015625
14685,10158.9580078125
14686,6293.423828125
14687,8689.263671875
14688,12783.9208984375
14689,12077.8525390625
14690,13021.6650390625
14691,12325.87890625
14692,7916.09033203125
14693,10750.8994140625
14694,5184.72265625
14695,8465.7236328125
14696,7811.17138671875
14697,12504.62890625
14698,11725.4169921875
14699,8497.7958984375
14700,20129.671875
14701,8179.4716796875
14702,5317.9990234375
14703,15721.79296875
14704,9460.78125
14705,14757.810546875
14706,10868.8173828125
14707,7533.18798828125
14708,9366.7880859375
14709,10207.9287109375
14710,14961.1728515625
14711,18589.181640625
14712,10142.0107421875
14713,6352.05517578125
14714,7304.1298828125
14715,15008.24609375
14716,12498.2529296875
14717,9590.6875
14718,10403.0595703125
14719,6521.3212890625
14720,9219.7119140625
14721,5943.80517578125
14722,7581.53466796875
14723,8669.2275390625
14724,15512.9501953125
14725,9936.2294921875
14726,10169.2509765625
14727,8508.3525390625
14728,17269.892578125
14729,11558.9033203125
14730,6918.765625
14731,12628.8759765625
14732,19114.759765625
14733,10672.2021484375
14734,9329.5400390625
14735,9222.5576171875
14736,10945.759765625
14737,8836.6328125
14738,8651.9375
14739,8978.9609375
14740,12180.1455078125
14741,9761.0009765625
14742,11781.3798828125
14743,11677.50390625
14744,7996.11083984375
14745,11933.8134765625
14746,24378.5
14747,13965.91015625
14748,7297.49853515625
14749,5220.04736328125
14750,10203.1298828125
14751,15425.150390625
14752,8706.5732421875
14753,12093.7021484375
14754,21760.48828125
14755,8060.11279296875
14756,10541.7705078125
14757,11662.123046875
14758,6944.00732421875
14759,14275.4775390625
14760,11789.0234375
14761,12547.1787109375
14762,9007.48046875
14763,10001.1494140625
14764,5401.0927734375
14765,11884.1767578125
14766,18412.69140625
14767,10430.9111328125
14768,8063.8681640625
14769,10535.1875
14770,9695.9423828125
14771,7030.640625
14772,10985.9599609375
14773,9764.134765625
14774,9402.6904296875
14775,11844.720703125
14776,9268.6923828125
14777,9725.40234375
14778,8644.2021484375
14779,12130.7861328125
14780,10990.1748046875
14781,11521.3642578125
14782,10851.2822265625
14783,7245.94287109375
14784,9734.619140625
14785,8617.0732421875
14786,10464.02734375
14787,10599.619140625
14788,7999.67919921875
14789,13692.6826171875
14790,8773.78125
14791,15787.6904296875
14792,11542.14453125
14793,8958.4453125
14794,8371.056640625
14795,6381.36669921875
14796,15085.0615234375
14797,7780.1552734375
14798,12219.744140625
14799,22723.724609375
14800,7699.97705078125
14801,8275.7998046875
14802,5560.3916015625
14803,7169.25537109375
14804,10336.6279296875
14805,7738.31591796875
14806,9594.6162109375
14807,14691.9091796875
14808,10656.2783203125
14809,26280.65625
14810,19204.720703125
14811,5294.3662109375
14812,14758.1396484375
14813,11099.1455078125
14814,9969.671875
14815,8983.0224609375
14816,15940.7060546875
14817,10613.7470703125
14818,15784.5595703125
14819,9091.3671875
14820,9917.1513671875
14821,11842.3095703125
14822,13627.3310546875
14823,11307.5791015625
14824,8111.0966796875
14825,10975.5703125
14826,3342.327880859375
14827,12456.8779296875
14828,12970.81640625
14829,8246.556640625
14830,15314.8837890625
14831,9666.0859375
14832,13617.478515625
14833,8659.1259765625
14834,7427.95458984375
14835,9580.6748046875
14836,13639.8466796875
14837,9943.0517578125
14838,14609.8271484375
14839,9622.927734375
14840,14905.9677734375
14841,10082.28515625
14842,13584.08203125
14843,9458.2060546875
14844,6931.3701171875
14845,17469.58203125
14846,21973.740234375
14847,12115.1669921875
14848,13945.12890625
14849,16460.01953125
14850,16020.8896484375
14851,16172.37109375
14852,11260.341796875
14853,12051.6396484375
14854,10084.1630859375
14855,11913.10546875
14856,6619.1015625
14857,9831.587890625
14858,9632.5244140625
14859,8263.9150390625
14860,9339.8447265625
14861,10428.486328125
14862,8382.7080078125
14863,11948.3515625
14864,4129.2890625
14865,4578.740234375
14866,12524.61328125
14867,9857.1494140625
14868,14838.4912109375
14869,14458.2724609375
14870,12161.1533203125
14871,12405.5830078125
14872,10228.8193359375
14873,14853.2568359375
14874,12218.2978515625
14875,6920.58544921875
14876,8919.177734375
14877,14698.8408203125
14878,5831.37255859375
14879,13393.0322265625
14880,5325.0673828125
14881,7574.76708984375
14882,14623.171875
14883,11105.951171875
14884,10315.5126953125
14885,11490.3115234375
14886,14063.0107421875
14887,14966.37109375
14888,9413.861328125
14889,13482.7197265625
14890,4331.08984375
14891,4047.21337890625
14892,9139.349609375
14893,4664.2900390625
14894,10105.1943359375
14895,5509.02490234375
14896,7094.04248046875
14897,12359.525390625
14898,17894.439453125
14899,13790.4521484375
14900,8719.841796875
14901,8703.537109375
14902,13475.65234375
14903,10479.63671875
14904,8333.134765625
14905,8511.7763671875
14906,9779.32421875
14907,13930.453125
14908,10437.6513671875
14909,9284.0732421875
14910,13160.85546875
14911,10944.685546875
14912,18405.46484375
14913,8732.8603515625
14914,18874.576171875
14915,7534.37109375
14916,7121.1767578125
14917,5367.1279296875
14918,9590.3623046875
14919,10973.3662109375
14920,7811.478515625
14921,9463.0478515625
14922,9456.125
14923,8400.927734375
14924,11747.6640625
14925,7011.69091796875
14926,10446.298828125
14927,13786.642578125
14928,15449.11328125
14929,17624.361328125
14930,8923.3603515625
14931,11651.021484375
14932,7835.27734375
14933,8331.7412109375
14934,10145.3916015625
14935,7716.21044921875
14936,18331.3828125
14937,11218.9609375
14938,5121.56298828125
14939,9394.42578125
14940,15432.3115234375
14941,12839.423828125
14942,12812.4306640625
14943,12499.126953125
14944,10333.9765625
14945,8442.2939453125
14946,12071.8388671875
14947,10984.3681640625
14948,11454.2421875
14949,9370.7431640625
14950,11699.5517578125
14951,7384.25048828125
14952,8378.541015625
14953,8561.396484375
14954,13152.166015625
14955,12907.296875
14956,14768.814453125
14957,21019.208984375
14958,11706.6337890625
14959,7956.80517578125
14960,6227.2353515625
14961,15607.8251953125
14962,16796.390625
14963,16493.47265625
14964,11500.8994140625
14965,12234.1337890625
14966,10400.26171875
14967,7134.79296875
14968,12152.18359375
14969,13015.1328125
14970,12479.5859375
14971,11886.712890625
14972,5801.92333984375
14973,16289.9248046875
14974,12943.630859375
14975,10212.3642578125
14976,6320.8544921875
14977,9107.3232421875
14978,11440.3330078125
14979,16778.537109375
14980,9787.884765625
14981,7767.74072265625
14982,9439.4111328125
14983,7472.099609375
14984,6322.12451171875
14985,10316.6591796875
14986,20737.234375
14987,7176.208984375
14988,9188.90625
14989,11686.5302734375
14990,8077.26904296875
14991,9081.84375
14992,11359.119140625
14993,8237.7412109375
14994,13607.3974609375
14995,11344.7666015625
14996,7143.62060546875
14997,14023.4287109375
14998,9523.6513671875
14999,9541.1240234375
15000,12805.0048828125
15001,12846.83203125
15002,12908.5654296875
15003,9136.9970703125
15004,9392.3564453125
15005,8160.36474609375
15006,8956.548828125
15007,19557.2734375
15008,17057.88671875
15009,8820.7734375
15010,6003.5224609375
15011,9886.2529296875
15012,10381.5
15013,6933.7392578125
15014,12489.5390625
15015,6531.4296875
15016,7827.39697265625
15017,9132.6474609375
15018,6732.306640625
15019,10615.6875
15020,8485.1630859375
15021,10303.369140625
15022,12107.3271484375
15023,6724.3671875
15024,10303.4111328125
15025,12516.630859375
15026,14245.5732421875
15027,13461.572265625
15028,9784.8583984375
15029,5708.810546875
15030,12195.3623046875
15031,7643.7294921875
15032,6345.21923828125
15033,10445.109375
15034,11068.0009765625
15035,10232.16015625
15036,11057.5537109375
15037,10781.916015625
15038,10846.1171875
15039,11770.7509765625
15040,10156.8291015625
15041,9828.1240234375
15042,12861.96484375
15043,8488.9091796875
15044,8880.326171875
15045,7551.9150390625
15046,17448.5234375
15047,10675.9130859375
15048,6640.30126953125
15049,10558.9375
15050,14124.8994140625
15051,15126.9482421875
15052,6416.03173828125
15053,9243.9814453125
15054,8317.1728515625
15055,10183.1162109375
15056,7233.80615234375
15057,12496.115234375
15058,4170.54931640625
15059,11132.5068359375
15060,9950.060546875
15061,7747.9560546875
15062,9620.09375
15063,8949.6728515625
15064,13217.5205078125
15065,9153.97265625
15066,12244.7451171875
15067,10971.65234375
15068,13768.296875
15069,7740.28369140625
15070,6696.57958984375
15071,12588.3662109375
15072,10960.45703125
15073,10348.3349609375
15074,7238.8701171875
15075,9311.5244140625
15076,11529.28515625
15077,13222.6611328125
15078,9129.8095703125
15079,6892.80078125
15080,15971.119140625
15081,10521.2958984375
15082,13275.056640625
15083,10526.0966796875
15084,8433.548828125
15085,14351.1845703125
15086,10749.65234375
15087,13413.02734375
15088,12085.4052734375
15089,9505.193359375
15090,14338.0302734375
15091,17200.048828125
15092,11091.1142578125
15093,8943.1982421875
15094,10513.3095703125
15095,3509.3984375
15096,6138.85498046875
15097,13372.443359375
15098,9861.791015625
15099,14528.6259765625
15100,7617.154296875
15101,11063.21484375
15102,11275.9599609375
15103,15748.9833984375
15104,11168.576171875
15105,9995.0712890625
15106,10771.716796875
15107,9293.03515625
15108,4854.33642578125
15109,10450.748046875
15110,12222.7177734375
15111,10784.1220703125
15112,8940.86328125
15113,10168.3359375
15114,8566.2734375
15115,8850.400390625
15116,7801.609375
15117,17167.826171875
15118,12367.8740234375
15119,11228.3193359375
15120,17125.12109375
15121,10709.2744140625
15122,7259.044921875
15123,11626.4599609375
15124,12138.84765625
15125,18103.7578125
15126,11057.2392578125
15127,12422.2509765625
15128,14583.7470703125
15129,10426.86328125
15130,13475.3818359375
15131,10101.1279296875
15132,9598.58984375
15133,9267.6796875
15134,5862.359375
15135,9304.9755859375
15136,15421.86328125
15137,25343.513671875
15138,10616.205078125
15139,9357.0517578125
15140,11249.9619140625
15141,10709.8955078125
15142,9769.8271484375
15143,6165.27294921875
15144,15750.6708984375
15145,9079.9970703125
15146,9548.6416015625
15147,20904.169921875
15148,13336.814453125
15149,9682.49609375
15150,11443.818359375
15151,5960.61962890625
15152,6402.09814453125
15153,8683.7763671875
15154,14287.734375
15155,7392.6328125
15156,9205.9580078125
15157,7922.15869140625
15158,9886.9873046875
15159,13783.8515625
15160,9423.1259765625
15161,5628.03564453125
15162,13203.392578125
15163,11664.5693359375
15164,10510.9501953125
15165,8964.853515625
15166,8687.9248046875
15167,11665.2744140625
15168,7577.3369140625
15169,15648.44140625
15170,7834.10400390625
15171,8304.57421875
15172,9369.3388671875
15173,11809.517578125
15174,9724.08203125
15175,9856.5224609375
15176,7252.4892578125
15177,13189.0810546875
15178,15160.0439453125
15179,8674.62890625
15180,6393.96875
15181,9137.6708984375
15182,10166.607421875
15183,8657.974609375
15184,9708.8759765625
15185,9597.34375
15186,17623.318359375
15187,15252.5703125
15188,9193.4169921875
15189,11014.0947265625
15190,8380.40625
15191,13650.005859375
15192,8394.11328125
15193,17987.642578125
15194,7477.76171875
15195,12248.771484375
15196,9468.798828125
15197,5616.7138671875
15198,11829.826171875
15199,25490.591796875
15200,7802.73974609375
15201,6387.79150390625
15202,17022.208984375
15203,9720.68359375
15204,12363.4501953125
15205,12666.501953125
15206,13461.423828125
15207,10582.697265625
15208,7598.17236328125
15209,13662.9501953125
15210,6407.396484375
15211,10712.6201171875
15212,11691.5673828125
15213,7454.28076171875
15214,11601.3515625
15215,9777.6044921875
15216,6234.1572265625
15217,13011.59375
15218,12271.1435546875
15219,5448.1806640625
15220,12314.275390625
15221,8812.4228515625
15222,6906.14599609375
15223,17196.646484375
15224,9482.7880859375
15225,12470.8701171875
15226,7099.509765625
15227,5757.12939453125
15228,8908.69140625
15229,5035.14697265625
15230,11438.986328125
15231,7173.271484375
15232,7588.875
15233,6987.15283203125
15234,9765.8173828125
15235,7249.34814453125
15236,9930.6591796875
15237,9795.5888671875
15238,13678.7333984375
15239,11169.5087890625
15240,10429.005859375
15241,11094.255859375
15242,12515.7998046875
15243,13382.1123046875
15244,10545.142578125
15245,5453.50048828125
15246,9383.501953125
15247,12530.7802734375
15248,7990.97119140625
15249,15635.4599609375
15250,9970.46484375
15251,12522.3759765625
15252,15658.2099609375
15253,8561.6328125
15254,9166.87109375
15255,11779.62109375
15256,14987.7822265625
15257,8185.82373046875
15258,13417.7294921875
15259,12571.21875
15260,11465.5322265625
15261,9468.8974609375
15262,11123.3115234375
15263,6870.68603515625
15264,7939.29248046875
15265,9189.0771484375
15266,9398.9482421875
15267,9640.9609375
15268,11219.1064453125
15269,10972.025390625
15270,12809.82421875
15271,9628.91796875
15272,10916.1279296875
15273,9488.6884765625
15274,9883.2314453125
15275,12285.8515625
15276,9045.703125
15277,12198.0703125
15278,13646.625
15279,15332.783203125
15280,9217.857421875
15281,8788.5419921875
15282,10875.337890625
15283,9823.1845703125
15284,10946.5654296875
15285,7423.51953125
15286,8613.677734375
15287,6862.64892578125
15288,7548.04052734375
15289,10742.341796875
15290,13920.166015625
15291,8823.125
15292,10452.81640625
15293,10058.7919921875
15294,7292.79541015625
15295,6653.0546875
15296,10171.544921875
15297,11706.6474609375
15298,11320.7431640625
15299,12769.2998046875
15300,7105.0654296875
15301,14597.203125
15302,11708.900390625
15303,3627.154296875
15304,14945.7607421875
15305,15945.736328125
15306,13331.19140625
15307,11401.0751953125
15308,7040.85205078125
15309,10282.87890625
15310,13773.201171875
15311,13884.716796875
15312,10173.5634765625
15313,9379.3271484375
15314,7686.0400390625
15315,7688.97265625
15316,7998.662109375
15317,8567.619140625
15318,9967.1953125
15319,11101.041015625
15320,5586.11865234375
15321,10435.0390625
15322,14025.29296875
15323,10306.1552734375
15324,9169.189453125
15325,11723.1298828125
15326,8587.08203125
15327,9874.884765625
15328,13899.4912109375
15329,11758.3212890625
15330,12052.685546875
15331,5119.90478515625
15332,23326.697265625
15333,11257.6552734375
15334,11516.291015625
15335,17618.310546875
15336,10321.0986328125
15337,12322.486328125
15338,8557.9892578125
15339,9732.19921875
15340,12920.8310546875
15341,21689.927734375
15342,10705.3564453125
15343,9035.609375
15344,8426.7431640625
15345,9778.2607421875
15346,8067.5927734375
15347,10764.9736328125
15348,13658.69921875
15349,7898.7431640625
15350,6275.5390625
15351,10176.310546875
15352,13047.458984375
15353,5719.0322265625
15354,14817.6767578125
15355,5820.60205078125
15356,10905.658203125
15357,12999.357421875
15358,8913.6826171875
15359,12972.4501953125
15360,8444.845703125
15361,7227.41064453125
15362,9163.26953125
15363,10749.1845703125
15364,11718.2890625
15365,10630.5751953125
15366,11323.1904296875
15367,10385.4384765625
15368,6719.3408203125
15369,14607.0068359375
15370,7286.44970703125
15371,13718.623046875
15372,7847.12744140625
15373,8100.89892578125
15374,13554.662109375
15375,9543.732421875
15376,5797.2861328125
15377,11150.2744140625
15378,9387.078125
15379,8353.9189453125
15380,12585.5751953125
15381,12609.177734375
15382,13992.443359375
15383,5722.607421875
15384,7457.15869140625
15385,10317.2822265625
15386,10218.7744140625
15387,9296.1474609375
15388,15021.3291015625
15389,13248.751953125
15390,17063.7734375
15391,8416.0634765625
15392,10296.1162109375
15393,12376.4033203125
15394,14970.00390625
15395,8244.720703125
15396,15300.154296875
15397,9487.828125
15398,5603.73681640625
15399,9445.9697265625
15400,8264.892578125
15401,8414.951171875
15402,10410.701171875
15403,7844.611328125
15404,9682.21484375
15405,14677.2705078125
15406,7218.14013671875
15407,26756.43359375
15408,11613.4208984375
15409,0.0
15410,0.0
15411,0.0
15412,0.0
15413,0.0
15414,0.0
15415,0.0
15416,0.0
15417,0.0
15418,0.0
15419,0.0
15420,0.0
15421,0.0
15422,0.0
15423,0.0
15424,0.0
15425,0.0
15426,0.0
15427,0.0
15428,0.0
15429,0.0
15430,0.0
15431,0.0
15432,0.0
15433,0.0
15434,0.0
15435,0.0
15436,0.0
15437,0.0
15438,0.0
15439,0.0
15440,0.0
15441,0.0
15442,0.0
15443,0.0
15444,0.0
15445,0.0
15446,0.0
15447,0.0
15448,0.0
15449,0.0
15450,0.0
15451,0.0
15452,0.0
15453,0.0
15454,0.0
15455,0.0
15456,0.0
15457,0.0
15458,0.0
15459,0.0
15460,0.0
15461,0.0
15462,0.0
15463,0.0
15464,0.0
15465,0.0
15466,0.0
15467,0.0
15468,0.0
15469,0.0
15470,0.0
15471,0.0
15472,0.0
15473,0.0
15474,0.0
15475,0.0
15476,0.0
15477,0.0
15478,0.0
15479,0.0
15480,0.0
15481,0.0
15482,0.0
15483,0.0
15484,0.0
15485,0.0
15486,0.0
15487,0.0
15488,0.0
15489,0.0
15490,0.0
15491,0.0
15492,0.0
15493,0.0
15494,0.0
15495,0.0
15496,0.0
15497,0.0
15498,0.0
15499,0.0
15500,5226.0478515625
15501,0.0
15502,0.0
15503,0.0
15504,0.0
15505,0.0
15506,0.0
15507,0.0
15508,0.0
15509,0.0
15510,0.0
15511,0.0
15512,0.0
15513,0.0
15514,0.0
15515,0.0
15516,0.0
15517,0.0
15518,0.0
15519,0.0
15520,0.0
15521,0.0
15522,0.0
15523,0.0
15524,0.0
15525,0.0
15526,0.0
15527,0.0
15528,0.0
15529,0.0
15530,0.0
15531,0.0
15532,0.0
15533,0.0
15534,0.0
15535,0.0
15536,0.0
15537,0.0
15538,0.0
15539,0.0
15540,0.0
15541,0.0
15542,0.0
15543,0.0
15544,0.0
15545,0.0
15546,0.0
15547,0.0
15548,0.0
15549,0.0
15550,0.0
15551,0.0
15552,0.0
15553,0.0
15554,0.0
15555,0.0
15556,0.0
15557,0.0
15558,0.0
15559,0.0
15560,0.0
15561,0.0
15562,0.0
15563,0.0
15564,0.0
15565,0.0
15566,0.0
15567,0.0
15568,3236.023681640625
15569,0.0
15570,0.0
15571,0.0
15572,0.0
15573,0.0
15574,0.0
15575,0.0
15576,0.0
15577,0.0
15578,0.0
15579,0.0
15580,0.0
15581,0.0
15582,0.0
15583,0.0
15584,0.0
15585,0.0
15586,0.0
15587,0.0
15588,0.0
15589,0.0
15590,0.0
15591,0.0
15592,0.0
15593,0.0
15594,0.0
15595,0.0
15596,0.0
15597,0.0
15598,0.0
15599,0.0
15600,0.0
15601,0.0
15602,0.0
15603,0.0
15604,0.0
15605,0.0
15606,0.0
15607,0.0
15608,0.0
15609,16646.53125
15610,31782.869140625
15611,0.0
15612,0.0
15613,0.0
15614,0.0
15615,0.0
15616,0.0
15617,0.0
15618,8139.61572265625
15619,0.0
15620,0.0
15621,0.0
15622,0.0
15623,0.0
15624,0.0
15625,0.0
15626,0.0
15627,0.0
15628,0.0
15629,0.0
15630,0.0
15631,0.0
15632,0.0
15633,0.0
15634,0.0
15635,0.0
15636,0.0
15637,7237.1708984375
15638,0.0
15639,0.0
15640,0.0
15641,0.0
15642,0.0
15643,0.0
15644,0.0
15645,0.0
15646,0.0
15647,5240.6455078125
15648,0.0
15649,0.0
15650,0.0
15651,0.0
15652,0.0
15653,0.0
15654,0.0
15655,0.0
15656,0.0
15657,0.0
15658,0.0
15659,0.0
15660,0.0
15661,0.0
15662,0.0
15663,0.0
15664,0.0
15665,9693.5048828125
15666,0.0
15667,0.0
15668,0.0
15669,0.0
15670,0.0
15671,0.0
15672,0.0
15673,0.0
15674,0.0
15675,0.0
15676,0.0
15677,0.0
15678,0.0
15679,0.0
15680,0.0
15681,0.0
15682,8402.39453125
15683,0.0
15684,0.0
15685,0.0
15686,0.0
15687,0.0
15688,0.0
15689,0.0
15690,0.0
15691,0.0
15692,0.0
15693,0.0
15694,0.0
15695,0.0
15696,0.0
15697,0.0
15698,0.0
15699,0.0
15700,0.0
15701,0.0
15702,0.0
15703,0.0
15704,0.0
15705,0.0
15706,0.0
15707,0.0
15708,0.0
15709,0.0
15710,0.0
15711,0.0
15712,0.0
15713,0.0
15714,0.0
15715,0.0
15716,0.0
15717,0.0
15718,0.0
15719,0.0
15720,0.0
15721,0.0
15722,0.0
15723,0.0
15724,0.0
15725,0.0
15726,0.0
15727,0.0
15728,0.0
15729,0.0
15730,0.0
15731,0.0
15732,0.0
15733,0.0
15734,0.0
15735,0.0
15736,0.0
15737,0.0
15738,0.0
15739,0.0
15740,0.0
15741,0.0
15742,0.0
15743,0.0
15744,2471.703369140625
15745,0.0
15746,0.0
15747,0.0
15748,0.0
15749,0.0
15750,0.0
15751,0.0
15752,0.0
15753,0.0
15754,0.0
15755,0.0
15756,0.0
15757,0.0
15758,6680.86572265625
15759,0.0
15760,0.0
15761,0.0
15762,0.0
15763,0.0
15764,0.0
15765,0.0
15766,0.0
15767,0.0
15768,0.0
15769,0.0
15770,0.0
15771,0.0
15772,0.0
15773,0.0
15774,0.0
15775,0.0
15776,0.0
15777,0.0
15778,0.0
15779,0.0
15780,0.0
15781,0.0
15782,0.0
15783,0.0
15784,0.0
15785,0.0
15786,0.0
15787,0.0
15788,0.0
15789,0.0
15790,0.0
15791,0.0
15792,0.0
15793,0.0
15794,0.0
15795,0.0
15796,0.0
15797,0.0
15798,0.0
15799,0.0
15800,0.0
15801,8330.7890625
15802,0.0
15803,0.0
15804,0.0
15805,0.0
15806,0.0
15807,0.0
15808,0.0
15809,0.0
15810,0.0
15811,3481.6455078125
15812,0.0
15813,0.0
15814,0.0
15815,5956.9052734375
15816,0.0
15817,0.0
15818,0.0
15819,0.0
15820,0.0
15821,0.0
15822,0.0
15823,0.0
15824,0.0
15825,0.0
15826,0.0
15827,0.0
15828,0.0
15829,0.0
15830,0.0
15831,0.0
15832,0.0
15833,0.0
15834,0.0
15835,0.0
15836,0.0
15837,0.0
15838,0.0
15839,0.0
15840,0.0
15841,0.0
15842,22137.833984375
15843,0.0
15844,0.0
15845,0.0
15846,0.0
15847,0.0
15848,0.0
15849,0.0
15850,0.0
15851,0.0
15852,0.0
15853,0.0
15854,0.0
15855,0.0
15856,6266.48046875
15857,0.0
15858,0.0
15859,0.0
15860,0.0
15861,0.0
15862,0.0
15863,0.0
15864,0.0
15865,0.0
15866,0.0
15867,0.0
15868,0.0
15869,0.0
15870,0.0
15871,0.0
15872,0.0
15873,0.0
15874,0.0
15875,0.0
15876,0.0
15877,0.0
15878,0.0
15879,0.0
15880,0.0
15881,0.0
15882,0.0
15883,0.0
15884,0.0
15885,0.0
15886,0.0
15887,0.0
15888,0.0
15889,0.0
15890,0.0
15891,0.0
15892,0.0
15893,0.0
15894,0.0
15895,0.0
15896,0.0
15897,0.0
15898,0.0
15899,0.0
15900,0.0
15901,0.0
15902,0.0
15903,0.0
15904,0.0
15905,0.0
15906,0.0
15907,0.0
15908,0.0
15909,0.0
15910,0.0
15911,0.0
15912,0.0
15913,0.0
15914,0.0
15915,0.0
15916,0.0
15917,0.0
15918,0.0
15919,0.0
15920,0.0
15921,0.0
15922,0.0
15923,0.0
15924,0.0
15925,0.0
15926,0.0
15927,0.0
15928,0.0
15929,0.0
15930,0.0
15931,12574.611328125
15932,0.0
15933,0.0
15934,0.0
15935,0.0
15936,0.0
15937,0.0
15938,0.0
15939,0.0
15940,0.0
15941,0.0
15942,0.0
15943,0.0
15944,0.0
15945,0.0
15946,0.0
15947,0.0
15948,0.0
15949,0.0
15950,0.0
15951,0.0
15952,0.0
15953,0.0
15954,0.0
15955,0.0
15956,0.0
15957,0.0
15958,0.0
15959,0.0
15960,0.0
15961,0.0
15962,0.0
15963,0.0
15964,0.0
15965,0.0
15966,0.0
15967,0.0
15968,0.0
15969,0.0
15970,0.0
15971,0.0
15972,0.0
15973,0.0
15974,0.0
15975,5010.21923828125
15976,17209.38671875
15977,0.0
15978,0.0
15979,0.0
15980,0.0
15981,0.0
15982,0.0
15983,0.0
15984,0.0
15985,0.0
15986,0.0
15987,0.0
15988,0.0
15989,0.0
15990,0.0
15991,0.0
15992,0.0
15993,0.0
15994,0.0
15995,0.0
15996,0.0
15997,0.0
15998,0.0
15999,0.0
16000,0.0
16001,0.0
16002,0.0
16003,0.0
16004,12889.1337890625
16005,0.0
16006,0.0
16007,0.0
16008,0.0
16009,0.0
16010,0.0
16011,0.0
16012,0.0
16013,0.0
16014,0.0
16015,0.0
16016,0.0
16017,-0.0
16018,0.0
16019,0.0
16020,0.0
16021,0.0
16022,0.0
16023,0.0
16024,0.0
16025,0.0
16026,0.0
16027,0.0
16028,0.0
16029,0.0
16030,0.0
16031,0.0
16032,0.0
16033,0.0
16034,0.0
16035,0.0
16036,0.0
16037,0.0
16038,0.0
16039,0.0
16040,0.0
16041,0.0
16042,0.0
16043,0.0
16044,0.0
16045,0.0
16046,0.0
16047,0.0
16048,0.0
16049,0.0
16050,0.0
16051,0.0
16052,0.0
16053,0.0
16054,0.0
16055,0.0
16056,0.0
16057,0.0
16058,0.0
16059,0.0
16060,0.0
16061,0.0
16062,0.0
16063,0.0
16064,0.0
16065,0.0
16066,0.0
16067,0.0
16068,0.0
16069,0.0
16070,0.0
16071,0.0
16072,0.0
16073,0.0
16074,3501.074951171875
16075,0.0
16076,0.0
16077,0.0
16078,3030.456787109375
16079,0.0
16080,0.0
16081,0.0
16082,0.0
16083,0.0
16084,0.0
16085,0.0
16086,0.0
16087,0.0
16088,0.0
16089,0.0
16090,0.0
16091,0.0
16092,0.0
16093,0.0
16094,0.0
16095,0.0
16096,0.0
16097,0.0
16098,0.0
16099,0.0
16100,0.0
16101,0.0
16102,0.0
16103,0.0
16104,0.0
16105,0.0
16106,0.0
16107,0.0
16108,0.0
16109,0.0
16110,0.0
16111,0.0
16112,0.0
16113,0.0
16114,0.0
16115,0.0
16116,0.0
16117,0.0
16118,0.0
16119,0.0
16120,0.0
16121,0.0
16122,0.0
16123,0.0
16124,0.0
16125,0.0
16126,0.0
16127,0.0
16128,0.0
16129,3687.442138671875
16130,0.0
16131,0.0
16132,0.0
16133,0.0
16134,0.0
16135,0.0
16136,0.0
16137,0.0
16138,0.0
16139,0.0
16140,0.0
16141,0.0
16142,0.0
16143,0.0
16144,11598.263671875
16145,0.0
16146,0.0
16147,0.0
16148,0.0
16149,0.0
16150,0.0
16151,0.0
16152,0.0
16153,0.0
16154,0.0
16155,0.0
16156,0.0
16157,0.0
16158,0.0
16159,0.0
16160,0.0
16161,0.0
16162,0.0
16163,0.0
16164,0.0
16165,0.0
16166,0.0
16167,0.0
16168,0.0
16169,0.0
16170,0.0
16171,0.0
16172,0.0
16173,0.0
16174,0.0
16175,0.0
16176,0.0
16177,0.0
16178,0.0
16179,0.0
16180,0.0
16181,0.0
16182,0.0
16183,0.0
16184,0.0
16185,0.0
16186,0.0
16187,0.0
16188,0.0
16189,0.0
16190,0.0
16191,0.0
16192,0.0
16193,0.0
16194,0.0
16195,0.0
16196,0.0
16197,0.0
16198,0.0
16199,0.0
16200,0.0
16201,0.0
16202,0.0
16203,0.0
16204,0.0
16205,0.0
16206,0.0
16207,0.0
16208,6602.2919921875
16209,0.0
16210,0.0
16211,0.0
16212,0.0
16213,0.0
16214,0.0
16215,0.0
16216,0.0
16217,0.0
16218,0.0
16219,0.0
16220,0.0
16221,0.0
16222,0.0
16223,0.0
16224,0.0
16225,0.0
16226,0.0
16227,0.0
16228,0.0
16229,0.0
16230,0.0
16231,0.0
16232,0.0
16233,0.0
16234,0.0
16235,0.0
16236,0.0
16237,0.0
16238,0.0
16239,0.0
16240,0.0
16241,0.0
16242,0.0
16243,0.0
16244,0.0
16245,0.0
16246,0.0
16247,0.0
16248,0.0
16249,13747.5380859375
16250,6851.1455078125
16251,0.0
16252,0.0
16253,0.0
16254,0.0
16255,0.0
16256,0.0
16257,0.0
16258,0.0
16259,0.0
16260,0.0
16261,0.0
16262,0.0
16263,0.0
16264,0.0
16265,3969.35986328125
16266,2956.322265625
16267,7285.64892578125
16268,3909.576416015625
16269,6096.087890625
16270,4851.666015625
16271,6342.99267578125
16272,5227.7392578125
16273,3352.62109375
16274,3135.07275390625
16275,6271.06396484375
16276,4531.65380859375
16277,4785.9169921875
16278,6595.80029296875
16279,5944.7861328125
16280,3340.875244140625
16281,4808.96630859375
16282,7087.72998046875
16283,8241.9384765625
16284,6123.62548828125
16285,8091.30078125
16286,4567.76611328125
16287,7340.1953125
16288,1145.45166015625
16289,9319.7900390625
16290,7592.66748046875
16291,8230.0712890625
16292,6635.30126953125
16293,2890.8544921875
16294,4986.61865234375
16295,6818.89111328125
16296,8280.9306640625
16297,3429.251708984375
16298,5827.1826171875
16299,5632.646484375
16300,6062.7939453125
16301,2611.249267578125
16302,8328.65234375
16303,5519.26220703125
16304,8276.529296875
16305,7139.88427734375
16306,3888.359130859375
16307,9038.482421875
16308,6545.9140625
16309,6892.482421875
16310,3753.564697265625
16311,8236.828125
16312,10859.6337890625
16313,5948.44677734375
16314,6871.49853515625
16315,8278.0556640625
16316,7422.6572265625
16317,5673.90283203125
16318,4417.72412109375
16319,2373.456787109375
16320,3259.966064453125
16321,4938.6181640625
16322,7303.40380859375
16323,8063.830078125
16324,7764.962890625
16325,4193.966796875
16326,8981.3203125
16327,5871.3076171875
16328,4263.69775390625
16329,2694.424072265625
16330,11118.142578125
16331,2963.074462890625
16332,3906.152587890625
16333,7250.19140625
16334,3788.245361328125
16335,5931.44189453125
16336,2762.522705078125
16337,6391.19775390625
16338,5770.64404296875
16339,5506.62548828125
16340,7701.6728515625
16341,8709.9443359375
16342,5549.32177734375
16343,4402.15380859375
16344,7802.67333984375
16345,12151.3779296875
16346,5788.92431640625
16347,3760.61669921875
16348,6525.42236328125
16349,5675.5595703125
16350,6416.61279296875
16351,10482.294921875
16352,1999.64111328125
16353,9082.513671875
16354,5877.7509765625
16355,5879.28515625
16356,8022.89208984375
16357,2467.435546875
16358,4928.91162109375
16359,6281.626953125
16360,9079.2421875
16361,7374.06201171875
16362,3683.429443359375
16363,4265.18798828125
16364,8088.33056640625
16365,6650.298828125
16366,5721.9306640625
16367,3759.400634765625
16368,4278.1103515625
16369,6186.30810546875
16370,4916.1630859375
16371,3120.224365234375
16372,5508.7158203125
16373,5996.62158203125
16374,7018.38671875
16375,8172.9189453125
16376,8728.1435546875
16377,5056.244140625
16378,7387.95263671875
16379,2892.77197265625
16380,3327.8779296875
16381,7629.041015625
16382,7318.458984375
16383,7136.82861328125
16384,9417.2041015625
16385,7386.01318359375
16386,5344.6982421875
16387,5587.77978515625
16388,7472.02294921875
16389,3882.49853515625
16390,2383.739501953125
16391,6816.607421875
16392,4030.03662109375
16393,5062.47119140625
16394,2841.533203125
16395,5453.57373046875
16396,5785.73095703125
16397,6338.8173828125
16398,6400.076171875
16399,2494.276611328125
16400,7070.48779296875
16401,7444.966796875
16402,3877.628173828125
16403,5852.5126953125
16404,3866.302001953125
16405,6357.541015625
16406,2694.13232421875
16407,4153.669921875
16408,5747.650390625
16409,7642.66552734375
16410,6016.59814453125
16411,6658.83544921875
16412,14385.2783203125
16413,3997.8154296875
16414,5130.6357421875
16415,10600.4912109375
16416,6173.1669921875
16417,9418.435546875
16418,5466.67822265625
16419,5640.89306640625
16420,6945.3642578125
16421,4234.7158203125
16422,5582.8916015625
16423,8292.9501953125
16424,5133.23779296875
16425,4323.791015625
16426,3823.178955078125
16427,7235.98046875
16428,8560.560546875
16429,6922.583984375
16430,6584.29345703125
16431,4643.955078125
16432,2246.119384765625
16433,1933.4344482421875
16434,3700.520263671875
16435,6740.36962890625
16436,8037.36572265625
16437,4669.50244140625
16438,3127.72119140625
16439,8249.587890625
16440,7290.15673828125
16441,7916.658203125
16442,5713.509765625
16443,8623.0283203125
16444,8947.64453125
16445,3265.339599609375
16446,5905.56689453125
16447,6281.41552734375
16448,7738.52197265625
16449,3755.282470703125
16450,5370.89306640625
16451,4133.32177734375
16452,8501.3984375
16453,6086.28369140625
16454,7582.52490234375
16455,6545.43505859375
16456,5853.51220703125
16457,8377.6328125
16458,19038.21875
16459,7940.2880859375
16460,4744.9521484375
16461,4600.654296875
16462,7127.97802734375
16463,7805.58837890625
16464,4056.491943359375
16465,9120.0830078125
16466,18036.720703125
16467,5959.1162109375
16468,2722.703857421875
16469,11221.2158203125
16470,2748.892333984375
16471,4923.146484375
16472,3588.100830078125
16473,6267.4638671875
16474,5398.22802734375
16475,6651.76904296875
16476,5102.20703125
16477,5404.1455078125
16478,9494.20703125
16479,7357.05517578125
16480,6362.88232421875
16481,6366.50927734375
16482,5651.36572265625
16483,5939.10888671875
16484,9334.47265625
16485,5253.99560546875
16486,5320.33203125
16487,3768.550537109375
16488,2812.3740234375
16489,5648.7890625
16490,4140.69140625
16491,4887.75830078125
16492,7957.33642578125
16493,9687.5361328125
16494,7343.36181640625
16495,4987.291015625
16496,4179.46142578125
16497,3477.672119140625
16498,4334.35400390625
16499,6232.12255859375
16500,2650.9658203125
16501,5172.365234375
16502,5094.77001953125
16503,8492.4931640625
16504,5942.12158203125
16505,4035.8798828125
16506,3408.356201171875
16507,3316.980712890625
16508,8802.515625
16509,5842.1484375
16510,5750.798828125
16511,13519.978515625
16512,8166.2216796875
16513,5855.3125
16514,5965.6259765625
16515,2433.37158203125
16516,4092.5908203125
16517,4336.8740234375
16518,3812.56298828125
16519,9552.8408203125
16520,5412.17626953125
16521,10725.6640625
16522,10314.6162109375
16523,6306.0419921875
16524,5088.1455078125
16525,6186.134765625
16526,5577.78515625
16527,4784.52099609375
16528,11420.7578125
16529,5730.1103515625
16530,8708.390625
16531,4443.53125
16532,5746.19140625
16533,7121.77490234375
16534,7876.3759765625
16535,6952.306640625
16536,5738.26318359375
16537,6847.53076171875
16538,4340.52685546875
16539,8648.7978515625
16540,7247.880859375
16541,7602.9091796875
16542,8416.4130859375
16543,7504.52099609375
16544,8533.3759765625
16545,3430.009521484375
16546,6073.9208984375
16547,5835.3466796875
16548,8594.74609375
16549,7146.17626953125
16550,6618.66259765625
16551,6602.5439453125
16552,8083.21142578125
16553,5660.2490234375
16554,7052.38525390625
16555,7214.87353515625
16556,3069.19677734375
16557,11888.021484375
16558,15648.03515625
16559,7215.14453125
16560,7414.4365234375
16561,7737.546875
16562,8028.91552734375
16563,9249.884765625
16564,4026.910888671875
16565,4449.35986328125
16566,6445.1806640625
16567,8105.48828125
16568,2684.08447265625
16569,4763.5166015625
16570,5573.8896484375
16571,5057.7587890625
16572,4052.5234375
16573,3885.3671875
16574,2917.847412109375
16575,7768.99609375
16576,4451.91943359375
16577,4619.52783203125
16578,6254.12158203125
16579,5694.9580078125
16580,9487.9833984375
16581,12578.62109375
16582,7328.02392578125
16583,8222.5947265625
16584,6793.35498046875
16585,10306.3681640625
16586,4883.85595703125
16587,3035.906005859375
16588,6605.56591796875
16589,15696.173828125
16590,4185.45556640625
16591,7436.8466796875
16592,2956.734130859375
16593,3415.80517578125
16594,6687.0390625
16595,6348.00732421875
16596,5535.634765625
16597,9641.3564453125
16598,9651.0595703125
16599,7448.990234375
16600,4146.57421875
16601,7988.693359375
16602,1853.09814453125
16603,3399.563232421875
16604,6990.97802734375
16605,4776.79052734375
16606,10653.9404296875
16607,1849.7369384765625
16608,4777.0380859375
16609,5843.83642578125
16610,8769.2900390625
16611,10851.865234375
16612,4497.4833984375
16613,3772.912841796875
16614,9966.0361328125
16615,10265.1708984375
16616,4111.4453125
16617,5969.99609375
16618,8087.98974609375
16619,6952.64453125
16620,5924.0615234375
16621,3439.384521484375
16622,7710.61328125
16623,4070.13330078125
16624,11322.626953125
16625,9543.501953125
16626,17163.0546875
16627,6447.7177734375
16628,4908.12548828125
16629,2747.6435546875
16630,6677.07080078125
16631,6293.31591796875
16632,4575.7451171875
16633,9236.431640625
16634,6292.509765625
16635,2893.133056640625
16636,6976.52880859375
16637,4320.2890625
16638,7625.92431640625
16639,7726.81787109375
16640,6416.50537109375
16641,8962.7744140625
16642,4798.13037109375
16643,7062.43798828125
16644,6169.88525390625
16645,5663.14599609375
16646,6650.95947265625
16647,3930.15625
16648,9975.5615234375
16649,6416.611328125
16650,3951.634033203125
16651,4105.82861328125
16652,7640.97412109375
16653,6062.40673828125
16654,4155.81494140625
16655,5335.01220703125
16656,5977.14794921875
16657,5332.552734375
16658,5603.37451171875
16659,8793.732421875
16660,5082.17626953125
16661,3422.688720703125
16662,6213.6904296875
16663,6311.3984375
16664,3301.7900390625
16665,5388.6201171875
16666,8558.029296875
16667,7511.408203125
16668,10281.3173828125
16669,8624.205078125
16670,8909.5849609375
16671,6957.2783203125
16672,4482.38134765625
16673,10922.123046875
16674,8156.93603515625
16675,7290.5576171875
16676,5028.98681640625
16677,6150.17041015625
16678,5096.82958984375
16679,2740.7041015625
16680,8772.2958984375
16681,7628.5283203125
16682,6327.7490234375
16683,3847.791748046875
16684,1243.6044921875
16685,7862.23828125
16686,6454.35595703125
16687,6335.0322265625
16688,4104.916015625
16689,5628.5009765625
16690,5955.13330078125
16691,3842.8837890625
16692,9284.5498046875
16693,5863.3955078125
16694,6000.478515625
16695,3457.776611328125
16696,3629.065185546875
16697,4962.86083984375
16698,14029.5244140625
16699,3829.51806640625
16700,6162.8994140625
16701,5053.7265625
16702,3668.705078125
16703,3261.175048828125
16704,6202.2578125
16705,3059.29638671875
16706,10490.828125
16707,6387.357421875
16708,2616.771728515625
16709,8581.2265625
16710,1402.16455078125
16711,4540.84912109375
16712,8461.896484375
16713,7329.6181640625
16714,8560.2470703125
16715,2395.23876953125
16716,4155.197265625
16717,4756.61376953125
16718,5095.80419921875
16719,15947.314453125
16720,12785.7822265625
16721,5980.9833984375
16722,3031.03271484375
16723,6753.134765625
16724,4969.822265625
16725,2768.678466796875
16726,8027.80712890625
16727,4671.6318359375
16728,6682.70849609375
16729,6961.06591796875
16730,4459.7587890625
16731,5360.18408203125
16732,6553.78369140625
16733,6092.814453125
16734,7040.4296875
16735,2793.6455078125
16736,5064.35595703125
16737,7265.4453125
16738,7334.31103515625
16739,5801.06884765625
16740,7402.3232421875
16741,2019.030029296875
16742,9054.7783203125
16743,4871.62744140625
16744,3104.89453125
16745,4541.96630859375
16746,4129.8017578125
16747,5307.4912109375
16748,7408.77001953125
16749,4210.13037109375
16750,5922.50732421875
16751,5803.9599609375
16752,7224.6279296875
16753,8326.8203125
16754,6721.79345703125
16755,6666.759765625
16756,5523.54296875
16757,2459.198974609375
16758,11419.8515625
16759,4105.814453125
16760,3673.1005859375
16761,6859.49365234375
16762,11539.041015625
16763,11194.83984375
16764,3741.628662109375
16765,4740.6982421875
16766,5946.50244140625
16767,6964.6708984375
16768,4571.2265625
16769,8185.39794921875
16770,3348.5126953125
16771,4122.22802734375
16772,3778.30859375
16773,3374.389892578125
16774,3094.15234375
16775,7006.33349609375
16776,6160.14111328125
16777,6677.63134765625
16778,4606.0478515625
16779,8225.8662109375
16780,8340.2578125
16781,5287.21240234375
16782,5365.58349609375
16783,6518.86865234375
16784,7410.3271484375
16785,4538.65478515625
16786,2692.481689453125
16787,6920.98828125
16788,5884.68115234375
16789,6136.478515625
16790,6567.69580078125
16791,3661.493408203125
16792,8802.396484375
16793,3159.55810546875
16794,10049.123046875
16795,4563.0703125
16796,4399.02099609375
16797,7784.46484375
16798,3926.456298828125
16799,4694.75
16800,7587.5
16801,2643.4931640625
16802,7467.56884765625
16803,9858.3662109375
16804,5430.12841796875
16805,3025.08154296875
16806,6475.60400390625
16807,3426.82373046875
16808,2300.6220703125
16809,4850.90380859375
16810,6241.05126953125
16811,4983.34521484375
16812,5545.70263671875
16813,5705.02783203125
16814,4338.93115234375
16815,9318.083984375
16816,5936.79931640625
16817,6854.7412109375
16818,4316.70166015625
16819,4946.71630859375
16820,5722.66015625
16821,7298.31591796875
16822,8852.0458984375
16823,7713.31787109375
16824,8604.7265625
16825,6514.38037109375
16826,5904.72607421875
16827,3143.6337890625
16828,5640.74951171875
16829,7829.8896484375
16830,5918.74169921875
16831,7732.90478515625
16832,14656.7685546875
16833,3748.49755859375
16834,5007.68115234375
16835,4678.30712890625
16836,8800.1298828125
16837,10873.6181640625
16838,6917.8955078125
16839,7884.71875
16840,8892.2138671875
16841,7176.72265625
16842,7106.111328125
16843,5562.2646484375
16844,2750.302001953125
16845,4638.00244140625
16846,3249.66796875
16847,3347.700927734375
16848,7249.05126953125
16849,16983.771484375
16850,5693.33935546875
16851,3244.397216796875
16852,4851.03271484375
16853,5578.2158203125
16854,6094.24267578125
16855,2179.574951171875
16856,6358.50048828125
16857,7898.47265625
16858,4505.97998046875
16859,11454.931640625
16860,11516.9306640625
16861,6369.72607421875
16862,4551.8583984375
16863,4673.36474609375
16864,3545.465576171875
16865,6018.810546875
16866,9029.744140625
16867,4023.542236328125
16868,5841.89990234375
16869,3035.285888671875
16870,5658.984375
16871,5289.2265625
16872,8868.603515625
16873,3285.0478515625
16874,8995.4658203125
16875,6697.01318359375
16876,4593.1796875
16877,4259.234375
16878,4131.21826171875
16879,5161.88037109375
16880,4052.1728515625
16881,10111.2548828125
16882,4806.32470703125
16883,4420.79541015625
16884,7040.84375
16885,6087.5869140625
16886,6551.716796875
16887,5212.025390625
16888,6413.97802734375
16889,8987.9306640625
16890,5983.0302734375
16891,7071.6630859375
16892,4071.017578125
16893,5133.59814453125
16894,5406.482421875
16895,4462.22900390625
16896,4507.55224609375
16897,6048.05078125
16898,11324.8125
16899,9181.5751953125
16900,6414.1962890625
16901,5848.28076171875
16902,4806.04150390625
16903,6777.1845703125
16904,5586.50830078125
16905,9620.580078125
16906,6860.83935546875
16907,6235.2724609375
16908,4125.36083984375
16909,3649.58984375
16910,4419.09423828125
16911,21901.939453125
16912,2037.3466796875
16913,5172.6640625
16914,6891.69775390625
16915,7032.3251953125
16916,7165.30078125
16917,9110.3798828125
16918,6073.11376953125
16919,7059.30810546875
16920,3245.17138671875
16921,7527.43505859375
16922,4095.895263671875
16923,6486.08642578125
16924,8003.29638671875
16925,3898.713623046875
16926,8367.4501953125
16927,7149.00390625
16928,3988.340576171875
16929,6023.15087890625
16930,7205.60205078125
16931,2753.52001953125
16932,9656.3759765625
16933,6171.8544921875
16934,6104.8427734375
16935,10169.951171875
16936,8662.9140625
16937,5830.4296875
16938,4417.416015625
16939,4256.6845703125
16940,5816.46728515625
16941,3935.6328125
16942,6180.529296875
16943,2956.900146484375
16944,5382.5107421875
16945,2746.734130859375
16946,6014.2568359375
16947,5281.8017578125
16948,4631.740234375
16949,5679.38525390625
16950,8832.392578125
16951,5461.77783203125
16952,8125.23486328125
16953,5994.5986328125
16954,5904.24072265625
16955,9015.5068359375
16956,7916.7900390625
16957,4812.53173828125
16958,5064.7529296875
16959,5944.3134765625
16960,3789.806884765625
16961,12540.943359375
16962,6538.92529296875
16963,6086.04833984375
16964,9019.2578125
16965,6762.01806640625
16966,2275.505126953125
16967,11762.0576171875
16968,9370.2373046875
16969,7640.98486328125
16970,7816.36328125
16971,7633.18505859375
16972,8937.6689453125
16973,5666.44677734375
16974,3828.290283203125
16975,3189.85595703125
16976,5207.93798828125
16977,7380.53564453125
16978,2756.476806640625
16979,7743.82421875
16980,5761.685546875
16981,4739.15966796875
16982,7488.8466796875
16983,5732.81103515625
16984,8256.3642578125
16985,4643.0068359375
16986,4788.73486328125
16987,4871.19677734375
16988,3813.001953125
16989,6495.69873046875
16990,6936.56396484375
16991,7814.97509765625
16992,6651.0283203125
16993,4193.86572265625
16994,6445.091796875
16995,7495.0
16996,7031.31787109375
16997,3475.477294921875
16998,2803.046142578125
16999,8201.7919921875
17000,6563.25439453125
17001,0.0
17002,7362.20556640625
17003,6876.64111328125
17004,6325.99755859375
17005,5545.16259765625
17006,1740.8624267578125
17007,6326.626953125
17008,6834.55810546875
17009,5120.68505859375
17010,8489.1630859375
17011,6403.5537109375
17012,3868.209228515625
17013,5921.10498046875
17014,3528.533203125
17015,1108.21826171875
17016,6563.54931640625
17017,7187.263671875
17018,5851.18603515625
17019,4113.9345703125
17020,2420.052490234375
17021,4065.499755859375
17022,5768.66259765625
17023,6609.771484375
17024,8825.4833984375
17025,3947.96630859375
17026,5092.6591796875
17027,2871.5830078125
17028,6588.9111328125
17029,2853.769287109375
17030,2708.320556640625
17031,4937.451171875
17032,3753.94873046875
17033,6837.9912109375
17034,5280.75439453125
17035,5822.2626953125
17036,5113.93212890625
17037,8675.27734375
17038,5862.66162109375
17039,3963.529052734375
17040,10508.634765625
17041,6688.90478515625
17042,6747.4853515625
17043,3199.503662109375
17044,5103.70751953125
17045,6317.404296875
17046,4499.7783203125
17047,8927.5732421875
17048,7495.05126953125
17049,6541.62255859375
17050,7405.86279296875
17051,5529.1015625
17052,7042.6787109375
17053,12416.5830078125
17054,3697.47265625
17055,4841.6513671875
17056,5124.2197265625
17057,5250.30712890625
17058,5914.98291015625
17059,7403.2529296875
17060,6219.0380859375
17061,6209.6474609375
17062,3202.0576171875
17063,7193.052734375
17064,7726.33984375
17065,2817.657470703125
17066,7123.3046875
17067,3951.010009765625
17068,5694.056640625
17069,6242.85595703125
17070,5484.3408203125
17071,4960.1689453125
17072,4490.3271484375
17073,5241.4990234375
17074,7539.412109375
17075,5243.20263671875
17076,9077.1640625
17077,6287.650390625
17078,9168.4921875
17079,5416.01953125
17080,3487.768310546875
17081,9152.744140625
17082,2986.388916015625
17083,8694.931640625
17084,6791.181640625
17085,5533.77197265625
17086,8184.0576171875
17087,4712.3515625
17088,2858.896484375
17089,6976.05810546875
17090,3621.203857421875
17091,3042.86328125
17092,5375.82421875
17093,5111.51171875
17094,9798.140625
17095,5994.109375
17096,5819.822265625
17097,3687.810302734375
17098,6408.95556640625
17099,2662.09228515625
17100,9469.826171875
17101,7814.30029296875
17102,10831.015625
17103,6465.87255859375
17104,5570.61279296875
17105,9537.0693359375
17106,7698.42431640625
17107,2873.98486328125
17108,8230.763671875
17109,6360.08447265625
17110,6058.66064453125
17111,5869.41064453125
17112,6043.83935546875
17113,3404.881591796875
17114,5726.12353515625
17115,4248.54833984375
17116,2597.650390625
17117,8283.583984375
17118,5523.49072265625
17119,24633.44140625
17120,7699.83642578125
17121,3911.72705078125
17122,6718.22998046875
17123,10623.654296875
17124,6325.845703125
17125,6893.06982421875
17126,6115.65673828125
17127,7798.47021484375
17128,5670.392578125
17129,3825.694580078125
17130,5951.3798828125
17131,6473.11767578125
17132,7444.7958984375
17133,7798.3232421875
17134,8462.7802734375
17135,5256.26708984375
17136,4974.72265625
17137,5931.29443359375
17138,10079.8349609375
17139,10216.4208984375
17140,7628.4658203125
17141,7720.61962890625
17142,6018.28076171875
17143,6966.49755859375
17144,3664.593017578125
17145,9183.685546875
17146,10326.7001953125
17147,8623.2216796875
17148,5495.21875
17149,5766.07275390625
17150,5186.953125
17151,6652.33837890625
17152,10338.4765625
17153,5938.1259765625
17154,4397.56689453125
17155,5762.35791015625
17156,8407.7802734375
17157,4012.509521484375
17158,7212.810546875
17159,4367.70263671875
17160,7104.4736328125
17161,5851.458984375
17162,5965.33544921875
17163,8225.7587890625
17164,6539.123046875
17165,6929.9140625
17166,6658.55322265625
17167,7025.9091796875
17168,12110.7470703125
17169,5817.03271484375
17170,6554.130859375
17171,9226.091796875
17172,8769.796875
17173,6210.24609375
17174,8892.6630859375
17175,3841.86865234375
17176,4793.90771484375
17177,6014.81103515625
17178,6428.42626953125
17179,8972.3935546875
17180,6911.88818359375
17181,4875.916015625
17182,7073.8056640625
17183,6765.2607421875
17184,9329.056640625
17185,4150.27490234375
17186,12999.3525390625
17187,4624.79736328125
17188,6361.1396484375
17189,8615.9970703125
17190,3945.781982421875
17191,5900.58447265625
17192,6081.62744140625
17193,6924.943359375
17194,6992.14599609375
17195,4998.2822265625
17196,7209.046875
17197,7723.2099609375
17198,6830.7060546875
17199,5587.30078125
17200,7901.0
17201,10727.25390625
17202,6646.31884765625
17203,4782.36865234375
17204,5791.431640625
17205,7138.45751953125
17206,6458.2373046875
17207,8105.509765625
17208,4114.62548828125
17209,7343.623046875
17210,6420.216796875
17211,5883.81640625
17212,9326.1552734375
17213,5233.66064453125
17214,7314.1953125
17215,4811.6708984375
17216,8329.0849609375
17217,8063.1005859375
17218,3697.21923828125
17219,4273.5478515625
17220,6653.0859375
17221,5843.7998046875
17222,5737.68994140625
17223,7148.1103515625
17224,7082.58154296875
17225,7600.15869140625
17226,5418.55322265625
17227,5012.3154296875
17228,5445.228515625
17229,8158.79736328125
17230,7225.77978515625
17231,8504.9111328125
17232,8493.1318359375
17233,5180.85791015625
17234,8590.3974609375
17235,5147.791015625
17236,6128.8447265625
17237,8208.9013671875
17238,6364.42431640625
17239,9599.7373046875
17240,7883.00390625
17241,7133.521484375
17242,4945.12451171875
17243,7713.4091796875
17244,6901.455078125
17245,5055.18310546875
17246,3655.628173828125
17247,8399.4208984375
17248,7263.3095703125
17249,5614.46923828125
17250,5051.31884765625
17251,7284.09814453125
17252,6622.4404296875
17253,6839.19775390625
17254,5373.91650390625
17255,5113.68310546875
17256,7471.7158203125
17257,6797.90869140625
17258,5537.93798828125
17259,5266.82421875
17260,5552.3583984375
17261,6820.58447265625
17262,3823.501220703125
17263,7183.3447265625
17264,5702.34326171875
17265,8313.8525390625
17266,7298.6044921875
17267,5907.345703125
17268,12606.7734375
17269,4797.43408203125
17270,5549.29541015625
17271,11358.77734375
17272,7256.14404296875
17273,8620.2822265625
17274,7733.7197265625
17275,6064.525390625
17276,6605.0732421875
17277,5873.7890625
17278,8417.6220703125
17279,9532.501953125
17280,6802.32763671875
17281,3636.396484375
17282,4624.5361328125
17283,8131.599609375
17284,8756.314453125
17285,4365.2041015625
17286,6798.80615234375
17287,4965.96728515625
17288,4837.86083984375
17289,3612.35595703125
17290,4875.220703125
17291,6736.583984375
17292,6735.92578125
17293,6391.78173828125
17294,5547.3583984375
17295,8459.57421875
17296,8780.1796875
17297,7695.99853515625
17298,5484.71337890625
17299,9667.8642578125
17300,9472.3583984375
17301,4917.7998046875
17302,7738.88916015625
17303,5315.69677734375
17304,7138.41357421875
17305,3898.19140625
17306,6917.9794921875
17307,4309.25439453125
17308,8827.6552734375
17309,6970.33203125
17310,8582.6220703125
17311,8407.2744140625
17312,6350.89013671875
17313,7940.6044921875
17314,18150.974609375
17315,9439.185546875
17316,6200.7314453125
17317,3391.560791015625
17318,7918.18115234375
17319,8224.5751953125
17320,6709.04833984375
17321,12729.12109375
17322,21301.234375
17323,4263.98486328125
17324,5048.19970703125
17325,8302.73828125
17326,4544.05615234375
17327,8768.28125
17328,6226.29541015625
17329,7776.27734375
17330,7248.31298828125
17331,6338.79833984375
17332,5551.12744140625
17333,7364.853515625
17334,8198.5927734375
17335,6703.89599609375
17336,6288.34326171875
17337,6674.537109375
17338,4432.87939453125
17339,5150.744140625
17340,7526.67626953125
17341,5702.2353515625
17342,5227.423828125
17343,6417.86865234375
17344,4995.904296875
17345,5789.74267578125
17346,6144.576171875
17347,5991.3408203125
17348,7722.28076171875
17349,9539.49609375
17350,8874.90625
17351,6341.5859375
17352,3624.056396484375
17353,6499.98779296875
17354,6634.70751953125
17355,5692.50341796875
17356,5132.32568359375
17357,6743.50439453125
17358,5582.61865234375
17359,9356.60546875
17360,7091.71923828125
17361,4785.26416015625
17362,5344.72900390625
17363,5055.83544921875
17364,8529.4228515625
17365,5169.1240234375
17366,8815.53515625
17367,13459.853515625
17368,7403.72607421875
17369,7598.73583984375
17370,5335.93505859375
17371,4971.54638671875
17372,8390.75
17373,5123.72900390625
17374,5074.486328125
17375,11016.9755859375
17376,6057.1796875
17377,14298.220703125
17378,12420.7724609375
17379,5361.19921875
17380,5707.84033203125
17381,6215.05224609375
17382,6694.5146484375
17383,5328.6806640625
17384,10654.8974609375
17385,7065.791015625
17386,10634.2998046875
17387,5746.16650390625
17388,8108.79345703125
17389,6589.82568359375
17390,8890.2646484375
17391,5897.01318359375
17392,6795.56494140625
17393,6493.474609375
17394,5930.34326171875
17395,8020.287109375
17396,9965.7822265625
17397,7320.34521484375
17398,9860.3232421875
17399,6718.39892578125
17400,9422.904296875
17401,6084.64453125
17402,4517.6181640625
17403,4852.80126953125
17404,8101.61962890625
17405,6290.96435546875
17406,7414.5830078125
17407,6581.61962890625
17408,8521.6064453125
17409,5999.90869140625
17410,8918.99609375
17411,7316.970703125
17412,3828.991455078125
17413,13049.5048828125
17414,16518.7578125
17415,5736.947265625
17416,7950.9189453125
17417,9969.44921875
17418,9165.1845703125
17419,10771.0888671875
17420,7306.74462890625
17421,6883.7783203125
17422,6641.49951171875
17423,7528.826171875
17424,4571.1591796875
17425,6525.18798828125
17426,5455.904296875
17427,5831.55712890625
17428,6712.0126953125
17429,5573.375
17430,4040.91943359375
17431,7732.57470703125
17432,5004.53125
17433,3870.603271484375
17434,5658.02099609375
17435,6927.96142578125
17436,8929.5703125
17437,8646.4404296875
17438,8150.1513671875
17439,7014.63232421875
17440,6308.8095703125
17441,10478.02734375
17442,6768.03369140625
17443,6254.35693359375
17444,6591.09130859375
17445,11493.5439453125
17446,4510.041015625
17447,7093.22412109375
17448,4021.28857421875
17449,4481.294921875
17450,6303.06689453125
17451,6546.39892578125
17452,6094.88427734375
17453,8802.3095703125
17454,9722.8388671875
17455,10429.5498046875
17456,5998.01953125
17457,9412.599609375
17458,3302.76904296875
17459,5737.07568359375
17460,6705.80908203125
17461,3972.677490234375
17462,8513.0302734375
17463,5339.314453125
17464,5285.80712890625
17465,9213.31640625
17466,9815.5322265625
17467,7579.48388671875
17468,5786.3623046875
17469,5332.302734375
17470,11111.10546875
17471,9196.1767578125
17472,6538.85107421875
17473,5173.337890625
17474,6098.486328125
17475,8961.505859375
17476,5475.78125
17477,5312.09423828125
17478,7605.70263671875
17479,8124.63330078125
17480,12343.8408203125
17481,6788.56298828125
17482,15164.251953125
17483,6287.98193359375
17484,5704.6826171875
17485,3841.197998046875
17486,5679.94189453125
17487,5730.42822265625
17488,5046.64501953125
17489,8350.408203125
17490,5643.802734375
17491,4903.7666015625
17492,7240.396484375
17493,5350.39501953125
17494,7067.7705078125
17495,7085.5400390625
17496,7513.19580078125
17497,8531.181640625
17498,4523.330078125
17499,9064.0458984375
17500,6687.00634765625
17501,6143.56494140625
17502,6044.2509765625
17503,5180.5634765625
17504,10389.484375
17505,6845.9609375
17506,4691.0126953125
17507,6399.92138671875
17508,9070.873046875
17509,7641.5078125
17510,5993.869140625
17511,8682.107421875
17512,6625.9384765625
17513,7005.47607421875
17514,6040.42626953125
17515,9052.9609375
17516,6437.20703125
17517,5350.9306640625
17518,5044.02978515625
17519,5031.98876953125
17520,4916.974609375
17521,5758.88623046875
17522,7916.8125
17523,9059.2119140625
17524,11105.107421875
17525,11079.427734375
17526,8693.6162109375
17527,7353.1796875
17528,5905.95556640625
17529,10657.462890625
17530,11033.9140625
17531,6454.86474609375
17532,7405.19580078125
17533,9659.515625
17534,5806.13818359375
17535,3914.65625
17536,9501.8916015625
17537,6530.9482421875
17538,7455.9375
17539,5979.05029296875
17540,2071.37353515625
17541,9829.759765625
17542,6457.89208984375
17543,5486.31494140625
17544,5949.73291015625
17545,5363.57470703125
17546,7655.33984375
17547,5837.51806640625
17548,6315.97509765625
17549,5880.5908203125
17550,4814.4541015625
17551,3828.32080078125
17552,4367.49169921875
17553,6572.7646484375
17554,16601.080078125
17555,5424.2939453125
17556,6550.318359375
17557,7865.0771484375
17558,5326.853515625
17559,5998.79736328125
17560,5118.671875
17561,4288.017578125
17562,7871.78955078125
17563,6567.36962890625
17564,3828.455810546875
17565,7713.78076171875
17566,3999.948974609375
17567,5478.58984375
17568,8543.3916015625
17569,6869.7197265625
17570,9944.13671875
17571,4464.1904296875
17572,5746.76708984375
17573,4432.4814453125
17574,4935.20361328125
17575,13236.71875
17576,11552.857421875
17577,6776.2607421875
17578,5508.54736328125
17579,5214.05615234375
17580,7163.625
17581,4637.935546875
17582,8830.166015625
17583,5354.33056640625
17584,5354.669921875
17585,7975.95751953125
17586,4108.0048828125
17587,6773.0654296875
17588,6428.37451171875
17589,5951.4873046875
17590,5981.06787109375
17591,3776.36572265625
17592,5888.9404296875
17593,5960.92626953125
17594,7843.5087890625
17595,8795.8544921875
17596,7262.61962890625
17597,3980.880859375
17598,7288.86572265625
17599,5324.54638671875
17600,4161.6787109375
17601,7860.1083984375
17602,7615.92822265625
17603,7223.2373046875
17604,6687.90771484375
17605,7580.35205078125
17606,6124.79296875
17607,5687.32421875
17608,6613.20068359375
17609,7138.93310546875
17610,4363.962890625
17611,7995.36572265625
17612,4435.65576171875
17613,4818.21435546875
17614,11277.7294921875
17615,6187.8310546875
17616,3731.201416015625
17617,8148.212890625
17618,8703.5498046875
17619,9711.091796875
17620,4830.27978515625
17621,6074.40625
17622,5583.08154296875
17623,7213.08544921875
17624,6356.43017578125
17625,8016.169921875
17626,2765.1962890625
17627,5355.9794921875
17628,5465.5
17629,4232.12548828125
17630,5082.3837890625
17631,6477.63037109375
17632,6141.87841796875
17633,6391.17626953125
17634,6517.69921875
17635,6624.1796875
17636,7883.01953125
17637,5360.35205078125
17638,6272.81201171875
17639,6833.21875
17640,8241.677734375
17641,9239.00390625
17642,4483.00146484375
17643,8756.6494140625
17644,5681.43310546875
17645,7337.4404296875
17646,4991.95556640625
17647,4521.73388671875
17648,7427.53662109375
17649,5874.6337890625
17650,9186.0400390625
17651,5734.1689453125
17652,5000.35400390625
17653,8123.3662109375
17654,5211.228515625
17655,4559.83740234375
17656,6891.67724609375
17657,5524.76904296875
17658,9746.283203125
17659,10981.6328125
17660,6721.0498046875
17661,5541.748046875
17662,5225.43798828125
17663,3997.77734375
17664,3362.68115234375
17665,8641.4208984375
17666,6005.32275390625
17667,11088.0537109375
17668,4244.9208984375
17669,5450.46435546875
17670,6087.7978515625
17671,9420.634765625
17672,5740.3408203125
17673,5842.69384765625
17674,5312.3125
17675,7143.78271484375
17676,4538.19580078125
17677,7957.2158203125
17678,8859.1611328125
17679,8099.29931640625
17680,7832.89013671875
17681,8078.70458984375
17682,6027.02490234375
17683,5455.24072265625
17684,5496.5537109375
17685,9312.5361328125
17686,8185.00537109375
17687,10202.8017578125
17688,15629.603515625
17689,6166.1591796875
17690,4034.526123046875
17691,6129.06201171875
17692,8620.26171875
17693,9909.6845703125
17694,6277.25341796875
17695,7444.53564453125
17696,8633.6435546875
17697,5783.5400390625
17698,6590.94580078125
17699,5826.62939453125
17700,4588.490234375
17701,4304.64306640625
17702,3907.130615234375
17703,5277.2890625
17704,8139.18798828125
17705,17091.4453125
17706,7017.267578125
17707,5877.02392578125
17708,6921.34716796875
17709,4799.3681640625
17710,6855.091796875
17711,4981.3837890625
17712,9382.0849609375
17713,7035.3603515625
17714,7021.9140625
17715,12742.0498046875
17716,13731.23046875
17717,8234.521484375
17718,6756.646484375
17719,4320.39013671875
17720,5367.08349609375
17721,6797.6279296875
17722,8470.4013671875
17723,5379.85546875
17724,5837.54833984375
17725,4826.9599609375
17726,5765.63623046875
17727,7702.98486328125
17728,7388.5556640625
17729,4468.96142578125
17730,8402.9765625
17731,8330.310546875
17732,7029.26904296875
17733,4277.0234375
17734,4112.52734375
17735,7909.72119140625
17736,4246.35302734375
17737,10670.8564453125
17738,4603.8388671875
17739,4293.78173828125
17740,7266.28076171875
17741,5975.81689453125
17742,5270.8369140625
17743,5211.92919921875
17744,5941.07861328125
17745,8217.7421875
17746,8046.7001953125
17747,5841.62548828125
17748,5986.3486328125
17749,5833.25439453125
17750,5585.6025390625
17751,5569.947265625
17752,4846.7353515625
17753,6483.29833984375
17754,10885.2275390625
17755,8346.8095703125
17756,6931.61279296875
17757,6846.81591796875
17758,5597.4189453125
17759,9312.5078125
17760,4752.8759765625
17761,11550.55859375
17762,5851.77587890625
17763,5556.82421875
17764,6173.56591796875
17765,5117.77783203125
17766,6479.33837890625
17767,18257.16015625
17768,4892.2900390625
17769,5463.9970703125
17770,8746.765625
17771,7555.2158203125
17772,9767.0302734375
17773,8080.65087890625
17774,6379.015625
17775,5708.39892578125
17776,3980.958984375
17777,9437.787109375
17778,5879.69384765625
17779,7155.59814453125
17780,7729.7900390625
17781,5305.6083984375
17782,6579.935546875
17783,6563.8271484375
17784,4155.87646484375
17785,9628.87109375
17786,10069.5107421875
17787,4678.513671875
17788,8107.947265625
17789,6876.6552734375
17790,5517.6494140625
17791,8638.7041015625
17792,7003.380859375
17793,8183.63671875
17794,4818.158203125
17795,5191.73974609375
17796,7153.2177734375
17797,4030.375
17798,7837.03466796875
17799,4917.01318359375
17800,5562.12646484375
17801,5090.49169921875
17802,6045.5087890625
17803,5538.56787109375
17804,7330.2099609375
17805,6772.32177734375
17806,8635.830078125
17807,5843.43994140625
17808,8745.8544921875
17809,5897.3232421875
17810,7441.8603515625
17811,9108.08984375
17812,8534.3134765625
17813,4005.7666015625
17814,6879.16162109375
17815,7177.109375
17816,4929.25341796875
17817,11238.3447265625
17818,5302.7841796875
17819,7773.6513671875
17820,10211.0546875
17821,8119.443359375
17822,3551.569580078125
17823,11382.673828125
17824,10020.7001953125
17825,5882.935546875
17826,7385.74951171875
17827,10400.6435546875
17828,7118.587890625
17829,6776.7841796875
17830,6532.7607421875
17831,5422.5478515625
17832,4350.82861328125
17833,7319.08544921875
17834,4933.8447265625
17835,6449.138671875
17836,6568.17578125
17837,6127.83837890625
17838,7786.77490234375
17839,6864.0673828125
17840,6462.9638671875
17841,5754.27099609375
17842,7802.46240234375
17843,7369.34033203125
17844,7081.35693359375
17845,6849.41650390625
17846,6782.76318359375
17847,8951.6533203125
17848,5968.318359375
17849,4639.3505859375
17850,5915.72021484375
17851,7508.9091796875
17852,6586.6396484375
17853,4549.7373046875
17854,4134.66015625
17855,6319.24365234375
17856,7915.28955078125
17857,5595.7470703125
17858,7293.01611328125
17859,6687.291015625
17860,5577.30419921875
17861,5332.56494140625
17862,3812.023681640625
17863,5904.02978515625
17864,7335.03369140625
17865,6394.390625
17866,8196.9912109375
17867,8318.6552734375
17868,5209.21435546875
17869,8854.6689453125
17870,4335.212890625
17871,2483.54296875
17872,7944.9677734375
17873,9872.048828125
17874,8204.0107421875
17875,6922.9609375
17876,2967.8720703125
17877,5583.43115234375
17878,7063.82763671875
17879,5772.81494140625
17880,6156.5546875
17881,5104.6884765625
17882,3816.25537109375
17883,4703.47412109375
17884,6237.2421875
17885,5386.09521484375
17886,4855.67626953125
17887,4631.0693359375
17888,3695.663330078125
17889,6997.37158203125
17890,8376.1796875
17891,5396.13525390625
17892,6314.95654296875
17893,7127.8427734375
17894,6354.205078125
17895,6392.2236328125
17896,9611.619140625
17897,7956.69580078125
17898,5569.34033203125
17899,4659.02783203125
17900,11941.7490234375
17901,6307.63037109375
17902,5649.87060546875
17903,9052.9619140625
17904,7234.4130859375
17905,7410.9482421875
17906,6251.31201171875
17907,6123.412109375
17908,8906.28125
17909,13096.21484375
17910,5533.330078125
17911,4460.45947265625
17912,5242.6640625
17913,7002.58837890625
17914,5307.32080078125
17915,8780.375
17916,8221.4638671875
17917,4592.88134765625
17918,5348.423828125
17919,5505.25537109375
17920,10685.01171875
17921,5389.94287109375
17922,6857.06787109375
17923,5343.72216796875
17924,7087.77392578125
17925,7201.693359375
17926,8027.97998046875
17927,7545.29443359375
17928,6833.9990234375
17929,4629.0869140625
17930,6127.63818359375
17931,9282.646484375
17932,8568.6552734375
17933,8496.0517578125
17934,8080.23095703125
17935,5859.4326171875
17936,4651.84130859375
17937,10552.673828125
17938,4394.9111328125
17939,10210.10546875
17940,6375.71875
17941,4663.72119140625
17942,6901.28515625
17943,4982.1484375
17944,6283.11181640625
17945,9650.59765625
17946,6198.16650390625
17947,4579.7509765625
17948,5852.30908203125
17949,7353.212890625
17950,10026.8955078125
17951,5532.50048828125
17952,6639.93310546875
17953,4847.3017578125
17954,7181.6337890625
17955,5040.97314453125
17956,9528.134765625
17957,9295.22265625
17958,10764.4501953125
17959,4371.42529296875
17960,6825.3984375
17961,10432.029296875
17962,10450.4921875
17963,4669.67431640625
17964,8166.650390625
17965,4897.4150390625
17966,5172.92138671875
17967,5269.02880859375
17968,6148.02490234375
17969,5355.94189453125
17970,5311.10009765625
17971,4498.42236328125
17972,4577.4501953125
17973,8571.9384765625
17974,6491.134765625
17975,22407.556640625
17976,6743.28515625
17977,3285.84423828125
17978,6117.35205078125
17979,9033.1865234375
17980,5831.43408203125
17981,6194.26513671875
17982,4956.02685546875
17983,6376.294921875
17984,5194.20068359375
17985,3186.337158203125
17986,4880.697265625
17987,5346.09423828125
17988,6248.74755859375
17989,6810.39990234375
17990,7849.8798828125
17991,3412.79931640625
17992,3577.480224609375
17993,4852.39892578125
17994,7492.20263671875
17995,8603.453125
17996,6120.9326171875
17997,7088.3173828125
17998,4806.41064453125
17999,5496.93017578125
18000,3427.77490234375
18001,7899.72607421875
18002,8083.82763671875
18003,7543.31103515625
18004,4229.65625
18005,4163.841796875
18006,4482.701171875
18007,5158.75830078125
18008,8383.4990234375
18009,5176.57373046875
18010,3317.721435546875
18011,3165.5791015625
18012,6461.6123046875
18013,3562.584228515625
18014,6012.919921875
18015,3813.376708984375
18016,6131.80517578125
18017,4898.15673828125
18018,5190.51806640625
18019,6612.78759765625
18020,5122.69873046875
18021,5989.10888671875
18022,6150.09326171875
18023,5978.89208984375
18024,9067.712890625
18025,4810.5625
18026,6369.435546875
18027,7060.71337890625
18028,6841.7939453125
18029,5149.30224609375
18030,7885.92041015625
18031,3274.1865234375
18032,4155.40966796875
18033,5107.98095703125
18034,6217.35302734375
18035,7659.18212890625
18036,5629.0771484375
18037,4271.02880859375
18038,6049.46240234375
18039,5165.41845703125
18040,7862.66796875
18041,3550.93505859375
18042,11535.958984375
18043,3087.840576171875
18044,5445.18896484375
18045,7464.6611328125
18046,3244.33056640625
18047,4607.359375
18048,5184.51708984375
18049,6252.798828125
18050,6046.06103515625
18051,4319.5908203125
18052,6399.94287109375
18053,6459.2001953125
18054,4253.16748046875
18055,4520.728515625
18056,6076.10546875
18057,9496.2275390625
18058,5087.541015625
18059,4479.6318359375
18060,4897.35400390625
18061,5757.822265625
18062,4922.50927734375
18063,6528.4892578125
18064,3517.165771484375
18065,5822.8017578125
18066,5258.7421875
18067,4682.17578125
18068,9009.357421875
18069,3499.89892578125
18070,5585.40771484375
18071,3351.318115234375
18072,7026.2783203125
18073,6857.6123046875
18074,3145.168701171875
18075,3640.53466796875
18076,5528.90185546875
18077,4400.49072265625
18078,4848.2841796875
18079,5758.65234375
18080,5467.26953125
18081,6302.8623046875
18082,3934.0888671875
18083,4070.532470703125
18084,4439.1015625
18085,7313.646484375
18086,6254.40087890625
18087,6735.94970703125
18088,6581.44873046875
18089,4392.36962890625
18090,7388.66259765625
18091,4526.498046875
18092,5429.25439453125
18093,7259.84814453125
18094,5046.75244140625
18095,8400.9794921875
18096,6446.22216796875
18097,5757.55322265625
18098,4063.30517578125
18099,6624.1103515625
18100,5813.68359375
18101,4310.85888671875
18102,3095.311279296875
18103,6716.9921875
18104,6070.65966796875
18105,4461.81640625
18106,3648.476318359375
18107,6478.869140625
18108,4936.24072265625
18109,5755.3359375
18110,4412.234375
18111,4398.68310546875
18112,6538.048828125
18113,6056.416015625
18114,4652.8837890625
18115,4403.61865234375
18116,4825.83740234375
18117,5492.14453125
18118,2864.196044921875
18119,5512.3251953125
18120,5020.78369140625
18121,7160.58837890625
18122,6032.0576171875
18123,5131.48779296875
18124,10707.3642578125
18125,4327.5791015625
18126,4493.771484375
18127,9291.6318359375
18128,4932.6474609375
18129,7054.64306640625
18130,5974.44189453125
18131,4461.212890625
18132,5107.0322265625
18133,4694.28271484375
18134,7618.1103515625
18135,8438.625
18136,6266.04833984375
18137,2232.7734375
18138,3760.94140625
18139,6388.94384765625
18140,5629.240234375
18141,4311.02685546875
18142,4973.453125
18143,3963.78759765625
18144,3847.133056640625
18145,3400.53857421875
18146,4671.5966796875
18147,5670.92724609375
18148,5763.88818359375
18149,5316.8857421875
18150,4202.421875
18151,6736.51318359375
18152,6796.70556640625
18153,6174.17333984375
18154,3470.2138671875
18155,8520.0859375
18156,6644.3056640625
18157,4381.259765625
18158,6138.2900390625
18159,4333.84521484375
18160,5929.4384765625
18161,3385.5419921875
18162,5564.9443359375
18163,2346.19775390625
18164,7969.18115234375
18165,5787.8662109375
18166,6290.64306640625
18167,7075.61474609375
18168,4950.609375
18169,6291.91796875
18170,16622.376953125
18171,7310.10546875
18172,4231.4326171875
18173,1654.9697265625
18174,6120.1171875
18175,7063.58837890625
18176,5799.21142578125
18177,10686.4560546875
18178,18085.41015625
18179,3678.60302734375
18180,4255.2490234375
18181,9224.2724609375
18182,3373.163330078125
18183,6543.2587890625
18184,4808.98193359375
18185,7058.0185546875
18186,5129.25390625
18187,3974.50732421875
18188,4164.951171875
18189,6338.84228515625
18190,6704.666015625
18191,5214.53662109375
18192,4932.1845703125
18193,5743.89599609375
18194,3695.751953125
18195,4222.8779296875
18196,5791.90625
18197,4303.146484375
18198,4427.81201171875
18199,5699.37548828125
18200,4763.8095703125
18201,4820.5234375
18202,5810.240234375
18203,5309.34765625
18204,6475.1904296875
18205,8789.1943359375
18206,6750.26953125
18207,5133.58740234375
18208,2316.568359375
18209,5116.779296875
18210,5223.35693359375
18211,4285.646484375
18212,3947.011962890625
18213,4869.14208984375
18214,5061.2177734375
18215,8032.80517578125
18216,5859.8818359375
18217,4062.18798828125
18218,4538.99658203125
18219,4152.501953125
18220,7629.1142578125
18221,4431.19189453125
18222,7179.57080078125
18223,12259.8798828125
18224,6111.69384765625
18225,8038.15478515625
18226,4168.01416015625
18227,4038.463623046875
18228,5864.2470703125
18229,4112.984375
18230,4442.005859375
18231,10487.6005859375
18232,5041.43115234375
18233,12364.017578125
18234,11360.1796875
18235,5385.875
18236,5281.21240234375
18237,5499.1533203125
18238,5470.439453125
18239,4405.97802734375
18240,8709.6142578125
18241,5466.7705078125
18242,8735.517578125
18243,5022.046875
18244,7318.12646484375
18245,5430.24365234375
18246,7793.25439453125
18247,4716.35986328125
18248,4958.76318359375
18249,5007.470703125
18250,5175.49072265625
18251,6442.4384765625
18252,8685.6904296875
18253,5772.10107421875
18254,7928.49072265625
18255,5213.2060546875
18256,8207.392578125
18257,4916.49462890625
18258,3714.876708984375
18259,3849.80322265625
18260,5418.072265625
18261,5021.4716796875
18262,6759.47119140625
18263,5755.7021484375
18264,6783.44677734375
18265,4746.12841796875
18266,6882.21826171875
18267,6741.83984375
18268,3037.79833984375
18269,10459.9609375
18270,14849.6943359375
18271,4765.68212890625
18272,6001.4365234375
18273,7859.4111328125
18274,8644.8857421875
18275,9608.076171875
18276,5555.091796875
18277,6608.67529296875
18278,5323.6201171875
18279,6142.5869140625
18280,3850.035400390625
18281,5622.10791015625
18282,3827.93798828125
18283,4548.79052734375
18284,5903.75439453125
18285,5076.66650390625
18286,2945.172607421875
18287,6329.232421875
18288,3597.138916015625
18289,3109.47802734375
18290,5169.61767578125
18291,5033.51904296875
18292,7083.16162109375
18293,7107.3486328125
18294,7321.56298828125
18295,5529.080078125
18296,4980.66845703125
18297,9607.7578125
18298,5975.3955078125
18299,4574.2099609375
18300,4650.318359375
18301,9353.1630859375
18302,3904.92236328125
18303,5077.97216796875
18304,3590.533935546875
18305,4271.59326171875
18306,5825.63818359375
18307,5208.39892578125
18308,4277.4287109375
18309,7340.40673828125
18310,8822.6728515625
18311,10405.125
18312,4775.224609375
18313,7720.10107421875
18314,2928.037353515625
18315,4065.71923828125
18316,5276.41455078125
18317,3124.725830078125
18318,6980.2451171875
18319,3949.021728515625
18320,4803.2734375
18321,7671.5009765625
18322,8847.8486328125
18323,7971.095703125
18324,4709.07080078125
18325,4138.78125
18326,11513.3017578125
18327,8029.8173828125
18328,5701.8154296875
18329,4184.220703125
18330,4934.16552734375
18331,8389.345703125
18332,4042.249267578125
18333,5411.2998046875
18334,6132.845703125
18335,6708.5947265625
18336,11192.9462890625
18337,6045.791015625
18338,12937.43359375
18339,5613.625
18340,4759.5986328125
18341,3280.666748046875
18342,5283.33447265625
18343,4827.76416015625
18344,3971.662109375
18345,6287.7392578125
18346,3706.744140625
18347,4279.58984375
18348,5514.7685546875
18349,4371.595703125
18350,6330.2451171875
18351,5049.6572265625
18352,6563.5439453125
18353,6730.27880859375
18354,3708.906005859375
18355,7802.8623046875
18356,5096.67041015625
18357,4776.11474609375
18358,5357.45166015625
18359,4456.98486328125
18360,8488.0439453125
18361,5111.1796875
18362,4521.5703125
18363,5215.9423828125
18364,7613.40185546875
18365,5836.25390625
18366,5473.185546875
18367,7350.0634765625
18368,5355.79541015625
18369,5043.10498046875
18370,4918.95361328125
18371,6947.88720703125
18372,5904.4853515625
18373,5203.33154296875
18374,3561.401123046875
18375,4051.5869140625
18376,3965.85595703125
18377,3248.182861328125
18378,6159.22412109375
18379,8476.06640625
18380,8823.0498046875
18381,9805.45703125
18382,7139.5673828125
18383,7238.154296875
18384,5476.06591796875
18385,10221.251953125
18386,9306.2236328125
18387,5018.39501953125
18388,7310.4619140625
18389,6464.73876953125
18390,4942.3095703125
18391,3721.348388671875
18392,8282.626953125
18393,5688.5087890625
18394,5448.62451171875
18395,5217.31494140625
18396,1897.9151611328125
18397,9564.98046875
18398,5530.990234375
18399,4514.19677734375
18400,5145.85302734375
18401,3539.145263671875
18402,5954.587890625
18403,5741.36572265625
18404,5258.29296875
18405,5573.1650390625
18406,3763.196533203125
18407,3566.0693359375
18408,4092.96630859375
18409,5735.18603515625
18410,14843.75390625
18411,4369.7919921875
18412,5031.52734375
18413,6132.02734375
18414,4510.5107421875
18415,4379.73291015625
18416,3624.27294921875
18417,3684.036376953125
18418,5452.1806640625
18419,5437.9990234375
18420,2610.443359375
18421,6494.79833984375
18422,3096.278564453125
18423,4100.52001953125
18424,7600.1181640625
18425,5528.6015625
18426,8109.40869140625
18427,3738.897705078125
18428,5470.74462890625
18429,3568.226318359375
18430,3957.021484375
18431,10934.90234375
18432,9639.990234375
18433,5239.14697265625
18434,4581.8359375
18435,3761.81298828125
18436,5058.185546875
18437,4916.97802734375
18438,9810.826171875
18439,3727.275634765625
18440,3744.97900390625
18441,6180.37841796875
18442,3030.098388671875
18443,5760.515625
18444,5524.93115234375
18445,5124.83984375
18446,5144.3466796875
18447,3466.884765625
18448,4659.5693359375
18449,5055.89453125
18450,7097.37060546875
18451,6952.2373046875
18452,5789.21533203125
18453,3012.893798828125
18454,6062.28173828125
18455,4773.26025390625
18456,3488.963134765625
18457,5830.01513671875
18458,6897.779296875
18459,6020.166015625
18460,5488.7431640625
18461,4925.00634765625
18462,4327.34814453125
18463,4132.39306640625
18464,6037.361328125
18465,5504.62548828125
18466,3499.948486328125
18467,7434.998046875
18468,4209.25927734375
18469,4147.47021484375
18470,9403.05078125
18471,4896.5458984375
18472,3304.846435546875
18473,6233.099609375
18474,6897.763671875
18475,8537.359375
18476,4393.6123046875
18477,4598.1982421875
18478,4701.49365234375
18479,6458.56689453125
18480,5410.41357421875
18481,6411.71484375
18482,2598.647705078125
18483,3810.651611328125
18484,4838.13525390625
18485,3770.90234375
18486,4240.84326171875
18487,5020.021484375
18488,5082.2568359375
18489,5741.173828125
18490,6180.26025390625
18491,5506.57958984375
18492,6794.462890625
18493,3906.08544921875
18494,5691.50244140625
18495,5673.89892578125
18496,7018.29833984375
18497,5768.73095703125
18498,4535.298828125
18499,7685.25146484375
18500,4660.26708984375
18501,5450.2822265625
18502,3988.6015625
18503,3760.3681640625
18504,6328.56494140625
18505,5153.21826171875
18506,7950.94775390625
18507,5139.09619140625
18508,5120.46240234375
18509,6964.96826171875
18510,5026.45166015625
18511,3864.21240234375
18512,5523.337890625
18513,4587.52783203125
18514,8913.12890625
18515,7921.712890625
18516,5659.58056640625
18517,4005.26953125
18518,4177.35302734375
18519,3407.5
18520,3056.222900390625
18521,6286.125
18522,4055.128662109375
18523,7840.22119140625
18524,3147.291015625
18525,4271.3857421875
18526,5430.19580078125
18527,7872.89892578125
18528,4406.92626953125
18529,4276.23779296875
18530,3846.65283203125
18531,6003.67431640625
18532,3861.263916015625
18533,6467.15673828125
18534,7106.0517578125
18535,7267.02099609375
18536,6553.41943359375
18537,6788.47607421875
18538,5001.41015625
18539,4357.9990234375
18540,4050.142578125
18541,6727.15478515625
18542,6783.7880859375
18543,9727.0478515625
18544,13524.34765625
18545,4587.9482421875
18546,3351.2001953125
18547,4302.05419921875
18548,7492.83837890625
18549,7977.3603515625
18550,5236.0693359375
18551,6714.28955078125
18552,6922.7431640625
18553,5175.974609375
18554,4933.6005859375
18555,4854.0224609375
18556,3541.464599609375
18557,3777.682373046875
18558,3526.39599609375
18559,4418.94189453125
18560,6689.228515625
18561,14215.388671875
18562,5951.556640625
18563,5033.58837890625
18564,5622.14892578125
18565,3826.947265625
18566,5263.07421875
18567,4403.7119140625
18568,8957.73828125
18569,5469.9267578125
18570,5807.5458984375
18571,10215.4443359375
18572,10696.9365234375
18573,7119.61865234375
18574,6220.01513671875
18575,4094.7841796875
18576,4925.34912109375
18577,6040.0244140625
18578,7082.1533203125
18579,3835.722412109375
18580,4455.81884765625
18581,3979.884765625
18582,4311.5556640625
18583,6209.10400390625
18584,5896.34228515625
18585,4003.447998046875
18586,6730.31298828125
18587,7101.5947265625
18588,5733.4677734375
18589,3309.995849609375
18590,2987.41552734375
18591,7396.69873046875
18592,2738.286376953125
18593,8916.314453125
18594,3545.65625
18595,4538.78759765625
18596,5825.830078125
18597,5015.017578125
18598,4308.6279296875
18599,4696.05517578125
18600,4598.0625
18601,6993.64208984375
18602,6607.20458984375
18603,4769.03857421875
18604,5055.609375
18605,5270.87158203125
18606,4590.92333984375
18607,4249.79541015625
18608,4273.91552734375
18609,5544.02392578125
18610,9479.177734375
18611,6314.22314453125
18612,5288.0625
18613,6254.4501953125
18614,4549.04541015625
18615,8056.79345703125
18616,4315.994140625
18617,10286.5234375
18618,4754.84033203125
18619,4496.30224609375
18620,4928.35205078125
18621,3710.164794921875
18622,5747.81201171875
18623,15600.451171875
18624,3366.964599609375
18625,4300.26123046875
18626,7664.25048828125
18627,5432.08203125
18628,8437.0732421875
18629,6779.69970703125
18630,4946.78515625
18631,5229.73828125
18632,3299.27490234375
18633,8488.62109375
18634,4872.095703125
18635,6843.21875
18636,6772.66455078125
18637,4508.60400390625
18638,5941.0966796875
18639,5116.4873046875
18640,3262.312255859375
18641,7292.02880859375
18642,7941.58837890625
18643,3628.053466796875
18644,7281.62939453125
18645,5494.0615234375
18646,4394.8671875
18647,7408.37353515625
18648,5816.11572265625
18649,6504.16650390625
18650,4193.046875
18651,3740.076416015625
18652,6841.28857421875
18653,3797.92578125
18654,7004.47412109375
18655,3461.334228515625
18656,5123.39013671875
18657,4602.68603515625
18658,5126.6494140625
18659,5235.68359375
18660,6382.51123046875
18661,5291.0087890625
18662,6196.56298828125
18663,4634.58740234375
18664,6476.5439453125
18665,5272.4990234375
18666,6235.33984375
18667,8359.876953125
18668,7256.10302734375
18669,2886.232177734375
18670,5482.4248046875
18671,6710.2783203125
18672,3487.543701171875
18673,9943.2470703125
18674,4556.25244140625
18675,6948.7236328125
18676,9182.16015625
18677,7450.04638671875
18678,2920.927490234375
18679,11050.92578125
18680,8646.9794921875
18681,5273.99267578125
18682,6756.25634765625
18683,9076.78515625
18684,5445.630859375
18685,5252.87548828125
18686,5373.6376953125
18687,4405.3486328125
18688,2766.87548828125
18689,5865.12060546875
18690,4093.799072265625
18691,5302.0087890625
18692,5416.81689453125
18693,5333.82421875
18694,6073.095703125
18695,6092.08056640625
18696,5465.29931640625
18697,5511.53515625
18698,6174.79833984375
18699,5470.9892578125
18700,5694.94482421875
18701,6413.5322265625
18702,5664.7353515625
18703,7411.4951171875
18704,4447.693359375
18705,3986.218017578125
18706,5099.302734375
18707,6663.15869140625
18708,5660.13037109375
18709,3796.3759765625
18710,3249.312255859375
18711,5208.6962890625
18712,6327.501953125
18713,5234.18896484375
18714,5937.01025390625
18715,5417.0869140625
18716,4349.28271484375
18717,4432.1005859375
18718,2740.12646484375
18719,4778.2001953125
18720,5903.1552734375
18721,4831.1650390625
18722,7728.9072265625
18723,6812.318359375
18724,4493.6064453125
18725,7360.77392578125
18726,3599.971435546875
18727,2379.19677734375
18728,6050.65771484375
18729,8470.9580078125
18730,6996.85546875
18731,5705.375
18732,2712.13623046875
18733,4819.484375
18734,5659.19287109375
18735,4997.56494140625
18736,5499.72705078125
18737,3736.63720703125
18738,3942.171875
18739,4018.685546875
18740,4817.1025390625
18741,4559.8564453125
18742,3786.58740234375
18743,3939.462646484375
18744,3479.476318359375
18745,5385.9599609375
18746,6382.8056640625
18747,3636.80810546875
18748,5664.30029296875
18749,5436.1708984375
18750,5661.14111328125
18751,5037.6630859375
18752,7544.17626953125
18753,6191.5546875
18754,4425.36083984375
18755,3900.0517578125
18756,9374.177734375
18757,4424.578125
18758,4272.580078125
18759,7302.72900390625
18760,6097.40087890625
18761,6608.09130859375
18762,5415.216796875
18763,5627.25244140625
18764,5978.61962890625
18765,10434.623046875
18766,3829.255615234375
18767,3720.99755859375
18768,4320.673828125
18769,6577.609375
18770,4541.83984375
18771,5729.4423828125
18772,6624.0986328125
18773,3916.71435546875
18774,3715.727783203125
18775,4255.16796875
18776,10790.615234375
18777,3941.7919921875
18778,5600.4580078125
18779,4472.33154296875
18780,5375.185546875
18781,7335.25146484375
18782,6187.669921875
18783,5975.33642578125
18784,5787.00048828125
18785,2979.713134765625
18786,5213.77294921875
18787,6105.60205078125
18788,6928.51611328125
18789,6507.03857421875
18790,6147.673828125
18791,4219.154296875
18792,4514.34619140625
18793,8507.3974609375
18794,3264.48974609375
18795,8449.876953125
18796,4923.208984375
18797,3452.110595703125
18798,5322.27783203125
18799,4110.87890625
18800,5808.6162109375
18801,8660.8701171875
18802,3919.28173828125
18803,3922.540283203125
18804,5427.93212890625
18805,6356.2412109375
18806,8733.9189453125
18807,4109.77978515625
18808,5189.21044921875
18809,4837.07373046875
18810,5770.8203125
18811,4105.5869140625
18812,7360.06396484375
18813,7901.3154296875
18814,9632.1865234375
18815,3568.19677734375
18816,5289.45849609375
18817,9008.953125
18818,8847.2509765625
18819,3778.182861328125
18820,7268.7919921875
18821,4557.94677734375
18822,4848.94140625
18823,4350.8984375
18824,4809.68212890625
18825,4704.5966796875
18826,4306.92578125
18827,3977.49560546875
18828,4370.09130859375
18829,7404.8193359375
18830,6875.00634765625
18831,21103.943359375
18832,5521.38525390625
18833,3427.38134765625
18834,4824.85546875
18835,8291.810546875
18836,5152.75927734375
18837,5652.69140625
18838,5573.9580078125
18839,6440.80517578125
18840,5208.52783203125
18841,3070.623291015625
18842,4346.64697265625
18843,4833.015625
18844,5682.02099609375
18845,5633.16015625
18846,8116.25537109375
18847,3414.74658203125
18848,3361.5595703125
18849,4935.21337890625
18850,7411.13671875
18851,8325.05078125
18852,5407.76611328125
18853,6249.46826171875
18854,4264.53515625
18855,5184.17041015625
18856,2510.9345703125
18857,7691.291015625
18858,8263.712890625
18859,7709.05419921875
18860,3985.104248046875
18861,4122.11474609375
18862,3567.2412109375
18863,4844.376953125
18864,9086.3837890625
18865,4762.6962890625
18866,3157.9130859375
18867,3283.6689453125
18868,6089.330078125
18869,2875.73388671875
18870,6109.09814453125
18871,3508.498779296875
18872,5267.56298828125
18873,4108.521484375
18874,5023.828125
18875,6202.59228515625
18876,4845.0986328125
18877,6450.20703125
18878,5801.39208984375
18879,5178.7333984375
18880,7797.68310546875
18881,4358.17333984375
18882,6119.63720703125
18883,7269.982421875
18884,6830.38671875
18885,4922.40478515625
18886,6751.6162109375
18887,2864.666015625
18888,4275.26123046875
18889,4907.2705078125
18890,5248.6015625
18891,6953.14208984375
18892,5260.99755859375
18893,3863.68115234375
18894,5258.84375
18895,5954.10400390625
18896,6149.5302734375
18897,3219.73681640625
18898,11962.2451171875
18899,3068.298095703125
18900,5373.5185546875
18901,7082.6767578125
18902,2961.065673828125
18903,4093.865234375
18904,4376.6669921875
18905,5860.98583984375
18906,4942.31005859375
18907,4294.50634765625
18908,6283.00341796875
18909,5636.75
18910,3946.54296875
18911,4423.595703125
18912,6960.328125
18913,8945.408203125
18914,5142.81005859375
18915,4437.8251953125
18916,4396.5537109375
18917,6925.18505859375
18918,4806.638671875
18919,6397.88818359375
18920,3027.4462890625
18921,5458.51220703125
18922,5263.34521484375
18923,4827.85302734375
18924,8536.5556640625
18925,3624.609375
18926,4819.35498046875
18927,3935.658935546875
18928,7037.74658203125
18929,6349.82177734375
18930,3376.08203125
18931,3345.81298828125
18932,5217.64013671875
18933,4616.36474609375
18934,4572.34423828125
18935,5418.69140625
18936,5416.212890625
18937,6291.76220703125
18938,3805.394775390625
18939,3821.705078125
18940,3891.5634765625
18941,6220.77734375
18942,5373.4736328125
18943,5913.79443359375
18944,6286.18701171875
18945,4130.126953125
18946,6930.705078125
18947,4460.98583984375
18948,4789.0126953125
18949,6753.18017578125
18950,4705.080078125
18951,7870.82568359375
18952,6143.64794921875
18953,5282.787109375
18954,4049.4560546875
18955,6245.13623046875
18956,5272.67333984375
18957,3791.3310546875
18958,2782.520751953125
18959,5817.8544921875
18960,6226.9384765625
18961,3615.7890625
18962,3028.01171875
18963,5846.86474609375
18964,5108.6953125
18965,5124.99755859375
18966,3690.429443359375
18967,3829.892822265625
18968,5810.87841796875
18969,5715.39990234375
18970,4446.7294921875
18971,3771.3994140625
18972,4846.16259765625
18973,5295.68212890625
18974,2951.690185546875
18975,4793.34130859375
18976,4119.4384765625
18977,6546.912109375
18978,6247.29931640625
18979,5028.2890625
18980,9664.4248046875
18981,4727.49365234375
18982,3611.787109375
18983,8550.1220703125
18984,4645.33837890625
18985,6898.76220703125
18986,5820.0654296875
18987,4179.99365234375
18988,5103.4619140625
18989,4375.466796875
18990,6343.28076171875
18991,8148.20458984375
18992,5385.517578125
18993,2686.819091796875
18994,3980.10595703125
18995,5704.37890625
18996,5918.84375
18997,4067.374267578125
18998,4565.63330078125
18999,3537.228759765625
19000,3559.01708984375
19001,3303.631591796875
19002,4213.88671875
19003,5458.43896484375
19004,5806.04345703125
19005,5364.52490234375
19006,4934.19140625
19007,6772.40673828125
19008,6661.525390625
19009,6255.25634765625
19010,4087.29736328125
19011,7940.94677734375
19012,6553.51806640625
19013,3638.97216796875
19014,5892.71826171875
19015,3920.68798828125
19016,5504.15576171875
19017,2832.359375
19018,5488.13818359375
19019,2854.001953125
19020,7602.98828125
19021,5237.46240234375
19022,7019.359375
19023,6456.537109375
19024,4432.62548828125
19025,6086.416015625
19026,15912.279296875
19027,6843.1484375
19028,4350.58056640625
19029,2339.7958984375
19030,5948.12890625
19031,6502.705078125
19032,5533.17041015625
19033,10606.59765625
19034,18005.884765625
19035,3683.652587890625
19036,4207.353515625
19037,6800.73388671875
19038,3800.08349609375
19039,5648.21240234375
19040,4732.84375
19041,6361.77587890625
19042,4592.931640625
19043,4874.64794921875
19044,4086.083984375
19045,5783.97021484375
19046,6390.57470703125
19047,5592.15673828125
19048,4751.4033203125
19049,5257.998046875
19050,3751.639404296875
19051,3847.335693359375
19052,6393.01318359375
19053,3526.234619140625
19054,4097.41748046875
19055,5569.9189453125
19056,4398.3251953125
19057,4513.79736328125
19058,5198.92578125
19059,5326.74169921875
19060,6041.1181640625
19061,8737.677734375
19062,5596.88427734375
19063,4808.068359375
19064,2318.2373046875
19065,4772.77294921875
19066,4695.05419921875
19067,3756.459716796875
19068,3620.529541015625
19069,5065.751953125
19070,4362.9404296875
19071,7433.720703125
19072,5999.83154296875
19073,4487.97265625
19074,4140.72265625
19075,3972.4609375
19076,6513.9150390625
19077,3734.3935546875
19078,6537.5078125
19079,10781.1044921875
19080,5314.6279296875
19081,5992.0693359375
19082,3801.727294921875
19083,4037.69091796875
19084,4770.61376953125
19085,3567.42138671875
19086,4324.50146484375
19087,8214.736328125
19088,3875.6064453125
19089,11587.4296875
19090,9888.005859375
19091,4592.27490234375
19092,5394.56005859375
19093,4874.150390625
19094,5045.791015625
19095,4354.32861328125
19096,9322.56640625
19097,5057.9150390625
19098,7404.03857421875
19099,4351.5341796875
19100,6889.4267578125
19101,5262.6884765625
19102,7114.873046875
19103,4928.1064453125
19104,4678.14306640625
19105,5025.455078125
19106,4959.833984375
19107,6388.5673828125
19108,7749.4482421875
19109,5389.19189453125
19110,7777.52001953125
19111,4933.7861328125
19112,7658.50634765625
19113,4541.93115234375
19114,3670.49169921875
19115,3757.873779296875
19116,6097.81884765625
19117,4777.26904296875
19118,5990.2451171875
19119,5959.4052734375
19120,6702.64453125
19121,4255.90283203125
19122,6299.2587890625
19123,6199.85498046875
19124,2927.7216796875
19125,11276.2216796875
19126,13090.134765625
19127,4661.26904296875
19128,5990.6640625
19129,6770.14208984375
19130,7653.2783203125
19131,8574.42578125
19132,4583.22021484375
19133,6161.8408203125
19134,4831.845703125
19135,5815.82421875
19136,3651.667724609375
19137,4811.06787109375
19138,4412.26806640625
19139,4556.865234375
19140,5505.48779296875
19141,4314.19677734375
19142,3034.21875
19143,5755.97900390625
19144,3129.769287109375
19145,3271.421142578125
19146,4924.970703125
19147,5816.8291015625
19148,6708.8740234375
19149,7267.4208984375
19150,6981.50732421875
19151,5530.14404296875
19152,4716.24072265625
19153,7764.02783203125
19154,5896.2080078125
19155,3754.313232421875
19156,4634.20458984375
19157,9331.7119140625
19158,3515.68408203125
19159,4965.08837890625
19160,3288.890380859375
19161,4279.900390625
19162,5228.9345703125
19163,5087.40576171875
19164,3721.771240234375
19165,7653.29931640625
19166,7642.65380859375
19167,9448.6357421875
19168,4790.48779296875
19169,7452.9541015625
19170,2872.649658203125
19171,3698.256103515625
19172,4965.92431640625
19173,3171.52392578125
19174,6772.76708984375
19175,3750.4541015625
19176,4931.17529296875
19177,7539.30224609375
19178,8679.869140625
19179,6579.216796875
19180,3948.927001953125
19181,3737.005615234375
19182,11123.60546875
19183,8054.13427734375
19184,4816.322265625
19185,3838.482666015625
19186,5676.130859375
19187,7460.77294921875
19188,4139.42578125
19189,4973.9423828125
19190,5867.4638671875
19191,6624.37158203125
19192,10988.44921875
19193,5948.2900390625
19194,12659.037109375
19195,4755.0341796875
19196,3905.738037109375
19197,2326.250732421875
19198,5434.00634765625
19199,4961.6083984375
19200,4028.84228515625
19201,6067.0537109375
19202,3980.057861328125
19203,3330.5166015625
19204,5356.36083984375
19205,3010.843505859375
19206,6171.66357421875
19207,5127.427734375
19208,6113.8916015625
19209,6129.56396484375
19210,3441.098876953125
19211,7388.73828125
19212,5094.13818359375
19213,4974.2626953125
19214,4511.033203125
19215,4728.6533203125
19216,7766.4912109375
19217,4988.705078125
19218,3858.265869140625
19219,5643.7421875
19220,7621.25390625
19221,5324.02490234375
19222,5159.49365234375
19223,7003.31298828125
19224,6668.44482421875
19225,5238.17626953125
19226,5056.947265625
19227,6301.56396484375
19228,4319.82861328125
19229,4623.44677734375
19230,3549.40283203125
19231,4167.8603515625
19232,3885.39306640625
19233,3577.22509765625
19234,5943.66357421875
19235,7721.17333984375
19236,8843.630859375
19237,9089.5146484375
19238,7187.4814453125
19239,6898.56103515625
19240,3743.93505859375
19241,10122.6083984375
19242,9017.8837890625
19243,5904.009765625
19244,6889.51904296875
19245,6015.408203125
19246,4818.30029296875
19247,3686.760986328125
19248,8089.56298828125
19249,6013.54248046875
19250,5128.23583984375
19251,4685.390625
19252,1890.371826171875
19253,6772.8046875
19254,5524.072265625
19255,4564.50439453125
19256,3853.330322265625
19257,3956.591796875
19258,5325.041015625
19259,5424.85498046875
19260,4190.51123046875
19261,5302.1328125
19262,3745.17041015625
19263,3388.039306640625
19264,3433.293212890625
19265,5445.8916015625
19266,13974.4287109375
19267,3938.506103515625
19268,4762.755859375
19269,5991.95751953125
19270,3604.4716796875
19271,4596.22900390625
19272,3751.39306640625
19273,3169.44384765625
19274,5269.19677734375
19275,5656.36865234375
19276,2965.51220703125
19277,6599.892578125
19278,2893.93359375
19279,3853.246337890625
19280,8060.990234375
19281,5610.66650390625
19282,7595.3154296875
19283,3495.9951171875
19284,4662.63134765625
19285,3725.54150390625
19286,3523.89453125
19287,11416.6953125
19288,8413.4296875
19289,5190.84130859375
19290,4515.56103515625
19291,3602.99609375
19292,4797.673828125
19293,3952.03076171875
19294,8016.6416015625
19295,3852.4814453125
19296,3803.310546875
19297,5551.462890625
19298,3447.591796875
19299,5581.6533203125
19300,5226.56396484375
19301,5336.09423828125
19302,5386.4794921875
19303,3417.12060546875
19304,4485.50390625
19305,4490.13916015625
19306,7096.32666015625
19307,6530.4326171875
19308,5556.73681640625
19309,3310.27490234375
19310,5972.7744140625
19311,4840.28515625
19312,3434.72509765625
19313,5048.13671875
19314,6308.98388671875
19315,5630.68505859375
19316,5279.91162109375
19317,4231.52587890625
19318,3986.537353515625
19319,3985.393798828125
19320,5513.67626953125
19321,5358.0185546875
19322,3553.58349609375
19323,6870.3125
19324,3913.28173828125
19325,3761.837646484375
19326,8961.388671875
19327,4731.1748046875
19328,3206.378173828125
19329,5775.9765625
19330,6737.71728515625
19331,7784.2509765625
19332,4135.49462890625
19333,4229.5537109375
19334,4327.71240234375
19335,6222.93701171875
19336,4293.244140625
19337,6122.8466796875
19338,2078.908447265625
19339,3986.905029296875
19340,4494.1259765625
19341,3995.2392578125
19342,3727.45849609375
19343,5240.1826171875
19344,4885.130859375
19345,4910.1064453125
19346,5711.41943359375
19347,5093.1171875
19348,6469.12890625
19349,3313.432861328125
19350,4859.94189453125
19351,5605.63818359375
19352,6711.69970703125
19353,5547.8232421875
19354,2761.189453125
19355,7672.11962890625
19356,4594.63671875
19357,5036.71630859375
19358,4034.88330078125
19359,3925.552978515625
19360,6528.74267578125
19361,4411.9443359375
19362,7650.20166015625
19363,4598.849609375
19364,4560.21533203125
19365,6345.1484375
19366,4458.0986328125
19367,3697.68310546875
19368,5220.361328125
19369,4030.30859375
19370,7694.974609375
19371,7392.13916015625
19372,5446.25341796875
19373,4368.61328125
19374,4305.412109375
19375,3013.1123046875
19376,2842.951904296875
19377,5541.63671875
19378,3995.39013671875
19379,6493.603515625
19380,3088.4365234375
19381,4281.18896484375
19382,4705.375
19383,7145.57275390625
19384,4046.08203125
19385,4241.70751953125
19386,3644.989013671875
19387,5574.35009765625
19388,3464.659423828125
19389,6214.80419921875
19390,7028.5205078125
19391,6869.4267578125
19392,6185.9052734375
19393,6030.65673828125
19394,4677.6982421875
19395,4245.17138671875
19396,3620.57080078125
19397,7524.9326171875
19398,6897.0791015625
19399,9076.7109375
19400,12632.619140625
19401,3551.81640625
19402,3489.27294921875
19403,4038.665283203125
19404,7391.6796875
19405,7173.51123046875
19406,5450.44189453125
19407,6116.05810546875
19408,6572.5419921875
19409,5091.76708984375
19410,4949.16552734375
19411,4479.43505859375
19412,3336.183349609375
19413,3348.115966796875
19414,3408.829833984375
19415,3964.29296875
19416,6056.9072265625
19417,13874.7548828125
19418,5374.1572265625
19419,4127.9580078125
19420,5613.77685546875
19421,3191.25341796875
19422,4941.70751953125
19423,3858.390625
19424,7626.99169921875
19425,5495.94287109375
19426,5313.01318359375
19427,10170.4501953125
19428,10721.8203125
19429,6227.9365234375
19430,5751.2060546875
19431,3105.973876953125
19432,4830.1298828125
19433,5985.33837890625
19434,6806.279296875
19435,3296.189453125
19436,4238.765625
19437,3813.864501953125
19438,3894.9267578125
19439,5644.47705078125
19440,5121.5927734375
19441,3873.736083984375
19442,6176.16748046875
19443,6483.26513671875
19444,4785.85595703125
19445,2998.362060546875
19446,3024.448974609375
19447,7085.705078125
19448,2837.054931640625
19449,8676.94921875
19450,3299.613525390625
19451,3954.73828125
19452,5364.0244140625
19453,4330.15771484375
19454,4327.87451171875
19455,4848.2568359375
19456,4995.2578125
19457,6768.4609375
19458,6589.11083984375
19459,4900.87158203125
19460,4767.1728515625
19461,5131.73828125
19462,4138.34765625
19463,3870.28515625
19464,4111.86865234375
19465,5308.42626953125
19466,9507.4150390625
19467,6351.45458984375
19468,5248.4599609375
19469,6241.28466796875
19470,4519.10498046875
19471,7642.50146484375
19472,4137.310546875
19473,10436.4970703125
19474,4745.146484375
19475,3823.464599609375
19476,4671.55419921875
19477,3212.755126953125
19478,6950.48828125
19479,15703.9296875
19480,3189.525634765625
19481,3500.516845703125
19482,7024.67919921875
19483,5380.03564453125
19484,8138.31005859375
19485,6571.1435546875
19486,4477.83642578125
19487,5006.42919921875
19488,3318.212646484375
19489,7797.06884765625
19490,4803.763671875
19491,6078.4931640625
19492,6650.24169921875
19493,4151.64404296875
19494,6113.466796875
19495,5013.7353515625
19496,3735.5556640625
19497,6902.9150390625
19498,7596.884765625
19499,3729.938720703125
19500,6646.3466796875
19501,5156.77001953125
19502,4418.41650390625
19503,6814.5400390625
19504,5384.72265625
19505,5927.2509765625
19506,3694.71923828125
19507,3402.9169921875
19508,6613.27783203125
19509,2748.6064453125
19510,6334.16845703125
19511,3089.432373046875
19512,4535.6025390625
19513,4180.7890625
19514,5038.10498046875
19515,5264.4443359375
19516,5799.482421875
19517,5221.4716796875
19518,5826.07861328125
19519,4418.14501953125
19520,6189.12939453125
19521,5768.345703125
19522,5803.00732421875
19523,7357.978515625
19524,6541.48779296875
19525,2740.3623046875
19526,5111.27099609375
19527,5904.76708984375
19528,4220.8662109375
19529,9595.1064453125
19530,4643.7646484375
19531,6091.115234375
19532,8557.1552734375
19533,5922.63232421875
19534,2991.054443359375
19535,10738.4404296875
19536,8031.43017578125
19537,5021.4296875
19538,6216.052734375
19539,8463.29296875
19540,4926.2421875
19541,4716.62255859375
19542,5280.3388671875
19543,4240.0859375
19544,3221.762939453125
19545,5643.65771484375
19546,3834.75244140625
19547,5551.88671875
19548,4716.8486328125
19549,4921.9248046875
19550,5797.2138671875
19551,5457.17041015625
19552,4515.103515625
19553,4760.76611328125
19554,5570.43408203125
19555,5069.46875
19556,5486.93359375
19557,6282.99267578125
19558,6797.1083984375
19559,7997.912109375
19560,4085.36865234375
19561,4021.937255859375
19562,4666.80810546875
19563,6628.5009765625
19564,5562.62890625
19565,3928.481201171875
19566,3177.916259765625
19567,5921.06298828125
19568,6267.9833984375
19569,4213.2958984375
19570,6103.6005859375
19571,5048.95751953125
19572,5072.4306640625
19573,3834.73388671875
19574,1957.444580078125
19575,4736.5078125
19576,5360.93701171875
19577,3993.111083984375
19578,6822.12890625
19579,6732.9921875
19580,4294.54248046875
19581,6304.93994140625
19582,3085.09326171875
19583,2548.27490234375
19584,5366.79443359375
19585,8924.6748046875
19586,5896.00830078125
19587,5197.7431640625
19588,2558.110107421875
19589,4274.7060546875
19590,5144.90966796875
19591,4647.82958984375
19592,5076.1611328125
19593,3461.85302734375
19594,3745.297607421875
19595,3533.16064453125
19596,4323.86279296875
19597,4213.380859375
19598,3709.440673828125
19599,3721.634033203125
19600,2949.94921875
19601,5658.0947265625
19602,6104.9013671875
19603,3696.515869140625
19604,4944.17919921875
19605,5536.33837890625
19606,4976.84912109375
19607,4456.31884765625
19608,6430.3828125
19609,5641.4775390625
19610,4295.2587890625
19611,3466.509521484375
19612,8559.0927734375
19613,4374.0693359375
19614,4162.02392578125
19615,6650.537109375
19616,6249.04345703125
19617,6100.83984375
19618,5218.62744140625
19619,5619.06005859375
19620,6114.6376953125
19621,11353.7373046875
19622,3466.3583984375
19623,3752.4765625
19624,3910.00732421875
19625,5139.78466796875
19626,4347.9052734375
19627,5532.4609375
19628,6210.39111328125
19629,3757.00048828125
19630,3019.1689453125
19631,4186.30419921875
19632,8623.7490234375
19633,3587.138671875
19634,5593.05712890625
19635,4417.1484375
19636,5035.21826171875
19637,6744.2734375
19638,5840.1767578125
19639,6073.27880859375
19640,5287.9306640625
19641,2913.948486328125
19642,4793.11962890625
19643,5594.392578125
19644,6281.5380859375
19645,5941.76806640625
19646,6101.814453125
19647,4049.017822265625
19648,3289.928955078125
19649,8348.4677734375
19650,2842.455322265625
19651,7809.2333984375
19652,5162.0048828125
19653,3533.2783203125
19654,5516.69189453125
19655,4076.68896484375
19656,5238.431640625
19657,8484.0390625
19658,3882.98876953125
19659,3433.277587890625
19660,5224.9013671875
19661,5565.8486328125
19662,8447.1650390625
19663,4315.0478515625
19664,4573.2236328125
19665,4184.21044921875
19666,4501.9658203125
19667,3897.087158203125
19668,7232.56689453125
19669,7058.75732421875
19670,10339.486328125
19671,3114.6513671875
19672,5309.4345703125
19673,8625.5693359375
19674,8083.783203125
19675,3593.2177734375
19676,6031.84619140625
19677,4334.36767578125
19678,3877.328125
19679,4318.85986328125
19680,4321.3251953125
19681,4560.76416015625
19682,4221.69384765625
19683,3850.310546875
19684,4201.55078125
19685,6500.20458984375
19686,5939.27880859375
19687,20861.369140625
19688,4770.84765625
19689,3580.76904296875
19690,5144.86279296875
19691,9632.6533203125
19692,5612.2451171875
19693,5775.53125
19694,5314.13134765625
19695,6125.1767578125
19696,5178.14697265625
19697,3675.7158203125
19698,4596.3310546875
19699,4803.3466796875
19700,6073.35595703125
19701,6081.33544921875
19702,8035.5810546875
19703,3377.30224609375
19704,3038.857177734375
19705,4928.62353515625
19706,7302.4560546875
19707,8289.32421875
19708,5554.1806640625
19709,6715.80419921875
19710,4530.92236328125
19711,5298.4716796875
19712,2451.299072265625
19713,7707.4921875
19714,8122.0712890625
19715,7580.18798828125
19716,3928.934326171875
19717,3886.296630859375
19718,4109.9326171875
19719,4564.455078125
19720,8148.87841796875
19721,4683.46533203125
19722,3129.89599609375
19723,2897.0166015625
19724,5401.6220703125
19725,2746.229248046875
19726,6006.041015625
19727,3379.968017578125
19728,5399.7958984375
19729,4191.27197265625
19730,5141.2080078125
19731,6118.27001953125
19732,4942.6875
19733,5393.03759765625
19734,5704.40234375
19735,5184.5380859375
19736,8147.34228515625
19737,4205.10986328125
19738,6085.1767578125
19739,6586.68115234375
19740,7585.2900390625
19741,5374.2509765625
19742,6702.0126953125
19743,3085.91796875
19744,4207.2197265625
19745,4144.16796875
19746,5612.66650390625
19747,7651.1884765625
19748,5374.5966796875
19749,3912.965576171875
19750,5240.25439453125
19751,5426.8154296875
19752,6059.14404296875
19753,3008.347412109375
19754,12052.41796875
19755,2429.509765625
19756,5417.10009765625
19757,6472.84521484375
19758,3435.44091796875
19759,4441.2177734375
19760,4535.96533203125
19761,5846.71435546875
19762,5104.39306640625
19763,4067.92626953125
19764,5641.39453125
19765,6120.79736328125
19766,3700.36572265625
19767,3865.75390625
19768,6266.04931640625
19769,9156.7646484375
19770,5587.12060546875
19771,4656.48046875
19772,4533.22705078125
19773,5856.53662109375
19774,4550.6572265625
19775,6424.32421875
19776,3146.567626953125
19777,5785.00927734375
19778,5742.5888671875
19779,4987.09033203125
19780,8999.1650390625
19781,3280.216552734375
19782,5226.81103515625
19783,3449.206787109375
19784,6367.31298828125
19785,6671.919921875
19786,3729.661376953125
19787,3479.714599609375
19788,5133.57763671875
19789,4834.2861328125
19790,4576.9267578125
19791,5463.44287109375
19792,5345.9072265625
19793,6139.64599609375
19794,4276.373046875
19795,3797.4013671875
19796,4048.681640625
19797,6433.439453125
19798,6350.57421875
19799,5707.03271484375
19800,6494.21826171875
19801,4167.88134765625
19802,6954.16845703125
19803,3908.082763671875
19804,4229.7900390625
19805,6885.65283203125
19806,4936.0390625
19807,8295.2265625
19808,6245.9267578125
19809,5848.64892578125
19810,4217.3642578125
19811,6518.19921875
19812,5569.10498046875
19813,4451.79833984375
19814,2971.4609375
19815,6563.3720703125
19816,5961.51611328125
19817,3598.965087890625
19818,3120.23193359375
19819,5806.50927734375
19820,4900.00634765625
19821,5097.55517578125
19822,4087.64990234375
19823,3593.6435546875
19824,5975.62158203125
19825,5296.943359375
19826,4414.0771484375
19827,3849.00439453125
19828,5938.29736328125
19829,5505.55224609375
19830,2739.485107421875
19831,5874.39404296875
19832,4059.940673828125
19833,6912.7060546875
19834,6066.08056640625
19835,5017.60888671875
19836,9991.8544921875
19837,4001.100341796875
19838,4151.55810546875
19839,8485.5986328125
19840,4756.5341796875
19841,6588.7041015625
19842,5837.79052734375
19843,3887.295166015625
19844,5116.67138671875
19845,4744.1474609375
19846,6926.93115234375
19847,7981.35888671875
19848,5704.13037109375
19849,2438.16015625
19850,3700.7255859375
19851,6822.8857421875
19852,5742.59716796875
19853,5300.09423828125
19854,5540.15576171875
19855,3843.50146484375
19856,3808.682373046875
19857,2814.3037109375
19858,4369.568359375
19859,5636.2119140625
19860,5559.84130859375
19861,5223.36669921875
19862,4412.982421875
19863,7066.1767578125
19864,6317.0009765625
19865,6189.638671875
19866,4158.99755859375
19867,7761.35546875
19868,6265.9609375
19869,3737.193115234375
19870,5899.51513671875
19871,4110.01025390625
19872,5521.1513671875
19873,3228.0400390625
19874,5320.0322265625
19875,2481.98681640625
19876,7411.54736328125
19877,6009.35595703125
19878,6567.74267578125
19879,6461.96240234375
19880,5057.3505859375
19881,6331.15478515625
19882,15841.3203125
19883,7246.7734375
19884,3753.08154296875
19885,1983.46630859375
19886,6609.07958984375
19887,6059.1103515625
19888,6232.6005859375
19889,11028.685546875
19890,17618.62109375
19891,3377.837890625
19892,3821.628173828125
19893,7532.31640625
19894,2961.9013671875
19895,5591.53759765625
19896,5087.1005859375
19897,6681.5927734375
19898,4284.087890625
19899,4930.03759765625
19900,4393.98876953125
19901,6310.51025390625
19902,7008.7392578125
19903,5426.8671875
19904,4771.0205078125
19905,5196.07080078125
19906,3835.15673828125
19907,3839.0419921875
19908,6581.64111328125
19909,3450.6376953125
19910,3926.01953125
19911,5449.765625
19912,4774.5009765625
19913,5248.83642578125
19914,6094.63330078125
19915,5260.8671875
19916,6616.2890625
19917,9020.724609375
19918,6268.86328125
19919,5057.05322265625
19920,2657.596923828125
19921,4879.173828125
19922,4846.078125
19923,4099.62548828125
19924,3834.338134765625
19925,5274.85302734375
19926,4493.494140625
19927,7170.7724609375
19928,6031.580078125
19929,3862.737060546875
19930,3683.912353515625
19931,4099.35400390625
19932,6946.63330078125
19933,3663.64892578125
19934,5897.44775390625
19935,11417.0791015625
19936,5772.1396484375
19937,6594.03466796875
19938,3795.173828125
19939,3947.245361328125
19940,4717.8076171875
19941,3648.36279296875
19942,3729.40380859375
19943,8857.1064453125
19944,4404.6796875
19945,12532.2138671875
19946,10607.3984375
19947,4875.7451171875
19948,4969.23583984375
19949,5474.42919921875
19950,5251.88525390625
19951,4264.32666015625
19952,8930.1875
19953,4973.78515625
19954,7888.744140625
19955,4550.01220703125
19956,6874.17919921875
19957,5099.1259765625
19958,7019.462890625
19959,4631.20263671875
19960,4564.8388671875
19961,4827.7734375
19962,4906.78857421875
19963,6387.81689453125
19964,8382.46484375
19965,5120.16943359375
19966,7117.04443359375
19967,4771.94873046875
19968,7699.06298828125
19969,4373.73486328125
19970,4179.23388671875
19971,3916.59619140625
19972,6506.986328125
19973,4812.9189453125
19974,5217.91650390625
19975,6888.62158203125
19976,7137.06298828125
19977,4182.5654296875
19978,6859.9013671875
19979,6667.5390625
19980,2604.6611328125
19981,10663.51171875
19982,12849.1591796875
19983,4471.2177734375
19984,6525.8525390625
19985,7808.16943359375
19986,7683.54150390625
19987,8548.1630859375
19988,5035.49267578125
19989,5691.55859375
19990,4859.87890625
19991,5432.19384765625
19992,3369.327392578125
19993,4778.48193359375
19994,4335.24951171875
19995,4642.09521484375
19996,5302.1103515625
19997,4131.85498046875
19998,3151.971923828125
19999,6074.44091796875
20000,3673.28466796875
20001,3717.1328125
20002,4890.51171875
20003,4480.78466796875
20004,6875.99951171875
20005,7589.86669921875
20006,7009.25341796875
20007,5786.333984375
20008,5116.28857421875
20009,8088.67431640625
20010,6091.39208984375
20011,3613.718017578125
20012,4659.51904296875
20013,9599.5693359375
20014,3474.0947265625
20015,5349.2900390625
20016,3292.779541015625
20017,3676.366943359375
20018,5198.255859375
20019,5198.62353515625
20020,4353.20166015625
20021,6705.18603515625
20022,7912.32568359375
20023,9816.0888671875
20024,5472.58251953125
20025,7181.919921875
20026,2708.1318359375
20027,4431.43017578125
20028,4490.08056640625
20029,3435.836181640625
20030,6150.0810546875
20031,3181.24365234375
20032,4978.5
20033,7543.67626953125
20034,8850.099609375
20035,6312.5771484375
20036,4668.87255859375
20037,3591.412109375
20038,11217.5595703125
20039,7589.8134765625
20040,4876.28466796875
20041,4189.2119140625
20042,5323.25830078125
20043,7731.203125
20044,4003.259765625
20045,4801.849609375
20046,6070.09912109375
20047,6449.49267578125
20048,11783.884765625
20049,6343.08349609375
20050,12350.568359375
20051,5146.05859375
20052,3934.2021484375
20053,2170.385986328125
20054,4502.013671875
20055,4891.87060546875
20056,3990.21630859375
20057,5916.53564453125
20058,4009.25146484375
20059,2978.0419921875
20060,5466.95361328125
20061,4074.15966796875
20062,6120.8408203125
20063,5439.01318359375
20064,6647.67138671875
20065,6639.24658203125
20066,3392.546142578125
20067,7128.87646484375
20068,4997.10302734375
20069,4906.22216796875
20070,4696.5634765625
20071,4064.282470703125
20072,8513.4541015625
20073,5163.962890625
20074,3986.6083984375
20075,5009.013671875
20076,7273.40576171875
20077,5417.3486328125
20078,5534.7705078125
20079,7182.80029296875
20080,5622.89501953125
20081,4792.40625
20082,4866.787109375
20083,6329.89453125
20084,4478.1015625
20085,4696.513671875
20086,3515.091552734375
20087,4050.84375
20088,3859.343994140625
20089,3497.154296875
20090,6111.615234375
20091,8021.8759765625
20092,9254.279296875
20093,9029.6015625
20094,6901.15185546875
20095,7177.4375
20096,3952.49560546875
20097,10659.09375
20098,8569.0927734375
20099,5145.61181640625
20100,6631.27490234375
20101,7163.8232421875
20102,4639.85107421875
20103,4130.95361328125
20104,7811.07080078125
20105,5930.6435546875
20106,5304.1796875
20107,4743.33984375
20108,2363.953857421875
20109,7798.44775390625
20110,5173.98583984375
20111,4649.6044921875
20112,3667.194580078125
20113,3500.731201171875
20114,5977.88671875
20115,5795.24267578125
20116,4729.47998046875
20117,5586.33056640625
20118,3480.497314453125
20119,2526.51416015625
20120,3709.28369140625
20121,5474.783203125
20122,13738.4873046875
20123,4055.9375
20124,4814.4423828125
20125,5820.74609375
20126,3686.4228515625
20127,4082.810791015625
20128,3708.93017578125
20129,2903.010498046875
20130,5690.11279296875
20131,4982.5986328125
20132,2779.326416015625
20133,6359.61474609375
20134,3436.474853515625
20135,3966.39990234375
20136,7711.67626953125
20137,5477.04833984375
20138,7906.2578125
20139,3761.7216796875
20140,4966.939453125
20141,3675.896728515625
20142,3725.673095703125
20143,10842.61328125
20144,8856.8798828125
20145,5020.79541015625
20146,4338.54931640625
20147,3372.678466796875
20148,4759.689453125
20149,3729.87109375
20150,8262.2060546875
20151,3825.664306640625
20152,4347.5908203125
20153,5890.4267578125
20154,3267.270263671875
20155,5663.2763671875
20156,5583.4287109375
20157,4938.201171875
20158,4771.27294921875
20159,3110.36279296875
20160,4816.75830078125
20161,4771.166015625
20162,7030.17919921875
20163,6599.24560546875
20164,5539.35205078125
20165,3036.1279296875
20166,5865.06494140625
20167,4433.2490234375
20168,3518.0595703125
20169,5427.5966796875
20170,6754.29248046875
20171,5570.009765625
20172,5528.70556640625
20173,4641.06201171875
20174,4184.2265625
20175,4138.19287109375
20176,5396.10498046875
20177,5147.2744140625
20178,4228.89501953125
20179,7447.740234375
20180,3740.04833984375
20181,3512.912353515625
20182,9155.31640625
20183,4633.40478515625
20184,3342.39453125
20185,5901.32763671875
20186,7136.17138671875
20187,9680.076171875
20188,3949.8837890625
20189,4308.36474609375
20190,4448.3603515625
20191,5822.35498046875
20192,5707.8154296875
20193,6499.37841796875
20194,2942.568603515625
20195,3971.056396484375
20196,4635.6904296875
20197,3777.48388671875
20198,3520.387451171875
20199,5260.73193359375
20200,4538.65087890625
20201,5818.654296875
20202,6235.09033203125
20203,5153.6474609375
20204,6695.3349609375
20205,3135.44970703125
20206,5210.5029296875
20207,5645.85400390625
20208,6685.3291015625
20209,5037.59814453125
20210,2858.56787109375
20211,7171.40625
20212,5441.56591796875
20213,5226.775390625
20214,4265.31884765625
20215,3548.267822265625
20216,6298.36669921875
20217,4884.82177734375
20218,7789.9970703125
20219,4442.70751953125
20220,4350.59326171875
20221,6459.33935546875
20222,4712.6787109375
20223,3499.561767578125
20224,5083.4033203125
20225,3894.064208984375
20226,7600.28369140625
20227,7299.8779296875
20228,5380.02783203125
20229,4098.0810546875
20230,4407.46533203125
20231,3189.051513671875
20232,2381.072265625
20233,5937.33203125
20234,3967.8876953125
20235,7504.470703125
20236,3497.940185546875
20237,4135.78564453125
20238,5133.08544921875
20239,6842.79248046875
20240,4046.968994140625
20241,4211.1787109375
20242,3898.446044921875
20243,5492.6044921875
20244,3875.514892578125
20245,5942.806640625
20246,6179.84521484375
20247,6514.89306640625
20248,6348.39404296875
20249,6505.17578125
20250,4671.7548828125
20251,4501.93359375
20252,3900.626708984375
20253,7496.61279296875
20254,6633.9521484375
20255,9284.84375
20256,12939.2001953125
20257,4784.41357421875
20258,3446.480224609375
20259,4074.03271484375
20260,7772.1953125
20261,7879.64990234375
20262,5217.09521484375
20263,6391.544921875
20264,6660.49072265625
20265,5066.84619140625
20266,5095.79052734375
20267,4127.04296875
20268,3352.056884765625
20269,3611.114990234375
20270,3364.1474609375
20271,3790.60546875
20272,6529.03564453125
20273,12682.669921875
20274,5679.3310546875
20275,5155.7822265625
20276,5009.18896484375
20277,3349.18603515625
20278,5534.6591796875
20279,4136.06005859375
20280,7743.919921875
20281,5525.453125
20282,5695.59130859375
20283,10109.177734375
20284,9850.6181640625
20285,6170.30322265625
20286,5664.060546875
20287,2979.982421875
20288,4245.0908203125
20289,5927.55517578125
20290,6949.18310546875
20291,3448.150634765625
20292,4027.208251953125
20293,4050.12353515625
20294,4202.58642578125
20295,6123.0693359375
20296,5509.28857421875
20297,4195.39306640625
20298,6728.09326171875
20299,6601.9736328125
20300,4983.34619140625
20301,2813.267578125
20302,2409.455810546875
20303,7722.814453125
20304,2855.37744140625
20305,8586.5849609375
20306,3223.697509765625
20307,4045.433349609375
20308,4970.26806640625
20309,4599.35205078125
20310,4346.3408203125
20311,4928.029296875
20312,4814.62158203125
20313,6803.5703125
20314,6154.66162109375
20315,4705.2900390625
20316,4798.572265625
20317,4987.43994140625
20318,4466.67578125
20319,4419.14208984375
20320,4121.06005859375
20321,5285.20751953125
20322,9166.71484375
20323,5910.96533203125
20324,5550.5869140625
20325,5551.37841796875
20326,4202.75439453125
20327,8064.544921875
20328,4552.189453125
20329,9724.9560546875
20330,4922.78076171875
20331,4242.5576171875
20332,2938.033203125
20333,3520.5205078125
20334,5699.2568359375
20335,15530.31640625
20336,2734.265869140625
20337,4070.289306640625
20338,7477.99462890625
20339,5410.45068359375
20340,6390.41455078125
20341,6812.69775390625
20342,4174.97119140625
20343,4669.826171875
20344,3909.133056640625
20345,8209.158203125
20346,4851.92333984375
20347,6329.79248046875
20348,6694.66015625
20349,3949.814208984375
20350,6358.5458984375
20351,5081.97705078125
20352,3611.525634765625
20353,6893.591796875
20354,8991.5439453125
20355,3776.87841796875
20356,6636.17236328125
20357,4797.73876953125
20358,4635.48046875
20359,7204.83349609375
20360,5427.337890625
20361,6128.60595703125
20362,3925.01220703125
20363,3941.95654296875
20364,6330.84521484375
20365,3221.080322265625
20366,6799.3837890625
20367,2853.97021484375
20368,4620.6875
20369,4321.279296875
20370,5269.99560546875
20371,4965.923828125
20372,6444.185546875
20373,5328.26318359375
20374,5743.24755859375
20375,4529.1533203125
20376,5591.50537109375
20377,5385.35986328125
20378,5587.66943359375
20379,7942.5341796875
20380,7187.80810546875
20381,2632.21728515625
20382,5537.7998046875
20383,6679.85986328125
20384,3854.02880859375
20385,9391.326171875
20386,4236.43310546875
20387,5993.44287109375
20388,9171.544921875
20389,6378.46142578125
20390,3544.460693359375
20391,11771.3291015625
20392,7814.71337890625
20393,5087.1533203125
20394,6084.42626953125
20395,9162.716796875
20396,4759.10791015625
20397,4996.53369140625
20398,5330.50439453125
20399,4628.82470703125
20400,3613.40380859375
20401,5596.982421875
20402,3364.982666015625
20403,5967.673828125
20404,5893.69091796875
20405,4577.72802734375
20406,6041.55126953125
20407,5956.0341796875
20408,4388.6337890625
20409,4558.8671875
20410,5597.20361328125
20411,5658.609375
20412,5708.109375
20413,6173.1650390625
20414,5210.0576171875
20415,7618.12451171875
20416,3847.6875
20417,3946.087158203125
20418,4823.34619140625
20419,6730.85546875
20420,5574.01025390625
20421,4059.53173828125
20422,3314.151123046875
20423,5853.6884765625
20424,5715.9619140625
20425,4543.90283203125
20426,5778.541015625
20427,4967.08251953125
20428,4008.35791015625
20429,4061.697021484375
20430,2235.960205078125
20431,4858.7861328125
20432,5805.47265625
20433,4902.27685546875
20434,7145.8759765625
20435,6344.58984375
20436,4338.16552734375
20437,7067.8828125
20438,3231.818603515625
20439,2884.896728515625
20440,5543.53173828125
20441,9327.693359375
20442,5711.45556640625
20443,5140.87353515625
20444,3455.5556640625
20445,4732.2099609375
20446,5106.439453125
20447,4461.08935546875
20448,5776.6787109375
20449,3844.681640625
20450,3644.896240234375
20451,3834.37353515625
20452,3937.6376953125
20453,3988.60986328125
20454,3499.6494140625
20455,3678.116943359375
20456,3379.859619140625
20457,5922.0908203125
20458,6116.15673828125
20459,3586.905517578125
20460,5279.43115234375
20461,5415.07763671875
20462,4402.7607421875
20463,4782.03173828125
20464,6774.32373046875
20465,6017.095703125
20466,4245.33984375
20467,3735.126220703125
20468,9318.8876953125
20469,4364.3603515625
20470,4302.43310546875
20471,6967.88720703125
20472,5957.46826171875
20473,5845.728515625
20474,4994.62255859375
20475,5512.111328125
20476,5847.13818359375
20477,10162.5556640625
20478,3180.8056640625
20479,3861.296142578125
20480,3844.19873046875
20481,5218.98291015625
20482,4306.39453125
20483,5277.94287109375
20484,5731.775390625
20485,3894.825927734375
20486,2741.859619140625
20487,4712.068359375
20488,9523.197265625
20489,3848.37353515625
20490,5442.0537109375
20491,3096.84765625
20492,4924.50341796875
20493,6742.27783203125
20494,5795.4267578125
20495,5575.34716796875
20496,5347.84716796875
20497,3168.410888671875
20498,4982.61767578125
20499,6268.80224609375
20500,6216.3271484375
20501,5739.45458984375
20502,5935.19921875
20503,3986.595703125
20504,3317.57958984375
20505,8266.8603515625
20506,3089.387451171875
20507,7944.4052734375
20508,5322.359375
20509,3463.144287109375
20510,5002.16259765625
20511,4914.0224609375
20512,6617.17333984375
20513,8388.701171875
20514,3858.972412109375
20515,3263.900146484375
20516,5457.708984375
20517,6562.9599609375
20518,8167.6123046875
20519,4557.974609375
20520,4955.7783203125
20521,4814.69189453125
20522,5408.24267578125
20523,3371.71337890625
20524,6967.470703125
20525,7458.20947265625
20526,10202.640625
20527,3103.32275390625
20528,5430.630859375
20529,8560.0322265625
20530,8342.3857421875
20531,3710.1435546875
20532,7201.7109375
20533,4997.521484375
20534,4519.7294921875
20535,4137.20458984375
20536,4408.2880859375
20537,4490.02197265625
20538,4207.0517578125
20539,3715.0185546875
20540,4377.375
20541,6828.33447265625
20542,5826.5048828125
20543,21074.869140625
20544,4602.27685546875
20545,3725.124755859375
20546,5080.2841796875
20547,10355.7255859375
20548,5448.71728515625
20549,6099.04833984375
20550,5483.279296875
20551,7883.90478515625
20552,5185.52001953125
20553,3362.551025390625
20554,5000.83984375
20555,5164.4990234375
20556,6188.92919921875
20557,6472.81982421875
20558,7858.23046875
20559,3816.433349609375
20560,3485.797119140625
20561,5804.86328125
20562,7498.5556640625
20563,9858.4892578125
20564,6493.3330078125
20565,7241.54736328125
20566,5148.97314453125
20567,5598.29150390625
20568,3050.76171875
20569,8970.7470703125
20570,8508.7734375
20571,8814.876953125
20572,4930.095703125
20573,4344.546875
20574,4400.8408203125
20575,5260.23828125
20576,9228.55078125
20577,5504.20166015625
20578,4000.125
20579,3263.517333984375
20580,6145.033203125
20581,3114.316162109375
20582,6169.34228515625
20583,3871.94384765625
20584,6713.29052734375
20585,5183.54248046875
20586,5292.97705078125
20587,6503.3984375
20588,5773.8076171875
20589,6434.0966796875
20590,6819.15673828125
20591,5733.45947265625
20592,9465.4228515625
20593,4364.26220703125
20594,7253.0283203125
20595,7643.546875
20596,7151.123046875
20597,5464.82861328125
20598,6733.73779296875
20599,2952.14501953125
20600,4191.1953125
20601,5326.10546875
20602,6662.18017578125
20603,8443.111328125
20604,5741.2900390625
20605,4411.0458984375
20606,6335.177734375
20607,5519.40380859375
20608,6700.4453125
20609,3958.930908203125
20610,11870.859375
20611,3217.39453125
20612,5892.61328125
20613,7843.64453125
20614,3513.38330078125
20615,4337.02099609375
20616,5017.66015625
20617,6711.51904296875
20618,6320.486328125
20619,4213.26904296875
20620,7072.7509765625
20621,6369.45751953125
20622,4132.833984375
20623,4055.374267578125
20624,6941.1796875
20625,9895.962890625
20626,5969.16943359375
20627,5755.783203125
20628,4555.1162109375
20629,6706.9326171875
20630,5024.544921875
20631,6820.88232421875
20632,3911.849853515625
20633,6397.6708984375
20634,5758.42333984375
20635,5339.51416015625
20636,10259.5908203125
20637,4167.333984375
20638,5657.6396484375
20639,3558.933837890625
20640,7363.3486328125
20641,7059.56640625
20642,3366.113525390625
20643,4318.48388671875
20644,5387.9423828125
20645,5072.70263671875
20646,5059.7021484375
20647,5199.12060546875
20648,5883.74267578125
20649,6232.6357421875
20650,4519.83154296875
20651,4864.91357421875
20652,4927.10107421875
20653,7153.7587890625
20654,6315.1875
20655,6404.76611328125
20656,7416.91064453125
20657,5027.2578125
20658,8027.95654296875
20659,4823.4189453125
20660,5217.9013671875
20661,8300.2509765625
20662,5447.34033203125
20663,8895.96484375
20664,6113.78662109375
20665,5823.81982421875
20666,4669.77001953125
20667,6861.97509765625
20668,5683.75537109375
20669,4488.3857421875
20670,3223.016357421875
20671,7381.49072265625
20672,6241.11669921875
20673,3983.831298828125
20674,2855.01611328125
20675,7146.69970703125
20676,5678.95166015625
20677,5576.3046875
20678,4095.51318359375
20679,4720.607421875
20680,6138.4541015625
20681,6072.958984375
20682,4405.36181640625
20683,3941.977783203125
20684,5687.8505859375
20685,5907.81201171875
20686,3188.94677734375
20687,5738.46484375
20688,4440.9423828125
20689,7263.31640625
20690,6232.08251953125
20691,5141.9306640625
20692,10682.3330078125
20693,4446.00390625
20694,4022.856201171875
20695,9349.5693359375
20696,4918.43701171875
20697,7070.83935546875
20698,6883.28369140625
20699,4330.69091796875
20700,5389.3720703125
20701,5124.48193359375
20702,7155.89892578125
20703,9519.529296875
20704,6814.58154296875
20705,2556.6953125
20706,3976.98876953125
20707,7423.32275390625
20708,5153.73828125
20709,4664.89501953125
20710,5737.7314453125
20711,3837.45849609375
20712,3579.1796875
20713,3605.39111328125
20714,5198.18359375
20715,5784.36865234375
20716,5935.61962890625
20717,5901.1376953125
20718,5956.83837890625
20719,8100.568359375
20720,7119.4013671875
20721,6028.115234375
20722,4092.943115234375
20723,8614.279296875
20724,7583.50439453125
20725,4008.9541015625
20726,6386.1767578125
20727,4776.083984375
20728,6232.45751953125
20729,3386.200439453125
20730,5647.91357421875
20731,3814.054931640625
20732,7960.7568359375
20733,6709.91650390625
20734,7002.7890625
20735,7862.83935546875
20736,5103.173828125
20737,6778.83154296875
20738,16682.078125
20739,8090.4833984375
20740,5908.47412109375
20741,2346.887451171875
20742,7189.1025390625
20743,6275.7978515625
20744,6380.49658203125
20745,11362.94921875
20746,19227.80859375
20747,4838.61962890625
20748,4382.10498046875
20749,7996.6064453125
20750,3464.234375
20751,6051.65771484375
20752,5336.9130859375
20753,7382.8037109375
20754,4822.24072265625
20755,5538.078125
20756,4007.65869140625
20757,6898.39404296875
20758,7447.36865234375
20759,5611.9384765625
20760,4826.59912109375
20761,6358.880859375
20762,4864.32666015625
20763,4427.2763671875
20764,7225.52294921875
20765,4477.32421875
20766,4826.7939453125
20767,6482.63037109375
20768,4870.69580078125
20769,5123.96240234375
20770,6955.61669921875
20771,6334.58642578125
20772,8021.19287109375
20773,10852.6376953125
20774,6341.5419921875
20775,5571.03173828125
20776,2600.478271484375
20777,5467.06396484375
20778,5682.7822265625
20779,4745.8837890625
20780,4576.68359375
20781,5350.6376953125
20782,5133.69482421875
20783,8521.4375
20784,6331.06201171875
20785,4596.92822265625
20786,4824.23095703125
20787,5310.9541015625
20788,8236.38671875
20789,4455.39794921875
20790,7168.248046875
20791,13231.36328125
20792,6112.689453125
20793,7586.0830078125
20794,4456.62158203125
20795,4665.22119140625
20796,5955.7236328125
20797,4187.68408203125
20798,4497.326171875
20799,9402.4306640625
20800,5467.015625
20801,12428.31640625
20802,10541.2451171875
20803,5003.1201171875
20804,7715.1533203125
20805,5770.533203125
20806,5604.52734375
20807,5350.556640625
20808,9888.9091796875
20809,5494.806640625
20810,8305.6689453125
20811,4752.953125
20812,7846.13818359375
20813,5763.603515625
20814,7346.052734375
20815,5290.53173828125
20816,5237.458984375
20817,5023.0634765625
20818,5682.07763671875
20819,7364.0244140625
20820,9175.3388671875
20821,6305.8828125
20822,8373.6416015625
20823,5537.33740234375
20824,9124.357421875
20825,4713.4619140625
20826,3877.52099609375
20827,3944.739501953125
20828,6825.3232421875
20829,5694.2744140625
20830,5939.35302734375
20831,6061.173828125
20832,7595.71240234375
20833,4499.60302734375
20834,6291.3642578125
20835,7168.2861328125
20836,3313.18017578125
20837,10919.3154296875
20838,14638.7763671875
20839,5693.09326171875
20840,7111.9423828125
20841,7834.42822265625
20842,9045.8505859375
20843,9606.3828125
20844,5549.2431640625
20845,6915.6201171875
20846,5577.17724609375
20847,6530.015625
20848,4241.62939453125
20849,5775.517578125
20850,4444.5263671875
20851,4814.34423828125
20852,6352.857421875
20853,4357.32373046875
20854,3225.0556640625
20855,6422.0830078125
20856,3525.301513671875
20857,3761.35009765625
20858,4565.27587890625
20859,6062.29052734375
20860,7363.79150390625
20861,7601.03125
20862,7855.76220703125
20863,6050.6162109375
20864,5216.19287109375
20865,8623.93359375
20866,6703.0048828125
20867,3656.5947265625
20868,4816.642578125
20869,9690.0869140625
20870,3779.669189453125
20871,6200.56787109375
20872,3876.56689453125
20873,4610.64404296875
20874,5461.0546875
20875,5619.603515625
20876,4779.54541015625
20877,7995.08642578125
20878,9061.9794921875
20879,11084.8837890625
20880,6255.75048828125
20881,7764.734375
20882,3629.488037109375
20883,4519.87158203125
20884,5598.44873046875
20885,3168.44677734375
20886,7184.87158203125
20887,3897.568603515625
20888,5772.935546875
20889,7940.890625
20890,10568.06640625
20891,6824.06201171875
20892,5079.19384765625
20893,5006.70458984375
20894,13029.421875
20895,7982.654296875
20896,5401.39501953125
20897,4662.755859375
20898,5910.7060546875
20899,8603.7138671875
20900,5543.03955078125
20901,5965.0439453125
20902,6522.34619140625
20903,6279.27783203125
20904,12034.9921875
20905,6441.0380859375
20906,13106.208984375
20907,5767.7138671875
20908,4041.478515625
20909,3026.04150390625
20910,5814.634765625
20911,5329.24365234375
20912,4435.1982421875
20913,7044.1923828125
20914,4185.4375
20915,3941.3427734375
20916,5892.533203125
20917,4959.4921875
20918,6705.2578125
20919,5542.3857421875
20920,7063.390625
20921,6873.8408203125
20922,3871.262939453125
20923,7592.13720703125
20924,5572.97705078125
20925,5843.2080078125
20926,5227.06884765625
20927,4816.41845703125
20928,9099.8173828125
20929,5714.71044921875
20930,4474.4658203125
20931,5354.681640625
20932,10039.6357421875
20933,6178.78515625
20934,6096.404296875
20935,8016.2744140625
20936,6145.8486328125
20937,5617.57666015625
20938,5617.45654296875
20939,7367.00244140625
20940,5511.08447265625
20941,5223.73046875
20942,4392.31396484375
20943,4686.3193359375
20944,4232.134765625
20945,4120.7568359375
20946,6675.82861328125
20947,8989.884765625
20948,9914.521484375
20949,12561.5380859375
20950,7868.6533203125
20951,7636.3759765625
20952,4133.1474609375
20953,11365.271484375
20954,9802.6240234375
20955,5259.24560546875
20956,7240.70654296875
20957,7185.2451171875
20958,5521.00927734375
20959,4738.66357421875
20960,8244.591796875
20961,6055.47705078125
20962,5734.66748046875
20963,5540.1064453125
20964,2638.735107421875
20965,8803.703125
20966,6074.11083984375
20967,5472.9736328125
20968,3897.86962890625
20969,4438.38525390625
20970,6122.58642578125
20971,5945.61669921875
20972,5113.84765625
20973,5392.119140625
20974,3669.87060546875
20975,3753.05908203125
20976,4029.62548828125
20977,6469.919921875
20978,15369.8408203125
20979,4034.90283203125
20980,5657.0859375
20981,6946.27294921875
20982,3904.627685546875
20983,4871.93994140625
20984,4329.23291015625
20985,4286.99609375
20986,6709.05859375
20987,5979.91796875
20988,3012.6005859375
20989,7801.96142578125
20990,3106.385498046875
20991,4207.43603515625
20992,9109.7763671875
20993,7040.1396484375
20994,9402.9130859375
20995,4277.57421875
20996,5450.03662109375
20997,3825.706298828125
20998,4551.3642578125
20999,12316.740234375
21000,10176.833984375
21001,5946.9423828125
21002,4952.9013671875
21003,4305.31396484375
21004,5120.96142578125
21005,4922.85791015625
21006,9254.701171875
21007,4492.75244140625
21008,4136.02978515625
21009,6332.5390625
21010,4509.9267578125
21011,5880.07861328125
21012,4830.0830078125
21013,6263.57080078125
21014,5647.1728515625
21015,4324.7353515625
21016,5037.2021484375
21017,5315.513671875
21018,7978.119140625
21019,6877.7841796875
21020,6346.3818359375
21021,3406.967529296875
21022,6823.00341796875
21023,4867.048828125
21024,4171.9951171875
21025,5264.0146484375
21026,7746.2509765625
21027,6016.35400390625
21028,6106.94140625
21029,4785.181640625
21030,5147.56982421875
21031,4715.923828125
21032,6538.85791015625
21033,6369.1201171875
21034,4292.990234375
21035,7665.7685546875
21036,4351.65966796875
21037,4106.171875
21038,10776.9443359375
21039,5356.86376953125
21040,3505.30078125
21041,5956.6279296875
21042,7134.6162109375
21043,8795.654296875
21044,4410.572265625
21045,5100.35888671875
21046,4636.12158203125
21047,7054.1494140625
21048,5620.19140625
21049,7639.47705078125
21050,2714.3330078125
21051,4749.69140625
21052,5896.64599609375
21053,3939.992919921875
21054,4164.9736328125
21055,5845.8125
21056,6137.064453125
21057,5538.08935546875
21058,6475.87890625
21059,5266.06884765625
21060,7353.54296875
21061,4026.079345703125
21062,5980.3828125
21063,5503.2587890625
21064,7015.0419921875
21065,5655.9091796875
21066,3211.6591796875
21067,7657.1640625
21068,5981.38330078125
21069,5599.4404296875
21070,4647.8056640625
21071,3359.2578125
21072,6843.27587890625
21073,5219.5947265625
21074,8716.4560546875
21075,5797.41259765625
21076,5375.77783203125
21077,7086.37939453125
21078,5337.53369140625
21079,4453.0439453125
21080,6860.3056640625
21081,4852.7822265625
21082,8646.923828125
21083,7818.7568359375
21084,5343.06396484375
21085,4065.92529296875
21086,4667.57958984375
21087,3704.977783203125
21088,3907.107177734375
21089,6397.74755859375
21090,4492.59423828125
21091,7415.04150390625
21092,3777.39111328125
21093,4962.6826171875
21094,5543.611328125
21095,7217.2509765625
21096,4584.28515625
21097,4884.27490234375
21098,4473.12890625
21099,5666.49951171875
21100,4377.17138671875
21101,6818.41064453125
21102,7597.7744140625
21103,7198.09423828125
21104,6505.791015625
21105,7041.5498046875
21106,5342.91796875
21107,4936.1240234375
21108,4860.0
21109,8743.30078125
21110,6745.7666015625
21111,10704.095703125
21112,13611.828125
21113,4390.30615234375
21114,4116.14013671875
21115,5349.17041015625
21116,7748.8212890625
21117,8359.169921875
21118,6145.9560546875
21119,6477.11962890625
21120,7648.42626953125
21121,5395.03564453125
21122,5482.89306640625
21123,4431.20849609375
21124,4047.50341796875
21125,4445.39990234375
21126,4189.31689453125
21127,4360.84619140625
21128,7531.4736328125
21129,14678.0712890625
21130,6255.046875
21131,5431.8349609375
21132,5625.18212890625
21133,3528.061279296875
21134,6526.93310546875
21135,3935.503662109375
21136,10785.4521484375
21137,5992.00048828125
21138,6198.02294921875
21139,11540.400390625
21140,10444.0869140625
21141,6620.58447265625
21142,6352.6005859375
21143,2970.327392578125
21144,4949.79248046875
21145,6618.74169921875
21146,7582.66064453125
21147,3768.551513671875
21148,4373.193359375
21149,4167.251953125
21150,4428.53466796875
21151,6395.888671875
21152,6513.20947265625
21153,4329.5341796875
21154,6749.3125
21155,7772.53857421875
21156,5525.42041015625
21157,3887.443359375
21158,3082.52685546875
21159,8112.6396484375
21160,3269.634033203125
21161,9404.4619140625
21162,4049.70947265625
21163,5656.34423828125
21164,5408.55810546875
21165,4827.6923828125
21166,4300.94287109375
21167,4617.8291015625
21168,4931.36083984375
21169,7324.064453125
21170,7566.70068359375
21171,4697.55810546875
21172,5298.19921875
21173,5717.037109375
21174,4561.123046875
21175,5131.60595703125
21176,4219.666015625
21177,5455.7333984375
21178,10319.3251953125
21179,6969.3623046875
21180,6238.697265625
21181,6404.63525390625
21182,4593.310546875
21183,8484.974609375
21184,4635.42138671875
21185,10837.4521484375
21186,5423.048828125
21187,4645.78662109375
21188,4484.0126953125
21189,3420.807373046875
21190,6026.65087890625
21191,16275.8662109375
21192,3486.57177734375
21193,4485.59033203125
21194,9577.3779296875
21195,6150.06494140625
21196,6773.34326171875
21197,7268.94140625
21198,5068.8876953125
21199,4966.17822265625
21200,3312.421142578125
21201,8668.7998046875
21202,5031.1044921875
21203,6726.4091796875
21204,7256.9580078125
21205,4558.49951171875
21206,6789.99609375
21207,4781.73681640625
21208,3377.510009765625
21209,7064.982421875
21210,9069.2744140625
21211,3625.012939453125
21212,7483.87939453125
21213,5416.33056640625
21214,4812.58935546875
21215,8275.8310546875
21216,5907.1279296875
21217,7196.9814453125
21218,4685.69775390625
21219,4189.89990234375
21220,6574.5078125
21221,3276.33837890625
21222,7150.1533203125
21223,3776.976318359375
21224,6044.79296875
21225,5622.8056640625
21226,5863.57421875
21227,6038.0634765625
21228,6714.2060546875
21229,5705.89697265625
21230,6757.84619140625
21231,4973.98828125
21232,7193.6357421875
21233,5332.82080078125
21234,6367.40234375
21235,8414.2421875
21236,7841.4169921875
21237,2677.70068359375
21238,5603.830078125
21239,7466.71728515625
21240,4938.2705078125
21241,11155.2626953125
21242,4943.71875
21243,7234.4482421875
21244,9891.634765625
21245,6629.771484375
21246,3474.7841796875
21247,18545.84765625
21248,8716.21875
21249,5151.82373046875
21250,6457.55126953125
21251,9624.150390625
21252,5676.21826171875
21253,6002.5986328125
21254,6642.8564453125
21255,5009.26904296875
21256,3771.003662109375
21257,6671.74609375
21258,4511.00244140625
21259,6288.3935546875
21260,7130.15771484375
21261,5740.79541015625
21262,6566.63525390625
21263,6164.57275390625
21264,5623.51171875
21265,5629.359375
21266,6311.375
21267,6250.95361328125
21268,5972.7900390625
21269,7518.4541015625
21270,5048.302734375
21271,8535.2890625
21272,4884.05322265625
21273,4692.974609375
21274,4968.20947265625
21275,7249.35009765625
21276,6307.30859375
21277,4771.51904296875
21278,3720.8369140625
21279,5536.32275390625
21280,6155.08837890625
21281,5032.93017578125
21282,6318.43896484375
21283,5670.0205078125
21284,4836.59375
21285,4979.90380859375
21286,2801.96728515625
21287,5215.93798828125
21288,6071.58154296875
21289,5242.6611328125
21290,7276.4990234375
21291,6662.6474609375
21292,5309.68896484375
21293,8151.04296875
21294,3445.029541015625
21295,2034.153564453125
21296,6534.4521484375
21297,9253.7548828125
21298,6779.74267578125
21299,6397.13232421875
21300,3351.67919921875
21301,5642.80615234375
21302,5887.83349609375
21303,5027.49560546875
21304,5535.736328125
21305,3981.469970703125
21306,5051.81396484375
21307,3765.538330078125
21308,5186.48193359375
21309,5431.56396484375
21310,4124.02099609375
21311,3877.288330078125
21312,3468.701904296875
21313,6344.21484375
21314,6455.013671875
21315,3805.05126953125
21316,5955.408203125
21317,5996.73583984375
21318,4304.88720703125
21319,5106.1123046875
21320,7749.55712890625
21321,6726.00830078125
21322,4419.8447265625
21323,4015.790771484375
21324,9314.82421875
21325,5277.49658203125
21326,5377.26318359375
21327,7972.009765625
21328,6408.0498046875
21329,6547.93505859375
21330,5517.68359375
21331,6520.41650390625
21332,6874.4140625
21333,10961.2861328125
21334,4024.0009765625
21335,4978.39013671875
21336,4492.919921875
21337,6141.36962890625
21338,5358.2041015625
21339,5783.96728515625
21340,6513.28515625
21341,4245.9267578125
21342,3658.97802734375
21343,5123.9814453125
21344,11150.1083984375
21345,4324.1591796875
21346,6449.53173828125
21347,3911.15771484375
21348,5998.0029296875
21349,7537.97021484375
21350,6924.515625
21351,5558.82421875
21352,6663.791015625
21353,3497.83154296875
21354,5476.59619140625
21355,6859.2060546875
21356,7948.37109375
21357,6756.84619140625
21358,6602.0546875
21359,5112.64892578125
21360,3701.2421875
21361,9229.615234375
21362,3252.09375
21363,9266.7236328125
21364,5357.95654296875
21365,3692.120849609375
21366,6541.15380859375
21367,4988.68408203125
21368,7571.51611328125
21369,9303.927734375
21370,5476.6142578125
21371,3624.302734375
21372,5796.884765625
21373,7083.52001953125
21374,9400.1591796875
21375,3914.185791015625
21376,4882.81640625
21377,5137.41455078125
21378,5665.2431640625
21379,4093.837158203125
21380,7925.1240234375
21381,8481.4384765625
21382,10235.111328125
21383,3762.16748046875
21384,6308.2236328125
21385,8546.2333984375
21386,10319.8681640625
21387,4177.4462890625
21388,7837.9716796875
21389,5626.515625
21390,4463.67578125
21391,4241.0986328125
21392,5554.8310546875
21393,5388.38525390625
21394,4453.92724609375
21395,5055.1435546875
21396,4925.45556640625
21397,7673.60107421875
21398,6554.45458984375
21399,21703.75
21400,5092.818359375
21401,0.0
21402,0.0
21403,0.0
21404,0.0
21405,0.0
21406,0.0
21407,0.0
21408,0.0
21409,0.0
21410,0.0
21411,0.0
21412,0.0
21413,0.0
21414,0.0
21415,0.0
21416,0.0
21417,0.0
21418,0.0
21419,0.0
21420,0.0
21421,0.0
21422,0.0
21423,0.0
21424,0.0
21425,0.0
21426,0.0
21427,0.0
21428,0.0
21429,0.0
21430,0.0
21431,0.0
21432,0.0
21433,0.0
21434,0.0
21435,0.0
21436,0.0
21437,0.0
21438,0.0
21439,0.0
21440,0.0
21441,0.0
21442,0.0
21443,0.0
21444,0.0
21445,0.0
21446,0.0
21447,0.0
21448,0.0
21449,0.0
21450,0.0
21451,0.0
21452,0.0
21453,0.0
21454,0.0
21455,0.0
21456,0.0
21457,0.0
21458,0.0
21459,0.0
21460,0.0
21461,0.0
21462,0.0
21463,0.0
21464,0.0
21465,0.0
21466,0.0
21467,0.0
21468,0.0
21469,0.0
21470,0.0
21471,0.0
21472,0.0
21473,0.0
21474,0.0
21475,0.0
21476,0.0
21477,0.0
21478,0.0
21479,0.0
21480,0.0
21481,0.0
21482,0.0
21483,0.0
21484,0.0
21485,0.0
21486,0.0
21487,0.0
21488,0.0
21489,0.0
21490,0.0
21491,0.0
21492,4527.0576171875
21493,0.0
21494,0.0
21495,0.0
21496,0.0
21497,0.0
21498,0.0
21499,0.0
21500,0.0
21501,0.0
21502,0.0
21503,0.0
21504,0.0
21505,0.0
21506,0.0
21507,0.0
21508,0.0
21509,0.0
21510,0.0
21511,0.0
21512,0.0
21513,0.0
21514,0.0
21515,0.0
21516,0.0
21517,0.0
21518,0.0
21519,0.0
21520,0.0
21521,0.0
21522,0.0
21523,0.0
21524,0.0
21525,0.0
21526,0.0
21527,0.0
21528,0.0
21529,0.0
21530,0.0
21531,0.0
21532,0.0
21533,0.0
21534,0.0
21535,0.0
21536,0.0
21537,0.0
21538,0.0
21539,0.0
21540,0.0
21541,0.0
21542,0.0
21543,0.0
21544,0.0
21545,0.0
21546,0.0
21547,0.0
21548,0.0
21549,0.0
21550,0.0
21551,0.0
21552,0.0
21553,0.0
21554,0.0
21555,0.0
21556,0.0
21557,0.0
21558,0.0
21559,0.0
21560,3271.606201171875
21561,0.0
21562,0.0
21563,0.0
21564,0.0
21565,0.0
21566,0.0
21567,0.0
21568,0.0
21569,0.0
21570,0.0
21571,0.0
21572,0.0
21573,0.0
21574,0.0
21575,0.0
21576,0.0
21577,0.0
21578,0.0
21579,0.0
21580,0.0
21581,0.0
21582,0.0
21583,0.0
21584,0.0
21585,0.0
21586,0.0
21587,0.0
21588,0.0
21589,0.0
21590,0.0
21591,0.0
21592,0.0
21593,0.0
21594,0.0
21595,0.0
21596,0.0
21597,0.0
21598,0.0
21599,0.0
21600,0.0
21601,16910.119140625
21602,30949.169921875
21603,0.0
21604,0.0
21605,0.0
21606,0.0
21607,0.0
21608,0.0
21609,0.0
21610,7660.8671875
21611,0.0
21612,0.0
21613,0.0
21614,0.0
21615,0.0
21616,0.0
21617,0.0
21618,0.0
21619,0.0
21620,0.0
21621,0.0
21622,0.0
21623,0.0
21624,0.0
21625,0.0
21626,0.0
21627,0.0
21628,0.0
21629,5824.6494140625
21630,0.0
21631,0.0
21632,0.0
21633,0.0
21634,0.0
21635,0.0
21636,0.0
21637,0.0
21638,0.0
21639,3266.996337890625
21640,0.0
21641,0.0
21642,0.0
21643,0.0
21644,0.0
21645,0.0
21646,0.0
21647,0.0
21648,0.0
21649,0.0
21650,0.0
21651,0.0
21652,0.0
21653,0.0
21654,0.0
21655,0.0
21656,0.0
21657,7911.9326171875
21658,0.0
21659,0.0
21660,0.0
21661,0.0
21662,0.0
21663,0.0
21664,0.0
21665,0.0
21666,0.0
21667,0.0
21668,0.0
21669,0.0
21670,0.0
21671,0.0
21672,0.0
21673,0.0
21674,8367.7080078125
21675,0.0
21676,0.0
21677,0.0
21678,0.0
21679,0.0
21680,0.0
21681,0.0
21682,0.0
21683,0.0
21684,0.0
21685,0.0
21686,0.0
21687,0.0
21688,0.0
21689,0.0
21690,0.0
21691,0.0
21692,0.0
21693,0.0
21694,0.0
21695,0.0
21696,0.0
21697,0.0
21698,0.0
21699,0.0
21700,0.0
21701,0.0
21702,0.0
21703,0.0
21704,0.0
21705,0.0
21706,0.0
21707,0.0
21708,0.0
21709,0.0
21710,0.0
21711,0.0
21712,0.0
21713,0.0
21714,0.0
21715,0.0
21716,0.0
21717,0.0
21718,0.0
21719,0.0
21720,0.0
21721,0.0
21722,0.0
21723,0.0
21724,0.0
21725,0.0
21726,0.0
21727,0.0
21728,0.0
21729,0.0
21730,0.0
21731,0.0
21732,0.0
21733,0.0
21734,0.0
21735,0.0
21736,1816.89111328125
21737,0.0
21738,0.0
21739,0.0
21740,0.0
21741,0.0
21742,0.0
21743,0.0
21744,0.0
21745,0.0
21746,0.0
21747,0.0
21748,0.0
21749,0.0
21750,6441.8388671875
21751,0.0
21752,0.0
21753,0.0
21754,0.0
21755,0.0
21756,0.0
21757,0.0
21758,0.0
21759,0.0
21760,0.0
21761,0.0
21762,0.0
21763,0.0
21764,0.0
21765,0.0
21766,0.0
21767,0.0
21768,0.0
21769,0.0
21770,0.0
21771,0.0
21772,0.0
21773,0.0
21774,0.0
21775,0.0
21776,0.0
21777,0.0
21778,0.0
21779,0.0
21780,0.0
21781,0.0
21782,0.0
21783,0.0
21784,0.0
21785,0.0
21786,0.0
21787,0.0
21788,0.0
21789,0.0
21790,0.0
21791,0.0
21792,0.0
21793,8061.54541015625
21794,0.0
21795,0.0
21796,0.0
21797,0.0
21798,0.0
21799,0.0
21800,0.0
21801,0.0
21802,0.0
21803,2677.3681640625
21804,0.0
21805,0.0
21806,0.0
21807,6306.37451171875
21808,0.0
21809,0.0
21810,0.0
21811,0.0
21812,0.0
21813,0.0
21814,0.0
21815,0.0
21816,0.0
21817,0.0
21818,0.0
21819,0.0
21820,0.0
21821,0.0
21822,0.0
21823,0.0
21824,0.0
21825,0.0
21826,0.0
21827,0.0
21828,0.0
21829,0.0
21830,0.0
21831,0.0
21832,0.0
21833,0.0
21834,19692.048828125
21835,0.0
21836,0.0
21837,0.0
21838,0.0
21839,0.0
21840,0.0
21841,0.0
21842,0.0
21843,0.0
21844,0.0
21845,0.0
21846,0.0
21847,0.0
21848,5952.05615234375
21849,0.0
21850,0.0
21851,0.0
21852,0.0
21853,0.0
21854,0.0
21855,0.0
21856,0.0
21857,0.0
21858,0.0
21859,0.0
21860,0.0
21861,0.0
21862,0.0
21863,0.0
21864,0.0
21865,0.0
21866,0.0
21867,0.0
21868,0.0
21869,0.0
21870,0.0
21871,0.0
21872,0.0
21873,0.0
21874,0.0
21875,0.0
21876,0.0
21877,0.0
21878,0.0
21879,0.0
21880,0.0
21881,0.0
21882,0.0
21883,0.0
21884,0.0
21885,0.0
21886,0.0
21887,0.0
21888,0.0
21889,0.0
21890,0.0
21891,0.0
21892,0.0
21893,0.0
21894,0.0
21895,0.0
21896,0.0
21897,0.0
21898,0.0
21899,0.0
21900,0.0
21901,0.0
21902,0.0
21903,0.0
21904,0.0
21905,0.0
21906,0.0
21907,0.0
21908,0.0
21909,0.0
21910,0.0
21911,0.0
21912,0.0
21913,0.0
21914,0.0
21915,0.0
21916,0.0
21917,0.0
21918,0.0
21919,0.0
21920,0.0
21921,0.0
21922,0.0
21923,12456.2412109375
21924,0.0
21925,0.0
21926,0.0
21927,0.0
21928,0.0
21929,0.0
21930,0.0
21931,0.0
21932,0.0
21933,0.0
21934,0.0
21935,0.0
21936,0.0
21937,0.0
21938,0.0
21939,0.0
21940,0.0
21941,0.0
21942,0.0
21943,0.0
21944,0.0
21945,0.0
21946,0.0
21947,0.0
21948,0.0
21949,0.0
21950,0.0
21951,0.0
21952,0.0
21953,0.0
21954,0.0
21955,0.0
21956,0.0
21957,0.0
21958,0.0
21959,0.0
21960,0.0
21961,0.0
21962,0.0
21963,0.0
21964,0.0
21965,0.0
21966,0.0
21967,4616.728515625
21968,16517.36328125
21969,0.0
21970,0.0
21971,0.0
21972,0.0
21973,0.0
21974,0.0
21975,0.0
21976,0.0
21977,0.0
21978,0.0
21979,0.0
21980,0.0
21981,0.0
21982,0.0
21983,0.0
21984,0.0
21985,0.0
21986,0.0
21987,0.0
21988,0.0
21989,0.0
21990,0.0
21991,0.0
21992,0.0
21993,0.0
21994,0.0
21995,0.0
21996,11394.154296875
21997,0.0
21998,0.0
21999,0.0
22000,0.0
22001,0.0
22002,0.0
22003,0.0
22004,0.0
22005,0.0
22006,0.0
22007,0.0
22008,0.0
22009,0.0
22010,0.0
22011,0.0
22012,0.0
22013,0.0
22014,0.0
22015,0.0
22016,0.0
22017,0.0
22018,0.0
22019,0.0
22020,0.0
22021,0.0
22022,0.0
22023,0.0
22024,0.0
22025,0.0
22026,0.0
22027,0.0
22028,0.0
22029,0.0
22030,0.0
22031,0.0
22032,0.0
22033,0.0
22034,0.0
22035,0.0
22036,0.0
22037,0.0
22038,0.0
22039,0.0
22040,0.0
22041,0.0
22042,0.0
22043,0.0
22044,0.0
22045,0.0
22046,0.0
22047,0.0
22048,0.0
22049,0.0
22050,0.0
22051,0.0
22052,0.0
22053,0.0
22054,0.0
22055,0.0
22056,0.0
22057,0.0
22058,0.0
22059,0.0
22060,0.0
22061,0.0
22062,0.0
22063,0.0
22064,0.0
22065,0.0
22066,3061.00146484375
22067,0.0
22068,0.0
22069,0.0
22070,2440.817626953125
22071,0.0
22072,0.0
22073,0.0
22074,0.0
22075,0.0
22076,0.0
22077,0.0
22078,0.0
22079,0.0
22080,0.0
22081,0.0
22082,0.0
22083,0.0
22084,0.0
22085,0.0
22086,0.0
22087,0.0
22088,0.0
22089,0.0
22090,0.0
22091,0.0
22092,0.0
22093,0.0
22094,0.0
22095,0.0
22096,0.0
22097,0.0
22098,0.0
22099,0.0
22100,0.0
22101,0.0
22102,0.0
22103,0.0
22104,0.0
22105,0.0
22106,0.0
22107,0.0
22108,0.0
22109,0.0
22110,0.0
22111,0.0
22112,0.0
22113,0.0
22114,0.0
22115,0.0
22116,0.0
22117,0.0
22118,0.0
22119,0.0
22120,0.0
22121,4664.76904296875
22122,0.0
22123,0.0
22124,0.0
22125,0.0
22126,0.0
22127,0.0
22128,0.0
22129,0.0
22130,0.0
22131,0.0
22132,0.0
22133,0.0
22134,0.0
22135,0.0
22136,11174.6875
22137,0.0
22138,0.0
22139,0.0
22140,0.0
22141,0.0
22142,0.0
22143,0.0
22144,0.0
22145,0.0
22146,0.0
22147,0.0
22148,0.0
22149,0.0
22150,0.0
22151,0.0
22152,0.0
22153,0.0
22154,0.0
22155,0.0
22156,0.0
22157,0.0
22158,0.0
22159,0.0
22160,0.0
22161,0.0
22162,0.0
22163,0.0
22164,0.0
22165,0.0
22166,0.0
22167,0.0
22168,0.0
22169,0.0
22170,0.0
22171,0.0
22172,0.0
22173,0.0
22174,0.0
22175,0.0
22176,0.0
22177,0.0
22178,0.0
22179,0.0
22180,0.0
22181,0.0
22182,0.0
22183,0.0
22184,0.0
22185,0.0
22186,0.0
22187,0.0
22188,0.0
22189,0.0
22190,0.0
22191,0.0
22192,0.0
22193,0.0
22194,0.0
22195,0.0
22196,0.0
22197,0.0
22198,0.0
22199,0.0
22200,5650.640625
22201,0.0
22202,0.0
22203,0.0
22204,0.0
22205,0.0
22206,0.0
22207,0.0
22208,0.0
22209,0.0
22210,0.0
22211,0.0
22212,0.0
22213,0.0
22214,0.0
22215,0.0
22216,0.0
22217,0.0
22218,0.0
22219,0.0
22220,0.0
22221,0.0
22222,0.0
22223,0.0
22224,0.0
22225,0.0
22226,0.0
22227,0.0
22228,0.0
22229,0.0
22230,0.0
22231,0.0
22232,0.0
22233,0.0
22234,0.0
22235,0.0
22236,0.0
22237,0.0
22238,0.0
22239,0.0
22240,0.0
22241,13218.244140625
22242,7196.53759765625
22243,0.0
22244,0.0
22245,0.0
22246,0.0
22247,0.0
22248,0.0
22249,0.0
22250,0.0
22251,0.0
22252,0.0
22253,0.0
22254,0.0
22255,0.0
22256,0.0
22257,3505.80322265625
22258,2597.7177734375
22259,6507.30078125
22260,3096.49169921875
22261,5324.9638671875
22262,4226.89306640625
22263,5508.087890625
22264,5381.06591796875
22265,3429.505859375
22266,3054.69384765625
22267,5632.09912109375
22268,4335.4521484375
22269,3878.822021484375
22270,6481.63427734375
22271,6190.7548828125
22272,2921.489013671875
22273,4358.619140625
22274,6141.03076171875
22275,8034.26904296875
22276,5305.74853515625
22277,7000.97802734375
22278,2858.27490234375
22279,6102.5556640625
22280,2083.933837890625
22281,8153.5458984375
22282,6588.869140625
22283,7975.85546875
22284,5750.265625
22285,3016.651123046875
22286,4472.48291015625
22287,5911.16796875
22288,7580.6162109375
22289,3380.82470703125
22290,5030.2763671875
22291,4384.375
22292,5463.30908203125
22293,2184.695556640625
22294,6858.03955078125
22295,4529.8271484375
22296,7700.296875
22297,6143.3486328125
22298,3684.5791015625
22299,7258.8359375
22300,5900.08984375
22301,5799.201171875
22302,3328.515625
22303,7181.53466796875
22304,9861.845703125
22305,5303.85888671875
22306,5836.59765625
22307,7508.41943359375
22308,6885.22509765625
22309,5023.3447265625
22310,3681.418212890625
22311,1842.375732421875
22312,2711.873046875
22313,4030.197265625
22314,6286.6875
22315,7543.57861328125
22316,6387.30908203125
22317,3816.552490234375
22318,7781.2490234375
22319,6808.2216796875
22320,4758.734375
22321,2634.60205078125
22322,9384.189453125
22323,2481.79638671875
22324,3950.453125
22325,6417.4130859375
22326,3069.0498046875
22327,5067.6923828125
22328,2706.16748046875
22329,5689.92333984375
22330,4820.1015625
22331,4570.06640625
22332,7429.7021484375
22333,6961.48779296875
22334,4190.0869140625
22335,3671.859619140625
22336,6763.65478515625
22337,11479.2109375
22338,5382.4892578125
22339,3500.19677734375
22340,5713.07470703125
22341,5185.8037109375
22342,6015.93310546875
22343,9427.0810546875
22344,1809.729248046875
22345,7735.2578125
22346,5403.8134765625
22347,4995.30615234375
22348,6939.6962890625
22349,2146.466796875
22350,4010.00439453125
22351,4950.94287109375
22352,7281.05029296875
22353,6523.171875
22354,3198.1337890625
22355,3914.015625
22356,6997.3076171875
22357,6152.84033203125
22358,5350.88037109375
22359,3207.89892578125
22360,4054.11767578125
22361,5276.63427734375
22362,4264.7236328125
22363,2580.3369140625
22364,4520.248046875
22365,6137.98974609375
22366,6219.4765625
22367,6794.74365234375
22368,7387.10595703125
22369,3724.635498046875
22370,6743.71826171875
22371,2554.837890625
22372,3189.781494140625
22373,7090.83642578125
22374,6538.08251953125
22375,6549.77490234375
22376,9099.5234375
22377,6779.13671875
22378,4738.50244140625
22379,5172.5478515625
22380,6362.546875
22381,3227.275146484375
22382,2422.26953125
22383,6020.74365234375
22384,4161.42626953125
22385,4927.92626953125
22386,2342.93896484375
22387,4915.7998046875
22388,5467.20849609375
22389,5767.294921875
22390,5654.517578125
22391,2303.455810546875
22392,5607.18994140625
22393,6625.37451171875
22394,3254.578125
22395,5043.62451171875
22396,3050.83984375
22397,5226.52001953125
22398,2409.047607421875
22399,4115.82080078125
22400,4684.35791015625
22401,6953.59765625
22402,5413.8388671875
22403,5916.9755859375
22404,12525.1455078125
22405,3862.1806640625
22406,4728.48486328125
22407,9563.099609375
22408,5154.0234375
22409,7998.9267578125
22410,4959.46142578125
22411,4869.11865234375
22412,6382.01806640625
22413,4000.534423828125
22414,4583.6845703125
22415,7455.49365234375
22416,4970.5185546875
22417,3580.99560546875
22418,2974.8740234375
22419,6765.3681640625
22420,7531.8154296875
22421,6123.5341796875
22422,6044.3291015625
22423,3874.3837890625
22424,2309.37353515625
22425,1517.8909912109375
22426,3262.646484375
22427,5657.765625
22428,7043.05712890625
22429,4458.82666015625
22430,5011.58837890625
22431,8083.67626953125
22432,7603.70263671875
22433,6764.3876953125
22434,5020.0576171875
22435,7643.98291015625
22436,7744.49755859375
22437,2849.231689453125
22438,4562.54052734375
22439,5221.71630859375
22440,6281.6005859375
22441,3183.62646484375
22442,4599.40673828125
22443,3516.628662109375
22444,7873.546875
22445,5497.9345703125
22446,6313.43017578125
22447,6617.310546875
22448,4594.99658203125
22449,8183.20849609375
22450,16499.296875
22451,7648.873046875
22452,4108.29736328125
22453,3269.598876953125
22454,7004.6015625
22455,6402.7470703125
22456,4068.825927734375
22457,8263.015625
22458,17802.599609375
22459,5482.390625
22460,2812.16943359375
22461,9335.107421875
22462,2244.174560546875
22463,5585.1669921875
22464,3327.765625
22465,5720.29638671875
22466,4446.75537109375
22467,6527.40185546875
22468,4800.8544921875
22469,4920.94287109375
22470,8616.0986328125
22471,6390.4599609375
22472,5511.640625
22473,5850.11865234375
22474,5106.8818359375
22475,5770.3857421875
22476,8754.693359375
22477,4328.43212890625
22478,5066.66552734375
22479,3613.232666015625
22480,2359.0732421875
22481,5508.24755859375
22482,4629.72802734375
22483,4372.9375
22484,7651.99072265625
22485,9461.77734375
22486,6823.3349609375
22487,4673.4912109375
22488,3503.603271484375
22489,3329.573486328125
22490,3855.929931640625
22491,5921.67578125
22492,2072.3671875
22493,5099.77197265625
22494,4688.935546875
22495,7138.0654296875
22496,4848.578125
22497,4033.479736328125
22498,3131.32666015625
22499,3031.793701171875
22500,7946.267578125
22501,5369.474609375
22502,5252.19677734375
22503,10742.369140625
22504,7729.322265625
22505,5034.35107421875
22506,5956.8115234375
22507,2289.21826171875
22508,3654.49658203125
22509,3914.58984375
22510,3766.711669921875
22511,8760.466796875
22512,4865.80224609375
22513,8573.3359375
22514,9436.0087890625
22515,5557.6201171875
22516,4471.31298828125
22517,5202.23095703125
22518,4989.24072265625
22519,4184.91455078125
22520,10385.453125
22521,5726.146484375
22522,7342.5703125
22523,3452.625732421875
22524,5566.45166015625
22525,6945.5849609375
22526,7316.26708984375
22527,6273.82666015625
22528,5150.57568359375
22529,6145.19384765625
22530,5133.77099609375
22531,7933.8642578125
22532,6608.5380859375
22533,7225.29443359375
22534,7365.373046875
22535,6689.38037109375
22536,7610.12646484375
22537,3386.830810546875
22538,4921.01953125
22539,5115.63623046875
22540,8197.6982421875
22541,6400.994140625
22542,6514.29638671875
22543,6095.8955078125
22544,6986.18994140625
22545,5245.970703125
22546,6801.44140625
22547,6412.58984375
22548,2808.44677734375
22549,10632.2392578125
22550,14983.9169921875
22551,6753.3349609375
22552,6988.45849609375
22553,6883.337890625
22554,7324.0146484375
22555,7826.29931640625
22556,3382.428955078125
22557,4103.88623046875
22558,5208.75732421875
22559,7001.888671875
22560,2248.828369140625
22561,4586.88916015625
22562,5012.09716796875
22563,4493.33935546875
22564,3873.061279296875
22565,3331.98486328125
22566,2838.883056640625
22567,7311.1513671875
22568,4024.463623046875
22569,4220.064453125
22570,5125.57080078125
22571,4381.9921875
22572,8207.517578125
22573,11511.25
22574,6384.41162109375
22575,7577.34814453125
22576,5570.4638671875
22577,8984.0673828125
22578,4322.84130859375
22579,2828.00537109375
22580,5697.4140625
22581,13379.6435546875
22582,4255.97900390625
22583,6481.81396484375
22584,2241.0361328125
22585,3373.6923828125
22586,6154.03125
22587,5886.751953125
22588,4980.75244140625
22589,8796.865234375
22590,8487.8173828125
22591,6941.7001953125
22592,4527.48779296875
22593,7930.18115234375
22594,1760.4427490234375
22595,3128.359130859375
22596,6045.5859375
22597,4174.744140625
22598,10059.021484375
22599,1899.4910888671875
22600,5026.798828125
22601,5179.765625
22602,7483.849609375
22603,8246.25
22604,4196.9609375
22605,3470.9716796875
22606,9232.9619140625
22607,9125.8525390625
22608,3658.92333984375
22609,5303.9931640625
22610,8045.79736328125
22611,5962.41748046875
22612,5604.3583984375
22613,3275.7216796875
22614,7021.93115234375
22615,3830.3056640625
22616,10972.5986328125
22617,8386.837890625
22618,15209.33203125
22619,6077.619140625
22620,4192.1240234375
22621,2461.131103515625
22622,5900.1484375
22623,5849.046875
22624,4597.20849609375
22625,8967.0087890625
22626,5683.404296875
22627,2356.197021484375
22628,6872.33935546875
22629,4251.66845703125
22630,7089.29638671875
22631,6852.78564453125
22632,5970.27197265625
22633,7424.9228515625
22634,4124.01953125
22635,6413.9443359375
22636,5501.47998046875
22637,4961.75537109375
22638,6477.3955078125
22639,3397.2900390625
22640,9296.736328125
22641,5213.4873046875
22642,3291.1123046875
22643,3380.4736328125
22644,7239.37548828125
22645,5591.36572265625
22646,4363.60986328125
22647,5083.353515625
22648,5457.51025390625
22649,4971.900390625
22650,5273.24560546875
22651,8187.2412109375
22652,4419.59765625
22653,3007.896484375
22654,5325.50634765625
22655,5249.1650390625
22656,3324.03857421875
22657,4762.52392578125
22658,7739.0478515625
22659,6812.89404296875
22660,8985.9521484375
22661,8567.55078125
22662,8163.84375
22663,6709.90576171875
22664,4234.69580078125
22665,9942.5244140625
22666,7701.10791015625
22667,6057.162109375
22668,4611.04931640625
22669,4515.65576171875
22670,4242.06689453125
22671,2614.0869140625
22672,8010.10986328125
22673,7049.1181640625
22674,5476.60009765625
22675,4013.203125
22676,1239.823486328125
22677,6697.248046875
22678,6176.64306640625
22679,6082.34423828125
22680,3899.601318359375
22681,4223.17578125
22682,5088.40869140625
22683,3728.74267578125
22684,8522.9599609375
22685,5246.5322265625
22686,4617.7509765625
22687,2997.688720703125
22688,3324.8798828125
22689,4498.48681640625
22690,12041.99609375
22691,3841.8994140625
22692,5424.40625
22693,4752.5341796875
22694,3283.518310546875
22695,2595.88671875
22696,5580.25439453125
22697,2373.631103515625
22698,9260.3330078125
22699,5902.19970703125
22700,2343.494384765625
22701,7523.88671875
22702,1514.269287109375
22703,4009.517333984375
22704,7963.96533203125
22705,6453.01171875
22706,8005.111328125
22707,1986.94677734375
22708,4119.31103515625
22709,4334.47705078125
22710,3674.837646484375
22711,13737.9345703125
22712,10538.048828125
22713,5540.34130859375
22714,2978.10791015625
22715,5807.9248046875
22716,4399.00146484375
22717,2362.16357421875
22718,7662.84375
22719,4000.4619140625
22720,6088.0625
22721,6501.31005859375
22722,4344.67919921875
22723,4548.86669921875
22724,5127.619140625
22725,5697.423828125
22726,6800.3505859375
22727,2699.754150390625
22728,5024.8310546875
22729,6666.04150390625
22730,7151.857421875
22731,5137.4716796875
22732,6563.43603515625
22733,1983.9169921875
22734,8312.23828125
22735,4712.80859375
22736,3167.53125
22737,3320.951171875
22738,3950.578857421875
22739,4196.80712890625
22740,6893.2236328125
22741,3376.503662109375
22742,5778.4951171875
22743,5025.1474609375
22744,6688.32763671875
22745,7598.23388671875
22746,6106.33154296875
22747,6645.62939453125
22748,5364.3310546875
22749,2287.217529296875
22750,10280.9345703125
22751,4189.1845703125
22752,3548.2080078125
22753,5886.94580078125
22754,10159.931640625
22755,10140.2958984375
22756,4048.67333984375
22757,4467.384765625
22758,5699.66650390625
22759,6476.1201171875
22760,4224.474609375
22761,7525.1826171875
22762,2624.56982421875
22763,3840.40673828125
22764,3404.082763671875
22765,3428.657958984375
22766,2733.368896484375
22767,6506.96337890625
22768,5045.15966796875
22769,5816.06884765625
22770,3890.449462890625
22771,7402.77490234375
22772,7741.58984375
22773,4804.0029296875
22774,4598.771484375
22775,5388.5517578125
22776,6623.16259765625
22777,4119.37451171875
22778,1432.236572265625
22779,5923.90576171875
22780,5964.11669921875
22781,4461.001953125
22782,5709.58056640625
22783,3250.7099609375
22784,7675.85205078125
22785,2420.572998046875
22786,9004.3466796875
22787,4382.21630859375
22788,4231.25390625
22789,7180.556640625
22790,3972.749267578125
22791,3847.833251953125
22792,7436.5625
22793,2299.21533203125
22794,7153.00244140625
22795,8690.37890625
22796,5860.75439453125
22797,2147.923095703125
22798,4645.36328125
22799,3572.807373046875
22800,2223.534912109375
22801,3930.035888671875
22802,5240.826171875
22803,4272.4541015625
22804,4593.6767578125
22805,5297.1513671875
22806,4266.00634765625
22807,7589.37109375
22808,4967.15771484375
22809,5637.18359375
22810,3605.0166015625
22811,4722.56787109375
22812,5718.744140625
22813,6545.0068359375
22814,7976.1259765625
22815,6671.65478515625
22816,7540.81005859375
22817,5250.4150390625
22818,5012.28466796875
22819,2911.039306640625
22820,4984.6103515625
22821,7053.71533203125
22822,5776.060546875
22823,7250.62646484375
22824,13180.744140625
22825,3203.57666015625
22826,4770.2685546875
22827,3390.909912109375
22828,7794.4228515625
22829,9701.6943359375
22830,6537.0478515625
22831,6414.3544921875
22832,7235.72216796875
22833,6294.96044921875
22834,6101.63671875
22835,4953.39697265625
22836,2933.06298828125
22837,4317.9814453125
22838,3017.782470703125
22839,3071.557373046875
22840,6027.2392578125
22841,17493.111328125
22842,5595.7783203125
22843,3295.96875
22844,4173.7939453125
22845,4513.6669921875
22846,5730.79931640625
22847,1595.9315185546875
22848,6258.91357421875
22849,6944.86083984375
22850,3804.225830078125
22851,10235.0947265625
22852,10521.7763671875
22853,6025.705078125
22854,4356.294921875
22855,3947.14697265625
22856,3229.39404296875
22857,5324.70947265625
22858,8013.3291015625
22859,3751.037109375
22860,4433.0283203125
22861,2715.66357421875
22862,4760.61181640625
22863,4238.07373046875
22864,7773.451171875
22865,3183.152587890625
22866,8372.2158203125
22867,5938.40185546875
22868,4227.57080078125
22869,3521.702392578125
22870,3128.9619140625
22871,4925.7890625
22872,3795.220947265625
22873,9142.3994140625
22874,4032.210205078125
22875,3826.200927734375
22876,6484.56884765625
22877,4877.68017578125
22878,5998.12890625
22879,3953.664794921875
22880,5482.462890625
22881,8246.908203125
22882,5637.07763671875
22883,5862.23583984375
22884,5211.65576171875
22885,4961.6640625
22886,5122.69384765625
22887,3525.731201171875
22888,3949.970947265625
22889,4900.75390625
22890,10722.341796875
22891,7623.9140625
22892,5284.3017578125
22893,5201.755859375
22894,4914.57470703125
22895,5909.18359375
22896,4989.7900390625
22897,7946.1650390625
22898,6325.66796875
22899,5060.8427734375
22900,2894.64599609375
22901,3454.39013671875
22902,3519.812255859375
22903,20297.361328125
22904,1463.509521484375
22905,4949.6015625
22906,5909.84033203125
22907,6161.15966796875
22908,6298.31005859375
22909,7879.3759765625
22910,5298.92529296875
22911,6421.08203125
22912,3290.075439453125
22913,7655.7109375
22914,4121.97802734375
22915,5782.89697265625
22916,7303.826171875
22917,3980.696533203125
22918,7830.60888671875
22919,5939.50537109375
22920,3307.661376953125
22921,5226.26806640625
22922,6682.2724609375
22923,2584.298095703125
22924,8644.3984375
22925,5929.2548828125
22926,5291.58544921875
22927,8527.587890625
22928,7484.4365234375
22929,5107.5068359375
22930,4032.55517578125
22931,3634.396728515625
22932,5239.97021484375
22933,3348.874755859375
22934,5684.1826171875
22935,2292.168212890625
22936,4722.4404296875
22937,2536.943359375
22938,5761.81005859375
22939,5021.7734375
22940,4206.572265625
22941,5127.05029296875
22942,7054.693359375
22943,5064.66650390625
22944,6321.71240234375
22945,5344.6513671875
22946,5296.75244140625
22947,8915.70703125
22948,7441.27099609375
22949,4094.8837890625
22950,4683.6474609375
22951,5679.5234375
22952,3211.251953125
22953,12308.6650390625
22954,5888.10009765625
22955,6398.302734375
22956,8227.44921875
22957,6323.73876953125
22958,2241.1455078125
22959,14707.8935546875
22960,8130.06982421875
22961,6592.17578125
22962,7150.08984375
22963,6318.53662109375
22964,7765.9501953125
22965,5498.6396484375
22966,3317.5634765625
22967,2879.769287109375
22968,4521.9306640625
22969,6549.74853515625
22970,2244.41845703125
22971,7540.08642578125
22972,6263.46923828125
22973,4038.220947265625
22974,6471.001953125
22975,5116.22021484375
22976,6372.96240234375
22977,4559.3896484375
22978,4353.48486328125
22979,4256.0478515625
22980,3458.656494140625
22981,6290.826171875
22982,5574.275390625
22983,6728.47802734375
22984,5648.99169921875
22985,4265.67138671875
22986,5513.87646484375
22987,6646.95703125
22988,6508.1669921875
22989,3122.5625
22990,2927.91650390625
22991,8492.8173828125
22992,5903.48974609375
22993,3910.858642578125
22994,7180.14404296875
22995,6433.3583984375
22996,4932.67529296875
22997,5044.32177734375
22998,1666.5201416015625
22999,5838.10546875
23000,5597.08642578125
23001,4475.93994140625
23002,8016.0029296875
23003,6169.1962890625
23004,3622.074951171875
23005,5473.47314453125
23006,3057.660400390625
23007,1057.9581298828125
23008,5239.36572265625
23009,7018.6533203125
23010,5386.78662109375
23011,3951.73046875
23012,2305.6943359375
23013,3818.2763671875
23014,5854.07666015625
23015,5383.58740234375
23016,8023.84716796875
23017,3182.76171875
23018,4271.40087890625
23019,2658.062744140625
23020,6216.8779296875
23021,2815.028076171875
23022,2203.927734375
23023,4062.486328125
23024,3182.329833984375
23025,6178.03125
23026,4625.52099609375
23027,4986.0205078125
23028,4895.77001953125
23029,7315.87744140625
23030,5164.71484375
23031,4184.17138671875
23032,9399.529296875
23033,6906.46142578125
23034,5965.67822265625
23035,2843.578125
23036,4506.24462890625
23037,5198.17529296875
23038,3822.639892578125
23039,7831.9013671875
23040,7459.13427734375
23041,6159.1044921875
23042,6154.32763671875
23043,5029.23828125
23044,5947.45458984375
23045,10805.2236328125
23046,3045.160400390625
23047,3801.17431640625
23048,4830.166015625
23049,4876.6240234375
23050,5187.5908203125
23051,7435.05029296875
23052,4983.67822265625
23053,4997.78759765625
23054,2237.279296875
23055,5834.92236328125
23056,7736.49169921875
23057,2790.275634765625
23058,6481.83984375
23059,3005.310302734375
23060,5056.1826171875
23061,5344.412109375
23062,4758.37939453125
23063,4162.455078125
23064,4182.6650390625
23065,4679.4228515625
23066,6664.20458984375
23067,4351.31103515625
23068,7696.3876953125
23069,5415.12353515625
23070,8104.32470703125
23071,5242.40966796875
23072,3440.480224609375
23073,7868.2978515625
23074,2495.27294921875
23075,8066.63232421875
23076,6039.7373046875
23077,4398.53076171875
23078,6378.13720703125
23079,4167.7392578125
23080,4563.083984375
23081,6685.71728515625
23082,3398.107421875
23083,2365.4775390625
23084,5248.7236328125
23085,5818.18798828125
23086,9134.013671875
23087,5255.44873046875
23088,4317.70703125
23089,3163.786376953125
23090,5620.30615234375
23091,2533.97412109375
23092,8188.0263671875
23093,7349.11083984375
23094,9468.544921875
23095,5261.57373046875
23096,4661.99267578125
23097,7684.19189453125
23098,8505.4951171875
23099,2562.600830078125
23100,7626.9365234375
23101,5798.16015625
23102,5760.7373046875
23103,4735.90869140625
23104,4863.55419921875
23105,3281.183349609375
23106,5374.62890625
23107,3177.15380859375
23108,2988.52978515625
23109,7484.58935546875
23110,5918.6123046875
23111,22410.615234375
23112,6133.86376953125
23113,3991.784912109375
23114,6622.42529296875
23115,11186.3583984375
23116,5995.72021484375
23117,6516.255859375
23118,5665.2763671875
23119,7937.83056640625
23120,7227.29833984375
23121,5858.826171875
23122,5822.49658203125
23123,7534.12841796875
23124,7539.2373046875
23125,6846.14404296875
23126,7997.68359375
23127,6664.654296875
23128,4912.39306640625
23129,7120.67919921875
23130,9656.6943359375
23131,9476.974609375
23132,9635.7734375
23133,7619.2470703125
23134,4721.25634765625
23135,5773.654296875
23136,4091.927490234375
23137,8704.3564453125
23138,9712.7939453125
23139,8457.5439453125
23140,5646.81884765625
23141,5081.986328125
23142,5006.35546875
23143,6027.61474609375
23144,10509.1923828125
23145,6497.88134765625
23146,4890.95068359375
23147,6965.40869140625
23148,7133.15087890625
23149,3723.240966796875
23150,6920.8701171875
23151,4933.07275390625
23152,7596.2685546875
23153,6754.8037109375
23154,5687.875
23155,7533.76904296875
23156,6761.2646484375
23157,4115.4140625
23158,6247.22216796875
23159,7408.36181640625
23160,12044.087890625
23161,6324.70166015625
23162,7196.5517578125
23163,7339.6611328125
23164,9293.775390625
23165,6610.94384765625
23166,8852.9638671875
23167,4639.64794921875
23168,4694.4677734375
23169,5263.7138671875
23170,6131.86572265625
23171,9380.73828125
23172,7818.8271484375
23173,5372.03857421875
23174,7370.42431640625
23175,7485.20263671875
23176,10145.7333984375
23177,3815.150146484375
23178,12507.1103515625
23179,4497.9697265625
23180,5406.771484375
23181,8071.04736328125
23182,4493.0625
23183,6378.17138671875
23184,6374.11962890625
23185,6949.67041015625
23186,5953.21630859375
23187,4799.46484375
23188,7582.5947265625
23189,7671.4697265625
23190,6514.837890625
23191,4756.654296875
23192,7225.3203125
23193,12012.615234375
23194,6434.484375
23195,4320.63134765625
23196,6965.5419921875
23197,5978.63623046875
23198,6439.2109375
23199,7444.126953125
23200,3740.818359375
23201,8329.123046875
23202,5811.41650390625
23203,7445.201171875
23204,8693.072265625
23205,4730.10595703125
23206,6443.4228515625
23207,5956.3017578125
23208,8250.240234375
23209,8894.87109375
23210,4124.78125
23211,4150.7919921875
23212,6274.3134765625
23213,6539.03955078125
23214,5990.9345703125
23215,5158.55322265625
23216,6814.5234375
23217,7312.63623046875
23218,5417.9150390625
23219,4990.03857421875
23220,6145.541015625
23221,8572.58203125
23222,7348.873046875
23223,8470.228515625
23224,7912.65625
23225,5605.50146484375
23226,9635.2734375
23227,5399.38671875
23228,6737.09130859375
23229,8723.32421875
23230,6882.68896484375
23231,9623.328125
23232,8298.2568359375
23233,7662.4619140625
23234,5954.67236328125
23235,7451.08642578125
23236,8253.771484375
23237,6130.5693359375
23238,3795.76953125
23239,6522.87158203125
23240,7813.70849609375
23241,5638.9658203125
23242,4514.2939453125
23243,8140.9287109375
23244,6068.65966796875
23245,6362.998046875
23246,6004.2490234375
23247,4921.556640625
23248,6761.8759765625
23249,6657.12841796875
23250,7270.32177734375
23251,5610.11572265625
23252,4811.8076171875
23253,6260.26171875
23254,3163.201416015625
23255,6778.6162109375
23256,5629.55615234375
23257,8475.962890625
23258,7123.3056640625
23259,5417.890625
23260,12815.923828125
23261,4957.8271484375
23262,4953.0224609375
23263,10566.6298828125
23264,7354.20751953125
23265,8238.673828125
23266,7056.265625
23267,5642.46533203125
23268,6776.02490234375
23269,4726.9052734375
23270,8294.646484375
23271,10354.494140625
23272,7123.51025390625
23273,4622.63623046875
23274,4579.99951171875
23275,8379.7880859375
23276,8224.4873046875
23277,6872.35302734375
23278,6703.75732421875
23279,4382.1220703125
23280,4522.8935546875
23281,3353.908203125
23282,5091.0712890625
23283,6321.91845703125
23284,7339.916015625
23285,6562.06884765625
23286,12033.9248046875
23287,8420.0087890625
23288,9407.5595703125
23289,6487.15576171875
23290,5691.46142578125
23291,9315.267578125
23292,10217.146484375
23293,5972.70068359375
23294,7111.96630859375
23295,5705.49072265625
23296,6635.7861328125
23297,4374.943359375
23298,6808.14599609375
23299,4612.603515625
23300,8689.14453125
23301,7057.2109375
23302,8561.73828125
23303,8248.4765625
23304,5470.27001953125
23305,9018.6396484375
23306,17829.919921875
23307,10517.2109375
23308,5432.99853515625
23309,2533.013671875
23310,7738.91357421875
23311,8190.2451171875
23312,8150.66943359375
23313,11934.15625
23314,21310.447265625
23315,4094.52392578125
23316,5357.5693359375
23317,8563.568359375
23318,4780.4677734375
23319,10592.65234375
23320,6582.5107421875
23321,7634.97705078125
23322,5919.42724609375
23323,5843.91162109375
23324,6946.04052734375
23325,6891.8349609375
23326,9582.5244140625
23327,6925.2099609375
23328,6258.99755859375
23329,6690.48388671875
23330,5140.43896484375
23331,5512.1259765625
23332,7289.17431640625
23333,5415.59326171875
23334,5603.49658203125
23335,7078.6923828125
23336,5295.955078125
23337,5234.59521484375
23338,6191.05615234375
23339,6988.0966796875
23340,9575.1904296875
23341,9212.107421875
23342,8337.283203125
23343,6592.77587890625
23344,3707.041259765625
23345,6145.71484375
23346,6379.82373046875
23347,5931.5322265625
23348,4214.57666015625
23349,7124.607421875
23350,6469.1806640625
23351,9477.8466796875
23352,6563.84326171875
23353,5526.3876953125
23354,4905.73291015625
23355,4682.13330078125
23356,9912.00390625
23357,6518.16748046875
23358,9188.7373046875
23359,13353.5673828125
23360,7929.796875
23361,5874.82958984375
23362,5330.1591796875
23363,5031.28759765625
23364,7649.40283203125
23365,4654.84375
23366,5812.73583984375
23367,10714.689453125
23368,5886.53173828125
23369,14775.7255859375
23370,13014.306640625
23371,4824.380859375
23372,7048.12353515625
23373,5331.2998046875
23374,6674.14453125
23375,5217.05322265625
23376,11811.193359375
23377,7518.63818359375
23378,9778.6533203125
23379,4996.4326171875
23380,7785.58447265625
23381,6891.736328125
23382,9171.759765625
23383,7073.21337890625
23384,6550.90625
23385,6635.125
23386,6045.56298828125
23387,8689.28125
23388,9264.271484375
23389,7265.92919921875
23390,9767.0927734375
23391,6195.92578125
23392,8547.1259765625
23393,5358.89599609375
23394,5444.88427734375
23395,5634.27490234375
23396,10555.533203125
23397,6236.06201171875
23398,7991.548828125
23399,7051.173828125
23400,8005.08642578125
23401,5831.0009765625
23402,9149.7861328125
23403,6641.79736328125
23404,3806.611328125
23405,11810.77734375
23406,16391.990234375
23407,7507.9208984375
23408,7649.91357421875
23409,9490.13671875
23410,10235.650390625
23411,10558.80078125
23412,5931.259765625
23413,7162.287109375
23414,5912.97509765625
23415,8887.216796875
23416,4612.337890625
23417,6293.46923828125
23418,5804.0908203125
23419,6627.40478515625
23420,6908.84765625
23421,4871.25048828125
23422,4322.77783203125
23423,7022.48193359375
23424,4751.2333984375
23425,4854.0673828125
23426,5971.29443359375
23427,6014.14404296875
23428,9618.0712890625
23429,9469.46875
23430,7957.1123046875
23431,6880.78369140625
23432,5668.59619140625
23433,10106.716796875
23434,6766.263671875
23435,5374.53173828125
23436,5371.53955078125
23437,12003.6572265625
23438,4436.677734375
23439,6969.96240234375
23440,3096.4306640625
23441,4565.541015625
23442,7096.1376953125
23443,7370.25927734375
23444,6912.10546875
23445,9648.349609375
23446,9388.859375
23447,11245.9609375
23448,6440.67578125
23449,9744.7978515625
23450,2687.451171875
23451,5606.27099609375
23452,6767.453125
23453,5068.7197265625
23454,8251.4453125
23455,5118.58837890625
23456,5070.92822265625
23457,8783.2275390625
23458,9328.0556640625
23459,8101.46923828125
23460,5832.11474609375
23461,6276.10546875
23462,10594.8974609375
23463,7391.03125
23464,5565.96337890625
23465,5859.1044921875
23466,7399.43701171875
23467,9515.14453125
23468,5546.1357421875
23469,5313.67626953125
23470,7968.49560546875
23471,8591.4892578125
23472,11472.7783203125
23473,6999.02001953125
23474,14076.77734375
23475,7036.1875
23476,5508.6171875
23477,2937.2294921875
23478,6509.9296875
23479,7094.38720703125
23480,5788.83984375
23481,8791.544921875
23482,5141.14208984375
23483,4074.754150390625
23484,7490.42724609375
23485,4978.42236328125
23486,6538.48779296875
23487,7152.1416015625
23488,7632.48876953125
23489,8829.1728515625
23490,5549.89404296875
23491,9344.5771484375
23492,5194.2705078125
23493,5042.4794921875
23494,5267.89306640625
23495,5078.47802734375
23496,10748.083984375
23497,5527.12548828125
23498,4192.17138671875
23499,5759.28857421875
23500,9239.0654296875
23501,7400.8720703125
23502,7140.724609375
23503,8645.1943359375
23504,5914.55029296875
23505,5724.54443359375
23506,6598.462890625
23507,10060.2783203125
23508,5775.5732421875
23509,6158.60546875
23510,5801.22314453125
23511,5960.03564453125
23512,4776.9775390625
23513,6303.478515625
23514,8419.998046875
23515,8363.9716796875
23516,10485.580078125
23517,12762.853515625
23518,8971.0283203125
23519,7478.5810546875
23520,4772.20361328125
23521,10553.7021484375
23522,11653.6865234375
23523,8526.76953125
23524,8024.521484375
23525,8087.75439453125
23526,5981.9208984375
23527,4338.001953125
23528,8306.7890625
23529,6944.35693359375
23530,6340.568359375
23531,7201.9404296875
23532,3037.550537109375
23533,10240.701171875
23534,7005.802734375
23535,6055.62060546875
23536,5567.14111328125
23537,5175.79736328125
23538,6144.44921875
23539,7964.92431640625
23540,6145.8447265625
23541,5078.53515625
23542,5084.529296875
23543,3473.256591796875
23544,4188.11083984375
23545,7496.8447265625
23546,15923.1591796875
23547,4144.3955078125
23548,5949.93701171875
23549,6824.095703125
23550,5254.40869140625
23551,5126.5302734375
23552,5121.30029296875
23553,3950.158203125
23554,8666.154296875
23555,7531.5009765625
23556,4176.83544921875
23557,9118.146484375
23558,5268.27734375
23559,4865.26806640625
23560,10490.970703125
23561,7371.9580078125
23562,9412.529296875
23563,5304.68994140625
23564,6464.88916015625
23565,4856.93798828125
23566,5207.01513671875
23567,11740.6982421875
23568,11560.6923828125
23569,7050.771484375
23570,5130.15380859375
23571,4863.75
23572,6524.603515625
23573,4411.33154296875
23574,7772.451171875
23575,5106.7509765625
23576,5598.61767578125
23577,9073.2451171875
23578,5036.8720703125
23579,6591.45068359375
23580,6735.62646484375
23581,7380.01220703125
23582,7596.21435546875
23583,4117.861328125
23584,4803.7060546875
23585,7086.7744140625
23586,9212.408203125
23587,8336.1474609375
23588,7386.58349609375
23589,3359.84912109375
23590,7641.4453125
23591,6201.7783203125
23592,4927.88134765625
23593,6919.048828125
23594,7144.5263671875
23595,6626.80859375
23596,6967.54931640625
23597,5648.474609375
23598,7486.060546875
23599,5076.32275390625
23600,6339.099609375
23601,6673.72509765625
23602,6602.638671875
23603,9446.8251953125
23604,6307.02880859375
23605,5147.71533203125
23606,11994.0732421875
23607,5347.28076171875
23608,4133.19384765625
23609,7854.04150390625
23610,10269.392578125
23611,11266.1337890625
23612,4644.5078125
23613,6418.92138671875
23614,5608.5361328125
23615,7278.04736328125
23616,6675.59521484375
23617,7757.6630859375
23618,3333.917236328125
23619,5346.927734375
23620,6708.0390625
23621,4971.9267578125
23622,4783.44287109375
23623,6419.0
23624,7651.34423828125
23625,5276.12939453125
23626,7610.7919921875
23627,7456.19287109375
23628,8883.123046875
23629,5644.74072265625
23630,6793.70654296875
23631,6874.6044921875
23632,7770.27978515625
23633,7510.0380859375
23634,3949.932861328125
23635,8540.033203125
23636,7322.3837890625
23637,6567.12158203125
23638,4796.294921875
23639,4294.69287109375
23640,8092.05029296875
23641,6084.67578125
23642,9054.306640625
23643,6963.7470703125
23644,5644.35009765625
23645,8999.2041015625
23646,5688.44140625
23647,6364.69677734375
23648,7147.29736328125
23649,5473.00048828125
23650,9735.818359375
23651,10803.4677734375
23652,7881.30126953125
23653,4392.5322265625
23654,5964.048828125
23655,4212.92431640625
23656,3316.614501953125
23657,7701.41015625
23658,5481.26806640625
23659,8838.783203125
23660,4963.27392578125
23661,6969.93603515625
23662,6209.6845703125
23663,9013.2578125
23664,5686.26904296875
23665,4976.62841796875
23666,6091.2802734375
23667,6931.87890625
23668,4816.71875
23669,8069.234375
23670,8849.9208984375
23671,7723.04833984375
23672,8228.60546875
23673,6710.22412109375
23674,6291.76806640625
23675,5447.03271484375
23676,5223.376953125
23677,10857.533203125
23678,8869.3935546875
23679,8526.6416015625
23680,15053.615234375
23681,5938.61669921875
23682,4691.095703125
23683,5894.2724609375
23684,9220.7998046875
23685,10473.2998046875
23686,7198.8515625
23687,7174.18701171875
23688,8111.185546875
23689,5966.20068359375
23690,6744.7158203125
23691,6206.20751953125
23692,5143.76513671875
23693,5280.87109375
23694,4096.8427734375
23695,5633.35205078125
23696,8292.1982421875
23697,18207.58203125
23698,6736.9033203125
23699,4900.703125
23700,7931.80224609375
23701,4434.28076171875
23702,6579.2294921875
23703,4301.57470703125
23704,9412.685546875
23705,6990.35498046875
23706,7042.54736328125
23707,13219.3466796875
23708,12441.0126953125
23709,6966.2158203125
23710,7327.63671875
23711,3692.36328125
23712,5189.07568359375
23713,6284.5322265625
23714,9115.7216796875
23715,4514.228515625
23716,5355.2724609375
23717,3973.206298828125
23718,5525.6669921875
23719,7438.1416015625
23720,7762.72607421875
23721,3226.704345703125
23722,9179.4423828125
23723,7968.0576171875
23724,7767.60205078125
23725,4909.8759765625
23726,4329.62646484375
23727,8111.4287109375
23728,3763.831298828125
23729,9912.578125
23730,4416.75341796875
23731,5789.904296875
23732,7682.51611328125
23733,5459.1513671875
23734,5163.31103515625
23735,6651.6650390625
23736,7017.74560546875
23737,8545.2265625
23738,9558.8466796875
23739,6077.93359375
23740,6535.30322265625
23741,6304.2197265625
23742,5983.39794921875
23743,4637.74853515625
23744,5907.25341796875
23745,6216.18212890625
23746,10460.1630859375
23747,7986.58251953125
23748,7087.2109375
23749,7070.5966796875
23750,5090.97900390625
23751,8565.4677734375
23752,5554.466796875
23753,12066.9462890625
23754,6629.24462890625
23755,5906.47265625
23756,5385.53662109375
23757,4780.50146484375
23758,6036.96923828125
23759,21213.494140625
23760,3820.30078125
23761,5941.8427734375
23762,9461.73046875
23763,6704.375
23764,6794.4375
23765,8514.076171875
23766,6312.453125
23767,5967.71240234375
23768,3975.26953125
23769,9940.1357421875
23770,6247.7021484375
23771,6783.26318359375
23772,7773.02783203125
23773,4864.85546875
23774,7496.4287109375
23775,6145.0283203125
23776,3197.5498046875
23777,8769.8662109375
23778,10205.3564453125
23779,4304.8720703125
23780,8251.2021484375
23781,7520.44921875
23782,5890.404296875
23783,9522.6953125
23784,7018.8662109375
23785,7312.44287109375
23786,4530.8330078125
23787,5511.71923828125
23788,6365.01318359375
23789,4303.25146484375
23790,8015.9599609375
23791,4153.0703125
23792,6115.55908203125
23793,4834.958984375
23794,6571.25439453125
23795,5846.8828125
23796,7274.3408203125
23797,7092.39013671875
23798,8011.37158203125
23799,6191.93017578125
23800,6922.01318359375
23801,5905.5048828125
23802,9168.708984375
23803,9868.7021484375
23804,8482.6611328125
23805,4915.41748046875
23806,6088.21728515625
23807,7968.66455078125
23808,3738.6494140625
23809,11901.1015625
23810,5527.49462890625
23811,8422.419921875
23812,10347.794921875
23813,6928.24609375
23814,4944.7978515625
23815,11704.404296875
23816,10193.33203125
23817,6471.26904296875
23818,8812.5888671875
23819,8925.1435546875
23820,6697.23583984375
23821,7203.61962890625
23822,6674.501953125
23823,5520.52734375
23824,3970.642333984375
23825,7540.6494140625
23826,4678.85693359375
23827,7214.97265625
23828,7627.076171875
23829,6289.705078125
23830,7467.2412109375
23831,6064.48046875
23832,6159.26513671875
23833,5529.68603515625
23834,8192.3935546875
23835,7005.8564453125
23836,6209.12158203125
23837,9409.140625
23838,7129.0927734375
23839,8932.1533203125
23840,6024.1259765625
23841,5429.46630859375
23842,6897.11376953125
23843,7396.6044921875
23844,7056.89697265625
23845,4669.48095703125
23846,4511.26123046875
23847,7120.37451171875
23848,7359.01806640625
23849,6398.6220703125
23850,8087.33349609375
23851,6521.03125
23852,6132.89892578125
23853,5037.5244140625
23854,3035.243408203125
23855,6453.57861328125
23856,6832.8994140625
23857,6310.50439453125
23858,8963.4609375
23859,8245.0498046875
23860,4733.56982421875
23861,7488.81396484375
23862,3873.924560546875
23863,2418.763427734375
23864,6908.85009765625
23865,9817.88671875
23866,7982.0732421875
23867,7067.01513671875
23868,3824.9931640625
23869,6445.9248046875
23870,8007.77783203125
23871,6157.92333984375
23872,6522.7685546875
23873,4613.4375
23874,5417.98193359375
23875,5077.34375
23876,6016.9541015625
23877,4950.07958984375
23878,5072.70166015625
23879,5179.802734375
23880,4200.59130859375
23881,6641.1201171875
23882,8539.748046875
23883,5996.09423828125
23884,5882.5263671875
23885,8063.1298828125
23886,5795.0146484375
23887,7775.2236328125
23888,9338.609375
23889,7494.11767578125
23890,5637.98486328125
23891,3581.4462890625
23892,12348.69140625
23893,6640.88671875
23894,5683.7861328125
23895,9232.98046875
23896,7871.13037109375
23897,7207.541015625
23898,6783.67724609375
23899,6375.232421875
23900,8984.478515625
23901,13572.599609375
23902,5227.2509765625
23903,4675.7548828125
23904,5287.37548828125
23905,6520.01318359375
23906,6275.27392578125
23907,7497.16650390625
23908,8839.615234375
23909,5579.96484375
23910,3823.456298828125
23911,6227.4677734375
23912,9894.736328125
23913,4803.3388671875
23914,8108.76611328125
23915,5183.74267578125
23916,7913.58056640625
23917,7360.0498046875
23918,7095.90576171875
23919,6955.044921875
23920,7146.58349609375
23921,4635.5439453125
23922,6512.48681640625
23923,8511.08203125
23924,8623.9970703125
23925,7219.67529296875
23926,8155.50341796875
23927,7426.7470703125
23928,4400.349609375
23929,9787.81640625
23930,4272.21435546875
23931,9273.8740234375
23932,6441.19921875
23933,4369.814453125
23934,7505.71875
23935,6172.13134765625
23936,7783.52685546875
23937,8134.990234375
23938,4958.2060546875
23939,4106.22314453125
23940,7139.265625
23941,8897.806640625
23942,9807.908203125
23943,5466.54736328125
23944,5473.89599609375
23945,6419.1220703125
23946,6909.9091796875
23947,5066.61865234375
23948,10027.470703125
23949,9630.4208984375
23950,10889.677734375
23951,3721.55029296875
23952,6008.04638671875
23953,9311.595703125
23954,9934.68359375
23955,5139.251953125
23956,9707.91015625
23957,5620.38427734375
23958,6514.82373046875
23959,5478.46044921875
23960,5886.59033203125
23961,5131.708984375
23962,5982.3310546875
23963,4434.5263671875
23964,6688.45458984375
23965,9140.181640625
23966,7548.41796875
23967,24308.267578125
23968,7268.4892578125
23969,4576.3974609375
23970,7491.17626953125
23971,10458.1103515625
23972,6889.86767578125
23973,7269.3076171875
23974,5585.97607421875
23975,7841.64111328125
23976,7673.31396484375
23977,5792.02783203125
23978,5556.46630859375
23979,7422.7587890625
23980,7575.52197265625
23981,7211.330078125
23982,10286.2822265625
23983,5821.3291015625
23984,4873.3369140625
23985,8321.56640625
23986,9638.9482421875
23987,10843.2724609375
23988,9871.630859375
23989,7862.81103515625
23990,4822.068359375
23991,5652.50146484375
23992,4885.162109375
23993,8484.8681640625
23994,10044.3935546875
23995,8105.93212890625
23996,5021.265625
23997,5298.763671875
23998,5068.02392578125
23999,6496.48193359375
24000,10695.4638671875
24001,6136.87841796875
24002,4844.884765625
24003,6213.35791015625
24004,7222.26513671875
24005,3861.139404296875
24006,6524.61474609375
24007,5064.6494140625
24008,7591.38427734375
24009,8185.521484375
24010,5528.6103515625
24011,7663.5810546875
24012,6611.46240234375
24013,4170.80712890625
24014,6372.04248046875
24015,6909.8330078125
24016,11942.1953125
24017,6421.990234375
24018,7476.818359375
24019,7389.3017578125
24020,9109.880859375
24021,6640.4658203125
24022,8669.732421875
24023,4650.71337890625
24024,4937.81884765625
24025,5872.12060546875
24026,6240.28173828125
24027,9023.2333984375
24028,7470.099609375
24029,5665.60498046875
24030,7656.66162109375
24031,7476.85791015625
24032,10579.71875
24033,3573.686767578125
24034,13107.005859375
24035,4184.6123046875
24036,6786.09033203125
24037,8152.044921875
24038,5025.11181640625
24039,5992.078125
24040,6147.26318359375
24041,7322.28369140625
24042,6026.58837890625
24043,4182.5224609375
24044,7451.04296875
24045,7963.32275390625
24046,6271.71875
24047,5241.88818359375
24048,7001.845703125
24049,10883.849609375
24050,6092.70556640625
24051,4707.84423828125
24052,7214.75146484375
24053,6041.39697265625
24054,5648.634765625
24055,6843.56640625
24056,3512.483154296875
24057,7852.33251953125
24058,6118.935546875
24059,7199.82568359375
24060,8757.3740234375
24061,3520.11767578125
24062,6155.6328125
24063,6954.05126953125
24064,8615.16796875
24065,9130.0
24066,4652.70263671875
24067,4248.0244140625
24068,6776.04052734375
24069,6768.70263671875
24070,5638.22705078125
24071,5106.50634765625
24072,7121.95751953125
24073,7547.54248046875
24074,5246.48193359375
24075,4519.28125
24076,7395.5966796875
24077,8957.3603515625
24078,7791.51318359375
24079,8582.7587890625
24080,7598.265625
24081,6571.9228515625
24082,9031.333984375
24083,5316.52294921875
24084,7027.81494140625
24085,9254.1806640625
24086,6795.0390625
24087,10501.33984375
24088,8357.8603515625
24089,7382.263671875
24090,5308.146484375
24091,7450.1025390625
24092,7784.75732421875
24093,7222.33642578125
24094,5190.77880859375
24095,7121.72412109375
24096,8067.38671875
24097,5472.1728515625
24098,4140.7626953125
24099,8602.9453125
24100,5989.109375
24101,6222.181640625
24102,6193.26318359375
24103,5052.02197265625
24104,7513.5244140625
24105,7233.0908203125
24106,7646.9111328125
24107,6051.24951171875
24108,5136.966796875
24109,6102.39794921875
24110,3460.96142578125
24111,6417.41943359375
24112,6614.35791015625
24113,8542.03515625
24114,8030.85107421875
24115,5571.0048828125
24116,11649.5810546875
24117,5917.20166015625
24118,4889.06201171875
24119,10281.71875
24120,6926.91455078125
24121,7851.42626953125
24122,6515.498046875
24123,5391.58740234375
24124,6574.1630859375
24125,6065.45556640625
24126,9096.939453125
24127,11274.5546875
24128,7164.35693359375
24129,5810.7314453125
24130,4481.71728515625
24131,8184.1494140625
24132,6998.36328125
24133,6908.75
24134,6570.337890625
24135,4812.0712890625
24136,5233.9443359375
24137,3220.172119140625
24138,5024.50732421875
24139,5834.05126953125
24140,7289.13623046875
24141,6717.56982421875
24142,12210.4990234375
24143,7995.3310546875
24144,8847.7822265625
24145,6181.8681640625
24146,5092.82861328125
24147,9906.203125
24148,9629.4345703125
24149,6297.02001953125
24150,6932.47900390625
24151,5705.3662109375
24152,6279.99365234375
24153,5445.20361328125
24154,7512.95361328125
24155,4015.18505859375
24156,9252.7001953125
24157,7145.16748046875
24158,8524.8828125
24159,8309.72265625
24160,5208.47314453125
24161,9068.3779296875
24162,19121.830078125
24163,10784.279296875
24164,5672.67138671875
24165,3600.3642578125
24166,7153.5263671875
24167,8681.814453125
24168,7138.431640625
24169,11954.09375
24170,20158.666015625
24171,4092.357421875
24172,5849.4560546875
24173,10927.234375
24174,4659.89794921875
24175,10313.0361328125
24176,7683.57861328125
24177,7999.72705078125
24178,5387.00537109375
24179,5405.916015625
24180,6410.88134765625
24181,7479.11181640625
24182,9466.861328125
24183,6369.33056640625
24184,5733.2236328125
24185,7088.5
24186,5525.64111328125
24187,5565.640625
24188,6449.34814453125
24189,5802.326171875
24190,6801.01708984375
24191,6638.966796875
24192,6849.2470703125
24193,6520.29541015625
24194,8091.8564453125
24195,7117.59375
24196,9316.20703125
24197,8592.05078125
24198,7586.02880859375
24199,6464.4814453125
24200,3303.44091796875
24201,6007.75634765625
24202,7203.41162109375
24203,5631.33984375
24204,5706.38671875
24205,6734.75048828125
24206,7740.79833984375
24207,9571.66015625
24208,6661.59375
24209,5515.47119140625
24210,5244.4140625
24211,4236.52197265625
24212,9346.7197265625
24213,5834.2685546875
24214,8968.4765625
24215,14657.3349609375
24216,7349.35986328125
24217,7436.85107421875
24218,5278.8896484375
24219,4900.27587890625
24220,7190.37646484375
24221,4672.9697265625
24222,6313.05126953125
24223,11126.99609375
24224,5453.70654296875
24225,15899.8583984375
24226,13663.625
24227,4772.33349609375
24228,6825.5302734375
24229,5837.02490234375
24230,6723.0400390625
24231,5098.9453125
24232,10888.701171875
24233,7076.42236328125
24234,10087.3408203125
24235,5616.5419921875
24236,7734.6787109375
24237,6430.4208984375
24238,8911.1181640625
24239,7407.49658203125
24240,5757.33544921875
24241,6521.09130859375
24242,5918.32373046875
24243,8015.1220703125
24244,9892.654296875
24245,6493.6826171875
24246,9642.9931640625
24247,6428.18994140625
24248,9681.9951171875
24249,5554.08251953125
24250,5935.5703125
24251,5356.21435546875
24252,10201.4755859375
24253,6066.05322265625
24254,8196.7548828125
24255,7393.14306640625
24256,7346.5087890625
24257,5609.236328125
24258,9037.78125
24259,7170.95703125
24260,4300.18994140625
24261,11101.3759765625
24262,17103.42578125
24263,8127.54833984375
24264,7013.904296875
24265,9597.1640625
24266,10634.484375
24267,10698.0673828125
24268,5783.6865234375
24269,7501.92822265625
24270,6037.93408203125
24271,8359.30078125
24272,4342.24853515625
24273,6628.96826171875
24274,5570.451171875
24275,6541.8232421875
24276,6491.84375
24277,5709.7001953125
24278,4461.94970703125
24279,6996.462890625
24280,5862.7548828125
24281,5082.5009765625
24282,6741.4921875
24283,6024.88671875
24284,9457.9501953125
24285,9320.83203125
24286,7997.8662109375
24287,7054.0537109375
24288,6185.283203125
24289,10781.29296875
24290,7202.79541015625
24291,5028.65380859375
24292,5326.89404296875
24293,11219.0166015625
24294,4304.79052734375
24295,6746.08154296875
24296,3426.744384765625
24297,5131.9208984375
24298,8163.47900390625
24299,7332.06298828125
24300,6055.90576171875
24301,8877.76171875
24302,9685.1748046875
24303,12189.1376953125
24304,6164.2216796875
24305,9837.5517578125
24306,2794.10400390625
24307,6547.59521484375
24308,6194.7529296875
24309,5135.8955078125
24310,7603.38671875
24311,4877.23828125
24312,5244.99169921875
24313,8320.7138671875
24314,10229.837890625
24315,12251.5615234375
24316,6147.7431640625
24317,6117.123046875
24318,11426.4677734375
24319,7526.240234375
24320,6261.828125
24321,5384.6357421875
24322,6940.36376953125
24323,10654.6953125
24324,5089.533203125
24325,5920.83349609375
24326,7913.3251953125
24327,8568.8701171875
24328,13047.57421875
24329,7331.19189453125
24330,13967.2451171875
24331,7213.5966796875
24332,5495.25048828125
24333,3246.89990234375
24334,6282.8037109375
24335,6865.6181640625
24336,5767.60693359375
24337,7476.41650390625
24338,4954.0185546875
24339,4418.603515625
24340,7288.98583984375
24341,4826.89208984375
24342,6200.3046875
24343,7070.5556640625
24344,8908.1455078125
24345,8520.43359375
24346,5996.66845703125
24347,9308.455078125
24348,5609.7158203125
24349,5509.57421875
24350,5475.67626953125
24351,5569.59326171875
24352,12261.134765625
24353,6172.45751953125
24354,4921.5859375
24355,5571.5693359375
24356,8712.4990234375
24357,7434.5400390625
24358,7112.74365234375
24359,8582.052734375
24360,6083.2578125
24361,5226.59716796875
24362,6688.865234375
24363,8360.0458984375
24364,6931.79638671875
24365,6543.81396484375
24366,5783.939453125
24367,5777.39697265625
24368,4925.45361328125
24369,6487.6748046875
24370,8111.8359375
24371,8863.326171875
24372,9907.4814453125
24373,12449.1455078125
24374,8538.294921875
24375,7610.25341796875
24376,5268.125
24377,10858.7236328125
24378,11473.62890625
24379,7870.68505859375
24380,8569.5546875
24381,7869.72314453125
24382,7493.54345703125
24383,4938.53125
24384,8104.6533203125
24385,7563.3818359375
24386,7720.53662109375
24387,7209.125
24388,3292.8720703125
24389,11315.34375
24390,7197.93798828125
24391,6517.60107421875
24392,5054.2890625
24393,5425.87841796875
24394,5964.67431640625
24395,8617.3994140625
24396,7640.15771484375
24397,5553.19921875
24398,5123.9150390625
24399,4000.969970703125
24400,4634.337890625
24401,6854.4052734375
24402,16221.232421875
24403,4542.953125
24404,5593.53955078125
24405,7008.85595703125
24406,5606.68798828125
24407,5400.9814453125
24408,4868.1640625
24409,4100.6787109375
24410,8628.2001953125
24411,7510.251953125
24412,3889.287353515625
24413,9039.0263671875
24414,6952.52685546875
24415,4703.33837890625
24416,10081.0009765625
24417,7394.55224609375
24418,10057.3623046875
24419,5526.0810546875
24420,7448.34912109375
24421,5243.826171875
24422,5082.10107421875
24423,12759.6650390625
24424,10491.8095703125
24425,6583.06787109375
24426,5323.2744140625
24427,4270.4501953125
24428,6044.66650390625
24429,5431.00439453125
24430,10882.6015625
24431,5436.1318359375
24432,5158.7578125
24433,7822.51806640625
24434,4629.7177734375
24435,7590.43505859375
24436,8553.3486328125
24437,7167.8134765625
24438,8736.919921875
24439,4134.3056640625
24440,5744.0791015625
24441,6614.0390625
24442,10662.1484375
24443,8026.41162109375
24444,6957.57275390625
24445,5436.6435546875
24446,7311.4599609375
24447,6526.93896484375
24448,4349.7744140625
24449,6566.505859375
24450,7307.20703125
24451,6563.99072265625
24452,6864.75244140625
24453,5917.93994140625
24454,7267.82275390625
24455,5393.806640625
24456,6459.44580078125
24457,8011.783203125
24458,8038.07666015625
24459,10129.1552734375
24460,6541.3876953125
24461,4738.14892578125
24462,11657.6171875
24463,6373.85107421875
24464,5141.203125
24465,7485.4228515625
24466,10221.306640625
24467,12840.7529296875
24468,4951.810546875
24469,5963.39794921875
24470,5677.15869140625
24471,6969.1865234375
24472,6389.11083984375
24473,7624.13330078125
24474,3540.309326171875
24475,5794.353515625
24476,6762.3095703125
24477,5415.0595703125
24478,6137.7802734375
24479,6322.7021484375
24480,7826.59423828125
24481,5788.59326171875
24482,7970.64990234375
24483,7518.787109375
24484,8641.4677734375
24485,5505.66162109375
24486,7034.2314453125
24487,6546.5732421875
24488,7658.666015625
24489,6644.6748046875
24490,4582.72119140625
24491,8352.9443359375
24492,7461.04736328125
24493,6602.56884765625
24494,5437.77392578125
24495,4885.57470703125
24496,8337.748046875
24497,5865.43115234375
24498,8883.66796875
24499,8095.08544921875
24500,5794.66943359375
24501,9127.064453125
24502,6748.69775390625
24503,7451.23876953125
24504,7186.48828125
24505,5623.3583984375
24506,10164.9560546875
24507,10239.69921875
24508,8209.8193359375
24509,4954.83203125
24510,6009.0654296875
24511,5218.0
24512,3470.630859375
24513,7307.1201171875
24514,5057.32080078125
24515,9374.390625
24516,4780.73486328125
24517,8143.6650390625
24518,7578.31396484375
24519,9229.1015625
24520,5301.1328125
24521,6020.021484375
24522,6268.28271484375
24523,7187.951171875
24524,4942.75341796875
24525,7098.69677734375
24526,8657.037109375
24527,8610.185546875
24528,7929.56982421875
24529,6998.73974609375
24530,5822.9248046875
24531,6641.12451171875
24532,5675.34765625
24533,9699.2275390625
24534,8845.728515625
24535,9201.1337890625
24536,13597.5517578125
24537,6101.87109375
24538,5180.43994140625
24539,5668.517578125
24540,8698.7470703125
24541,9898.5888671875
24542,7075.3740234375
24543,7838.50537109375
24544,7859.47900390625
24545,6318.64501953125
24546,6745.47705078125
24547,5786.54248046875
24548,4668.90673828125
24549,6400.54296875
24550,4135.4873046875
24551,5442.44873046875
24552,8272.4111328125
24553,17848.830078125
24554,7024.923828125
24555,5514.32958984375
24556,7327.943359375
24557,4736.708984375
24558,6403.65087890625
24559,4264.07421875
24560,9404.4794921875
24561,6672.56396484375
24562,6498.43798828125
24563,12976.6982421875
24564,10448.900390625
24565,7115.90576171875
24566,8661.296875
24567,3936.308349609375
24568,5555.5595703125
24569,6402.3837890625
24570,8722.46875
24571,4688.77490234375
24572,5349.45751953125
24573,5437.3193359375
24574,5771.900390625
24575,6696.609375
24576,7562.091796875
24577,3636.629638671875
24578,7634.818359375
24579,8144.39208984375
24580,7481.3837890625
24581,4734.99072265625
24582,4237.8876953125
24583,8455.1591796875
24584,3837.9228515625
24585,9705.37109375
24586,4584.19091796875
24587,5755.83447265625
24588,7430.16796875
24589,6329.9560546875
24590,5458.24853515625
24591,6748.4072265625
24592,7652.07763671875
24593,9316.24609375
24594,9197.8994140625
24595,5682.23779296875
24596,6345.96728515625
24597,7375.38720703125
24598,6737.38720703125
24599,4776.27392578125
24600,6702.78564453125
24601,6358.78662109375
24602,10118.3759765625
24603,8087.5322265625
24604,6574.287109375
24605,7935.87060546875
24606,5487.224609375
24607,9153.609375
24608,6404.27783203125
24609,13314.6162109375
24610,6684.3603515625
24611,5451.41357421875
24612,5382.494140625
24613,4454.37353515625
24614,6975.125
24615,19029.306640625
24616,3580.201171875
24617,5088.40087890625
24618,10081.6875
24619,6335.6875
24620,6536.99658203125
24621,8406.7890625
24622,6181.80224609375
24623,5643.44384765625
24624,6247.33642578125
24625,10333.388671875
24626,6164.52783203125
24627,7121.97607421875
24628,8827.728515625
24629,5175.44873046875
24630,7341.66357421875
24631,5875.107421875
24632,3889.9697265625
24633,8303.12890625
24634,8894.8193359375
24635,4523.2041015625
24636,8069.5498046875
24637,7469.5419921875
24638,5053.93603515625
24639,8930.5927734375
24640,6456.62744140625
24641,6932.47119140625
24642,4765.27978515625
24643,6090.15771484375
24644,7062.37255859375
24645,4825.2734375
24646,8036.05517578125
24647,4552.45751953125
24648,5562.51611328125
24649,4735.87255859375
24650,6730.02294921875
24651,5921.185546875
24652,7753.5166015625
24653,7717.017578125
24654,7460.85791015625
24655,6559.9228515625
24656,6566.53857421875
24657,6567.1572265625
24658,7986.005859375
24659,10092.8330078125
24660,8632.63671875
24661,4039.41064453125
24662,6878.83642578125
24663,8016.0615234375
24664,3967.88232421875
24665,10949.4326171875
24666,5639.95703125
24667,8745.5693359375
24668,10253.48828125
24669,7708.62353515625
24670,4906.3701171875
24671,12675.9541015625
24672,10163.833984375
24673,5918.9716796875
24674,9342.89453125
24675,9150.4267578125
24676,5812.43798828125
24677,6175.3212890625
24678,6627.29443359375
24679,6049.2177734375
24680,4347.50244140625
24681,6427.5810546875
24682,4791.3935546875
24683,8153.84326171875
24684,7285.87158203125
24685,6326.79443359375
24686,7617.36083984375
24687,6042.3798828125
24688,6394.193359375
24689,5900.0869140625
24690,8202.1982421875
24691,6655.47705078125
24692,5873.7626953125
24693,8290.521484375
24694,7599.0341796875
24695,8615.77734375
24696,5303.7236328125
24697,5801.40869140625
24698,6757.626953125
24699,7111.91943359375
24700,7501.87744140625
24701,4675.64892578125
24702,3804.515380859375
24703,7173.4130859375
24704,6780.3857421875
24705,7563.5771484375
24706,8090.11376953125
24707,5947.4052734375
24708,5903.87841796875
24709,4621.1220703125
24710,3897.130615234375
24711,7332.35986328125
24712,6304.732421875
24713,6184.49169921875
24714,9608.9814453125
24715,8877.2451171875
24716,4753.77294921875
24717,8273.3173828125
24718,4073.705078125
24719,3507.639892578125
24720,7430.6240234375
24721,10197.2080078125
24722,8331.59765625
24723,6993.77490234375
24724,5615.0908203125
24725,6115.30615234375
24726,8003.31591796875
24727,5863.10400390625
24728,6312.861328125
24729,4589.7685546875
24730,5909.7958984375
24731,6186.92138671875
24732,5576.5771484375
24733,5445.00732421875
24734,4910.37060546875
24735,5214.23046875
24736,5174.5947265625
24737,6301.36328125
24738,7552.861328125
24739,5780.51904296875
24740,6217.8662109375
24741,7201.52099609375
24742,6002.1376953125
24743,9216.6025390625
24744,9122.1875
24745,7047.80419921875
24746,5504.75537109375
24747,3663.783203125
24748,11590.853515625
24749,6356.98486328125
24750,5563.34716796875
24751,8534.2666015625
24752,7786.70947265625
24753,7840.646484375
24754,6470.77880859375
24755,6867.8388671875
24756,8280.4560546875
24757,13300.263671875
24758,5072.12841796875
24759,4774.228515625
24760,5139.54833984375
24761,7570.31201171875
24762,5953.22119140625
24763,8982.943359375
24764,9081.8603515625
24765,5063.146484375
24766,3867.431640625
24767,6370.5673828125
24768,11302.06640625
24769,4261.8623046875
24770,7845.3232421875
24771,5095.3310546875
24772,7187.1591796875
24773,9344.2158203125
24774,6677.3720703125
24775,8003.94140625
24776,7086.96044921875
24777,4441.1083984375
24778,6077.7802734375
24779,7404.62646484375
24780,8662.435546875
24781,7135.93505859375
24782,8058.31982421875
24783,7548.14892578125
24784,5040.73388671875
24785,10102.09765625
24786,4877.3525390625
24787,9111.0947265625
24788,6470.03857421875
24789,4137.26513671875
24790,7155.17529296875
24791,6222.5478515625
24792,7775.2822265625
24793,8196.8359375
24794,5365.91845703125
24795,4277.7177734375
24796,7602.74267578125
24797,9667.658203125
24798,9758.138671875
24799,4718.572265625
24800,6148.263671875
24801,6998.95458984375
24802,6660.18505859375
24803,4966.78271484375
24804,9339.76953125
24805,8874.6484375
24806,11136.39453125
24807,3736.60693359375
24808,5893.33056640625
24809,10156.9560546875
24810,9560.6982421875
24811,4970.7548828125
24812,9103.9462890625
24813,6128.66748046875
24814,5958.38134765625
24815,5389.5888671875
24816,6026.779296875
24817,5723.79150390625
24818,5820.5126953125
24819,4346.12353515625
24820,6772.31591796875
24821,8900.4228515625
24822,7938.40234375
24823,24175.06640625
24824,7520.51953125
24825,4053.71044921875
24826,7459.31103515625
24827,11126.05078125
24828,6781.2451171875
24829,7274.35498046875
24830,5715.80615234375
24831,8637.3701171875
24832,8880.728515625
24833,7040.58935546875
24834,6038.57275390625
24835,7932.13037109375
24836,8225.578125
24837,7927.65625
24838,11721.8056640625
24839,5981.57080078125
24840,5032.43017578125
24841,7628.24560546875
24842,10470.771484375
24843,10540.7705078125
24844,10719.552734375
24845,8678.134765625
24846,5329.4208984375
24847,6532.1396484375
24848,4874.1865234375
24849,9394.3623046875
24850,10601.712890625
24851,9543.6103515625
24852,6189.4267578125
24853,5550.90185546875
24854,4524.7578125
24855,6795.37109375
24856,12108.111328125
24857,7073.8212890625
24858,5112.73388671875
24859,5362.98681640625
24860,8717.33984375
24861,3705.95849609375
24862,7792.61279296875
24863,5665.8779296875
24864,7617.52001953125
24865,8347.3076171875
24866,6248.38818359375
24867,7906.85400390625
24868,7268.6513671875
24869,5215.923828125
24870,6899.75244140625
24871,7375.666015625
24872,11523.6376953125
24873,6496.9189453125
24874,8156.0400390625
24875,8224.974609375
24876,9476.1015625
24877,7144.9365234375
24878,9611.0869140625
24879,5000.52197265625
24880,5321.8056640625
24881,6521.10302734375
24882,6566.6494140625
24883,9344.8583984375
24884,8084.87548828125
24885,6071.49072265625
24886,7737.31103515625
24887,9154.703125
24888,10233.4404296875
24889,4267.16748046875
24890,16215.1357421875
24891,4738.14990234375
24892,5739.66064453125
24893,8877.84765625
24894,5374.5771484375
24895,6623.53857421875
24896,6939.6083984375
24897,8043.77685546875
24898,5943.97802734375
24899,4908.62841796875
24900,8403.9384765625
24901,8263.111328125
24902,6818.9111328125
24903,5903.8095703125
24904,7066.8115234375
24905,11202.4248046875
24906,6934.1689453125
24907,5772.08251953125
24908,7281.92919921875
24909,6274.50537109375
24910,6511.1435546875
24911,7977.3876953125
24912,4007.215087890625
24913,9263.3544921875
24914,6908.00244140625
24915,7830.85693359375
24916,10786.974609375
24917,4002.33984375
24918,6280.1796875
24919,6328.453125
24920,9439.1533203125
24921,9272.9990234375
24922,4894.3837890625
24923,4375.85986328125
24924,7311.81591796875
24925,7027.42822265625
24926,6326.82763671875
24927,5783.173828125
24928,6574.70556640625
24929,7838.990234375
24930,5436.23046875
24931,4873.02294921875
24932,6773.7470703125
24933,9086.0205078125
24934,7790.966796875
24935,8955.8466796875
24936,8528.3662109375
24937,5993.552734375
24938,9894.546875
24939,6449.66357421875
24940,7335.82080078125
24941,9783.3349609375
24942,6915.4853515625
24943,11352.98046875
24944,8621.3984375
24945,7847.384765625
24946,6279.98583984375
24947,8033.5947265625
24948,7924.42431640625
24949,6379.74462890625
24950,4334.42138671875
24951,7022.38818359375
24952,8952.3056640625
24953,5737.2236328125
24954,4577.36767578125
24955,8768.607421875
24956,6524.623046875
24957,6638.7431640625
24958,6525.4736328125
24959,5583.5849609375
24960,8166.49658203125
24961,7595.30078125
24962,8275.4287109375
24963,5920.8369140625
24964,5373.3505859375
24965,6925.10107421875
24966,3857.007568359375
24967,6452.82080078125
24968,6563.2021484375
24969,8858.3486328125
24970,7692.67529296875
24971,6216.224609375
24972,12731.2490234375
24973,7220.63623046875
24974,5156.814453125
24975,11161.9208984375
24976,7463.07421875
24977,8361.2548828125
24978,7045.00927734375
24979,5128.11279296875
24980,7014.29248046875
24981,4928.48095703125
24982,8894.453125
24983,12048.2646484375
24984,7246.18212890625
24985,5333.9775390625
24986,5387.7939453125
24987,9130.4853515625
24988,7898.89111328125
24989,6755.8359375
24990,6363.10302734375
24991,4981.81201171875
24992,5025.4521484375
24993,3828.26513671875
24994,5212.78515625
24995,6058.50537109375
24996,8075.646484375
24997,7180.68115234375
24998,12426.8447265625
24999,8542.2939453125
25000,9609.791015625
25001,7223.0166015625
25002,7834.83154296875
25003,9898.7822265625
25004,11278.4033203125
25005,6376.4033203125
25006,8042.10205078125
25007,5573.7509765625
25008,6820.751953125
25009,4427.97705078125
25010,8201.3701171875
25011,5215.91748046875
25012,9746.185546875
25013,7442.95654296875
25014,9500.7802734375
25015,8913.6474609375
25016,5327.5654296875
25017,9672.134765625
25018,19930.349609375
25019,11328.2099609375
25020,6405.0126953125
25021,3128.9169921875
25022,7685.2919921875
25023,9507.29296875
25024,7173.29638671875
25025,12008.0361328125
25026,20490.51953125
25027,4834.66455078125
25028,6149.234375
25029,8953.919921875
25030,5506.6494140625
25031,11646.27734375
25032,6875.07568359375
25033,8658.5693359375
25034,5905.43359375
25035,6620.25390625
25036,6363.8017578125
25037,7715.7998046875
25038,9419.419921875
25039,7012.7763671875
25040,6152.041015625
25041,7292.66015625
25042,6074.5576171875
25043,5596.5478515625
25044,7735.3505859375
25045,5511.36181640625
25046,6127.85205078125
25047,7837.1005859375
25048,5998.42333984375
25049,5632.86865234375
25050,7246.60546875
25051,7273.52001953125
25052,9536.171875
25053,9585.8955078125
25054,7624.58642578125
25055,6636.6552734375
25056,3874.349365234375
25057,6699.68798828125
25058,7025.5380859375
25059,5746.98876953125
25060,4530.12060546875
25061,7699.4453125
25062,7056.43408203125
25063,9807.41015625
25064,7372.18994140625
25065,6365.11181640625
25066,5208.15185546875
25067,5060.33740234375
25068,9530.58984375
25069,5696.5234375
25070,8734.4443359375
25071,14478.322265625
25072,7779.1240234375
25073,6120.0517578125
25074,4644.60107421875
25075,5165.0302734375
25076,6956.28564453125
25077,5053.3857421875
25078,6666.376953125
25079,11374.328125
25080,5503.17431640625
25081,17387.228515625
25082,14488.98046875
25083,4911.07373046875
25084,7231.6845703125
25085,6071.7109375
25086,7110.24365234375
25087,5659.48046875
25088,11775.0234375
25089,7419.38037109375
25090,10204.9580078125
25091,5707.00537109375
25092,8665.572265625
25093,6920.552734375
25094,9108.8447265625
25095,7603.6396484375
25096,5979.1513671875
25097,6664.99560546875
25098,5712.4716796875
25099,8938.1376953125
25100,9931.58984375
25101,7351.9228515625
25102,10336.3447265625
25103,6638.69384765625
25104,10111.9521484375
25105,5823.35400390625
25106,5784.83740234375
25107,6319.103515625
25108,11354.431640625
25109,6513.44287109375
25110,7503.91455078125
25111,8895.3974609375
25112,8000.16796875
25113,5828.06396484375
25114,8838.6875
25115,7674.5322265625
25116,4231.0068359375
25117,12501.6357421875
25118,16605.611328125
25119,7524.6318359375
25120,7668.15234375
25121,9617.759765625
25122,10616.3515625
25123,11539.4951171875
25124,5944.99169921875
25125,7912.54052734375
25126,6589.03173828125
25127,8626.095703125
25128,4522.27734375
25129,6902.65283203125
25130,6094.359375
25131,6885.38623046875
25132,7140.9140625
25133,5898.1748046875
25134,4836.43505859375
25135,7887.14111328125
25136,4217.93212890625
25137,4944.53271484375
25138,6736.87109375
25139,7342.90771484375
25140,9662.9033203125
25141,9770.4912109375
25142,8430.5185546875
25143,7211.8154296875
25144,6565.92529296875
25145,11105.18359375
25146,7882.32373046875
25147,5222.4482421875
25148,5423.93505859375
25149,11677.10546875
25150,4701.00537109375
25151,7424.08544921875
25152,3654.876220703125
25153,5731.50927734375
25154,9377.4287109375
25155,7885.1650390625
25156,6338.408203125
25157,9387.3740234375
25158,9654.9609375
25159,12758.0673828125
25160,6651.3759765625
25161,9505.2998046875
25162,3035.677978515625
25163,5634.50537109375
25164,6524.24267578125
25165,5132.4599609375
25166,8222.150390625
25167,5203.9599609375
25168,5721.43701171875
25169,9262.625
25170,11301.6123046875
25171,8415.193359375
25172,5429.21875
25173,6245.3232421875
25174,13384.6494140625
25175,8347.873046875
25176,6846.662109375
25177,5561.98828125
25178,7310.99072265625
25179,10214.59765625
25180,5583.70556640625
25181,6486.19970703125
25182,8515.4501953125
25183,9821.6015625
25184,13469.4150390625
25185,7705.80615234375
25186,15026.201171875
25187,6688.41357421875
25188,5702.65625
25189,3180.93603515625
25190,6777.9912109375
25191,6558.69189453125
25192,5801.609375
25193,7350.2431640625
25194,5620.259765625
25195,4500.74853515625
25196,7874.47265625
25197,4220.62646484375
25198,7045.6923828125
25199,7546.3525390625
25200,7989.61572265625
25201,8837.5283203125
25202,5472.50390625
25203,9583.8583984375
25204,5891.29150390625
25205,5997.744140625
25206,5437.32666015625
25207,6506.34130859375
25208,11103.96875
25209,6174.328125
25210,5064.3427734375
25211,7223.25634765625
25212,8963.0146484375
25213,7824.5986328125
25214,6913.376953125
25215,9591.4599609375
25216,6162.9794921875
25217,5675.52685546875
25218,7272.38818359375
25219,8786.8818359375
25220,7090.921875
25221,6929.96630859375
25222,5804.0029296875
25223,6090.2265625
25224,5487.67529296875
25225,5677.115234375
25226,8222.6953125
25227,8936.7158203125
25228,11070.521484375
25229,12149.6591796875
25230,9278.2265625
25231,8344.8486328125
25232,5450.0615234375
25233,11486.4951171875
25234,11770.048828125
25235,8471.4091796875
25236,8841.42578125
25237,8905.080078125
25238,6443.974609375
25239,4728.58203125
25240,8694.615234375
25241,8078.4580078125
25242,7701.3212890625
25243,7137.2353515625
25244,3204.060546875
25245,11375.3837890625
25246,8187.33056640625
25247,9209.513671875
25248,5526.947265625
25249,6567.2705078125
25250,6561.306640625
25251,9217.3935546875
25252,6387.61962890625
25253,6378.5888671875
25254,5874.6142578125
25255,4769.52734375
25256,4640.18115234375
25257,7393.869140625
25258,16990.9609375
25259,4859.3017578125
25260,5774.45458984375
25261,8009.97314453125
25262,5658.3994140625
25263,6037.65478515625
25264,5555.3720703125
25265,4355.15673828125
25266,7750.24267578125
25267,8059.15869140625
25268,4641.14013671875
25269,9400.8134765625
25270,5285.23779296875
25271,5154.2099609375
25272,10902.5087890625
25273,8149.8720703125
25274,10379.517578125
25275,5924.47802734375
25276,7229.09228515625
25277,5450.1103515625
25278,5093.67626953125
25279,14017.01953125
25280,11211.451171875
25281,6912.11474609375
25282,5890.47900390625
25283,4753.2802734375
25284,6655.59423828125
25285,4718.2744140625
25286,8778.5322265625
25287,5756.8486328125
25288,5496.2412109375
25289,8412.3193359375
25290,4728.93994140625
25291,6770.50146484375
25292,7555.5185546875
25293,7417.78271484375
25294,7574.8310546875
25295,4376.35107421875
25296,5118.07763671875
25297,6578.07470703125
25298,9702.7373046875
25299,8756.9765625
25300,7176.2568359375
25301,4029.2744140625
25302,7995.33642578125
25303,7018.291015625
25304,4951.35888671875
25305,6430.927734375
25306,7723.55224609375
25307,7065.27197265625
25308,7260.8125
25309,6378.8623046875
25310,7387.52783203125
25311,5918.4482421875
25312,7013.32861328125
25313,6983.326171875
25314,6714.28564453125
25315,9423.40625
25316,6011.34912109375
25317,5014.11572265625
25318,12413.697265625
25319,6823.2607421875
25320,5460.32177734375
25321,7632.9169921875
25322,9162.193359375
25323,11968.427734375
25324,5055.86767578125
25325,6193.70751953125
25326,6201.55517578125
25327,7673.02294921875
25328,5925.53564453125
25329,8728.84765625
25330,2874.405029296875
25331,6750.2490234375
25332,6983.65234375
25333,5860.62548828125
25334,5171.8779296875
25335,7106.01611328125
25336,8468.9384765625
25337,5962.0751953125
25338,10171.0751953125
25339,7486.16357421875
25340,9303.908203125
25341,6032.8505859375
25342,6924.00927734375
25343,7205.77197265625
25344,8033.74462890625
25345,7392.796875
25346,4102.56396484375
25347,8571.4091796875
25348,7762.2626953125
25349,7078.06396484375
25350,5590.1044921875
25351,5014.64501953125
25352,8938.2109375
25353,6374.4521484375
25354,9698.1708984375
25355,6950.1767578125
25356,6106.48486328125
25357,8457.482421875
25358,6518.69140625
25359,7438.38525390625
25360,7660.47509765625
25361,6004.220703125
25362,10903.443359375
25363,10738.1103515625
25364,8649.1845703125
25365,5302.71337890625
25366,6296.3642578125
25367,3947.77392578125
25368,3795.472412109375
25369,7892.49072265625
25370,5464.412109375
25371,9108.373046875
25372,4878.1357421875
25373,6790.1259765625
25374,5344.65966796875
25375,10519.9033203125
25376,5651.228515625
25377,5397.83642578125
25378,6875.23681640625
25379,7288.232421875
25380,4309.4638671875
25381,7392.86279296875
25382,9082.416015625
25383,8830.4443359375
25384,8116.19970703125
25385,6919.87109375
25386,6314.98779296875
25387,5197.630859375
25388,5328.03515625
25389,12086.9453125
25390,9660.56640625
25391,9727.2900390625
25392,14972.8544921875
25393,5875.0048828125
25394,4864.9853515625
25395,6255.1201171875
25396,9416.5654296875
25397,10435.1640625
25398,7773.2607421875
25399,7903.3486328125
25400,8723.4423828125
25401,6839.7900390625
25402,7565.83154296875
25403,6021.2724609375
25404,5494.74169921875
25405,5512.47021484375
25406,4231.99462890625
25407,5842.2353515625
25408,8494.5068359375
25409,19259.376953125
25410,7108.56201171875
25411,5081.951171875
25412,9434.52734375
25413,4956.6689453125
25414,6878.115234375
25415,4217.51416015625
25416,8752.4736328125
25417,7083.59619140625
25418,6517.17138671875
25419,13679.201171875
25420,11662.0126953125
25421,7718.8916015625
25422,7389.25146484375
25423,4110.64013671875
25424,5838.59033203125
25425,6775.24755859375
25426,8945.728515625
25427,4864.84228515625
25428,5712.49267578125
25429,5163.68798828125
25430,5374.89990234375
25431,7229.59619140625
25432,8086.92626953125
25433,3774.558837890625
25434,7962.84912109375
25435,8215.43359375
25436,8123.39013671875
25437,5238.171875
25438,4900.67529296875
25439,9210.5458984375
25440,4439.76806640625
25441,10643.134765625
25442,4864.89111328125
25443,6149.427734375
25444,7571.89794921875
25445,6347.1455078125
25446,5664.05322265625
25447,7019.228515625
25448,7809.19873046875
25449,8645.0166015625
25450,10410.5615234375
25451,6336.44677734375
25452,6448.29150390625
25453,6142.8642578125
25454,6220.21337890625
25455,5177.3369140625
25456,6766.8291015625
25457,6711.181640625
25458,11001.7392578125
25459,8326.2783203125
25460,6951.671875
25461,8564.7392578125
25462,5811.97216796875
25463,9819.408203125
25464,6345.1787109375
25465,14255.13671875
25466,6386.4091796875
25467,6324.45556640625
25468,6383.9248046875
25469,4306.98974609375
25470,7479.70458984375
25471,18969.94921875
25472,4473.86181640625
25473,5179.46630859375
25474,10641.33203125
25475,6846.87646484375
25476,7168.3203125
25477,8771.857421875
25478,6531.6328125
25479,6103.994140625
25480,4717.9248046875
25481,10325.822265625
25482,6779.1064453125
25483,7373.6455078125
25484,8034.27392578125
25485,6106.25341796875
25486,8165.37646484375
25487,6743.3212890625
25488,4439.86376953125
25489,8789.025390625
25490,9426.361328125
25491,5189.15771484375
25492,8179.2919921875
25493,7164.85302734375
25494,6204.72314453125
25495,9120.09375
25496,6434.12890625
25497,7748.89453125
25498,4700.029296875
25499,4900.10791015625
25500,8425.025390625
25501,4677.29052734375
25502,8451.6171875
25503,5006.8447265625
25504,6001.083984375
25505,5167.17529296875
25506,7099.12939453125
25507,6334.64990234375
25508,7993.27490234375
25509,7391.6298828125
25510,8222.228515625
25511,6753.40625
25512,8110.35546875
25513,7453.328125
25514,9472.5166015625
25515,10189.236328125
25516,9902.564453125
25517,4330.2421875
25518,6392.01171875
25519,8105.7578125
25520,4841.83203125
25521,11931.09765625
25522,5859.85205078125
25523,9320.3916015625
25524,11193.6318359375
25525,7440.0283203125
25526,4685.10009765625
25527,12966.3828125
25528,10869.1220703125
25529,6767.17236328125
25530,9621.158203125
25531,9677.880859375
25532,6022.27587890625
25533,8131.328125
25534,6886.3291015625
25535,5846.03857421875
25536,5136.83349609375
25537,6814.47265625
25538,5049.9423828125
25539,7379.42529296875
25540,7376.5341796875
25541,6873.00390625
25542,8360.1220703125
25543,6597.49072265625
25544,6664.43408203125
25545,5881.9296875
25546,7782.79150390625
25547,7235.6142578125
25548,6306.3525390625
25549,9891.6875
25550,7586.77197265625
25551,8676.68359375
25552,5751.85986328125
25553,6076.771484375
25554,7025.0458984375
25555,7628.9931640625
25556,7774.63232421875
25557,5058.091796875
25558,4064.735107421875
25559,8218.7080078125
25560,7335.2001953125
25561,6211.0224609375
25562,8408.140625
25563,6480.72900390625
25564,7604.6796875
25565,5126.55322265625
25566,4663.4560546875
25567,7202.85595703125
25568,6734.16162109375
25569,5882.837890625
25570,9880.2666015625
25571,10348.546875
25572,5354.0771484375
25573,7916.794921875
25574,4753.1689453125
25575,3110.515625
25576,8167.09228515625
25577,11309.123046875
25578,8222.1796875
25579,7584.501953125
25580,4269.13916015625
25581,6505.37841796875
25582,8907.1953125
25583,6676.60205078125
25584,6692.0009765625
25585,5109.970703125
25586,5822.841796875
25587,5213.50341796875
25588,5541.6591796875
25589,5396.18505859375
25590,5402.4013671875
25591,5453.12646484375
25592,4263.7919921875
25593,7440.6494140625
25594,9289.1689453125
25595,6271.0244140625
25596,6349.783203125
25597,7837.06103515625
25598,6773.34619140625
25599,8021.40283203125
25600,9728.8955078125
25601,8137.65234375
25602,5896.501953125
25603,4244.75732421875
25604,12284.623046875
25605,6940.12939453125
25606,5900.70849609375
25607,8910.34765625
25608,8345.1953125
25609,8741.9326171875
25610,6870.00830078125
25611,6982.58056640625
25612,9474.673828125
25613,15018.7685546875
25614,5555.5986328125
25615,5109.72705078125
25616,4843.353515625
25617,7531.55078125
25618,6224.560546875
25619,9762.2841796875
25620,8721.51171875
25621,5829.5078125
25622,4143.564453125
25623,6373.69677734375
25624,10703.359375
25625,4824.57177734375
25626,8542.162109375
25627,5491.29150390625
25628,7106.89501953125
25629,8567.869140625
25630,7469.78125
25631,9102.4208984375
25632,7100.9326171875
25633,4485.9599609375
25634,6166.98046875
25635,8351.337890625
25636,9089.83203125
25637,7780.99365234375
25638,8113.49072265625
25639,7715.32666015625
25640,4924.810546875
25641,10998.29296875
25642,4826.19970703125
25643,9431.583984375
25644,6657.53076171875
25645,4709.953125
25646,7743.92236328125
25647,6776.46728515625
25648,8419.11328125
25649,8783.658203125
25650,5945.439453125
25651,4203.99951171875
25652,7605.0986328125
25653,9382.673828125
25654,10247.7763671875
25655,5178.173828125
25656,5768.990234375
25657,6820.0380859375
25658,6925.8369140625
25659,5130.02001953125
25660,9562.99609375
25661,9505.6552734375
25662,11253.876953125
25663,4347.8271484375
25664,6437.4365234375
25665,9629.31640625
25666,9830.013671875
25667,5522.37353515625
25668,9505.1845703125
25669,6241.943359375
25670,6356.26416015625
25671,5629.962890625
25672,6616.90283203125
25673,5888.05859375
25674,6382.1240234375
25675,4901.12109375
25676,7143.39794921875
25677,9827.37890625
25678,7293.9306640625
25679,24682.080078125
25680,6962.705078125
25681,4646.6240234375
25682,8929.5263671875
25683,12387.548828125
25684,7024.84619140625
25685,8233.111328125
25686,6583.10595703125
25687,8128.17529296875
25688,8431.6181640625
25689,5381.45068359375
25690,6573.7568359375
25691,8031.09765625
25692,8188.7724609375
25693,8559.29296875
25694,11688.421875
25695,5925.138671875
25696,5139.16162109375
25697,6772.53564453125
25698,11662.583984375
25699,10887.9287109375
25700,10850.162109375
25701,9266.275390625
25702,6701.0654296875
25703,6640.16552734375
25704,5015.85302734375
25705,9087.3955078125
25706,11734.0361328125
25707,9536.4775390625
25708,6365.16357421875
25709,5379.8857421875
25710,4732.69580078125
25711,6651.55908203125
25712,11557.07421875
25713,7528.14453125
25714,5105.84033203125
25715,5105.4208984375
25716,8190.79931640625
25717,4132.2353515625
25718,8425.0224609375
25719,5486.462890625
25720,7449.65966796875
25721,7957.9326171875
25722,6034.37109375
25723,7573.91845703125
25724,8284.6552734375
25725,5803.15625
25726,7987.13427734375
25727,7841.310546875
25728,11887.7734375
25729,6430.60302734375
25730,8589.638671875
25731,7783.28564453125
25732,10018.0009765625
25733,7463.2353515625
25734,10746.5888671875
25735,6040.91796875
25736,5854.8740234375
25737,6828.28955078125
25738,6535.88427734375
25739,10192.697265625
25740,8340.6865234375
25741,6839.84619140625
25742,8260.361328125
25743,8998.3994140625
25744,11040.2158203125
25745,4448.89501953125
25746,15627.4443359375
25747,4714.599609375
25748,6473.53564453125
25749,9449.681640625
25750,5664.84814453125
25751,6419.8037109375
25752,7567.39404296875
25753,8401.486328125
25754,6165.87841796875
25755,5429.013671875
25756,7595.46728515625
25757,9499.7998046875
25758,7112.26416015625
25759,5592.3271484375
25760,7515.27685546875
25761,11970.0830078125
25762,6789.0380859375
25763,5468.00244140625
25764,7254.02734375
25765,6044.7919921875
25766,6608.2587890625
25767,8349.9404296875
25768,4091.369140625
25769,9568.3916015625
25770,7162.40673828125
25771,7734.1318359375
25772,10780.6005859375
25773,4406.7626953125
25774,6710.94775390625
25775,6651.34814453125
25776,9881.990234375
25777,10447.7509765625
25778,4798.30078125
25779,4864.1875
25780,8014.80859375
25781,7174.154296875
25782,6433.48291015625
25783,5387.8837890625
25784,7247.970703125
25785,8069.4921875
25786,6221.3828125
25787,4753.96435546875
25788,7783.8232421875
25789,9269.4833984375
25790,7914.51611328125
25791,9681.431640625
25792,8652.6796875
25793,6383.52099609375
25794,10109.2109375
25795,6692.83544921875
25796,8232.0576171875
25797,9992.1572265625
25798,7320.1337890625
25799,12091.2001953125
25800,8489.8486328125
25801,8541.7744140625
25802,6567.96533203125
25803,8488.8037109375
25804,8306.51171875
25805,7035.34326171875
25806,4125.60400390625
25807,7097.85791015625
25808,9336.5341796875
25809,6726.27294921875
25810,4795.880859375
25811,9669.9169921875
25812,6303.72216796875
25813,6658.376953125
25814,6679.23046875
25815,5867.5029296875
25816,9114.4921875
25817,7645.609375
25818,8888.3115234375
25819,6487.49462890625
25820,7303.26416015625
25821,7140.71337890625
25822,3702.38134765625
25823,8195.916015625
25824,6969.58984375
25825,9165.140625
25826,7692.88134765625
25827,6493.8125
25828,13412.388671875
25829,6948.60595703125
25830,5316.11083984375
25831,11955.9912109375
25832,7395.49755859375
25833,8743.2333984375
25834,7490.87646484375
25835,5569.81494140625
25836,7192.48291015625
25837,5400.884765625
25838,9545.7978515625
25839,12893.556640625
25840,6988.9765625
25841,4556.48095703125
25842,5121.94677734375
25843,9667.423828125
25844,8457.4892578125
25845,7609.2138671875
25846,7178.78271484375
25847,5380.00244140625
25848,5552.33251953125
25849,4010.4404296875
25850,6226.6611328125
25851,6491.6630859375
25852,8026.73681640625
25853,8280.4580078125
25854,14367.9326171875
25855,9515.45703125
25856,10766.0654296875
25857,7028.828125
25858,8587.943359375
25859,10732.8466796875
25860,12153.9443359375
25861,6605.58349609375
25862,7469.10791015625
25863,5715.46630859375
25864,6931.86572265625
25865,5202.9306640625
25866,8555.572265625
25867,5444.52734375
25868,9833.5478515625
25869,8004.21728515625
25870,10165.671875
25871,8909.248046875
25872,5200.6826171875
25873,10315.7421875
25874,20777.638671875
25875,12223.3623046875
25876,7104.63916015625
25877,3219.239013671875
25878,8356.7587890625
25879,9844.5166015625
25880,7816.8251953125
25881,12379.4365234375
25882,20031.13671875
25883,4415.251953125
25884,6284.6015625
25885,9881.41796875
25886,5212.3564453125
25887,11729.30859375
25888,8078.1318359375
25889,9148.2978515625
25890,6330.6279296875
25891,6857.12890625
25892,7108.25048828125
25893,7900.4931640625
25894,11377.484375
25895,6258.9580078125
25896,6206.328125
25897,7328.04736328125
25898,6538.03857421875
25899,5978.07861328125
25900,8116.31982421875
25901,5788.130859375
25902,6667.50732421875
25903,8739.2099609375
25904,6673.921875
25905,5993.4365234375
25906,8036.53759765625
25907,7894.35693359375
25908,9696.9384765625
25909,9051.603515625
25910,9262.7890625
25911,5939.9931640625
25912,4106.654296875
25913,7580.61181640625
25914,7653.37890625
25915,6053.08642578125
25916,4685.90380859375
25917,9103.0400390625
25918,8106.49169921875
25919,9791.19921875
25920,8155.8564453125
25921,6003.33154296875
25922,5580.49560546875
25923,4503.7236328125
25924,11257.5869140625
25925,5794.3486328125
25926,8056.53759765625
25927,15848.701171875
25928,7898.65185546875
25929,7127.18212890625
25930,4785.13134765625
25931,5611.1884765625
25932,8050.46728515625
25933,4966.23828125
25934,6140.35986328125
25935,12439.8798828125
25936,6089.06201171875
25937,18751.634765625
25938,15828.3896484375
25939,5007.23681640625
25940,7357.83203125
25941,6885.1005859375
25942,7666.9482421875
25943,6312.19091796875
25944,12374.7412109375
25945,7167.82080078125
25946,11564.982421875
25947,6635.2919921875
25948,8612.8720703125
25949,6677.7158203125
25950,9423.25390625
25951,7915.69921875
25952,7014.5703125
25953,6663.83447265625
25954,6680.78759765625
25955,9377.568359375
25956,10419.9560546875
25957,6940.45458984375
25958,10464.841796875
25959,6454.103515625
25960,10889.3740234375
25961,5741.38330078125
25962,6383.7392578125
25963,6585.14892578125
25964,11643.2353515625
25965,6571.21142578125
25966,8547.30859375
25967,8606.4892578125
25968,8381.544921875
25969,6044.69580078125
25970,9802.236328125
25971,8346.2783203125
25972,4425.17919921875
25973,12988.7255859375
25974,17191.53125
25975,8180.26806640625
25976,8214.6005859375
25977,11333.9443359375
25978,11488.69140625
25979,12251.7646484375
25980,6221.89453125
25981,8344.169921875
25982,7102.43505859375
25983,9004.5908203125
25984,4742.44970703125
25985,7650.28271484375
25986,6166.1953125
25987,7128.91845703125
25988,7268.55712890625
25989,5950.05419921875
25990,5527.0751953125
25991,8269.1337890625
25992,4634.22265625
25993,5174.66357421875
25994,7192.62939453125
25995,7670.32861328125
25996,9974.439453125
25997,10253.0146484375
25998,8939.08984375
25999,7437.6474609375
26000,6918.03125
26001,11897.6005859375
26002,7855.78271484375
26003,5852.8828125
26004,5900.14892578125
26005,11652.1025390625
26006,4947.59814453125
26007,7853.3515625
26008,3896.70556640625
26009,6130.97900390625
26010,9344.0029296875
26011,7921.57666015625
26012,6484.40966796875
26013,9479.0849609375
26014,9784.361328125
26015,12555.8955078125
26016,7419.28076171875
26017,9501.310546875
26018,3540.656982421875
26019,6060.97802734375
26020,7068.326171875
26021,4559.01416015625
26022,8396.6083984375
26023,5249.00537109375
26024,6161.9443359375
26025,9424.2041015625
26026,11504.349609375
26027,7948.12744140625
26028,6700.40283203125
26029,6420.3056640625
26030,12914.25390625
26031,8017.60009765625
26032,7497.3583984375
26033,5948.9462890625
26034,7765.91357421875
26035,12044.4296875
26036,5553.0732421875
26037,6942.18603515625
26038,9157.9091796875
26039,9792.3740234375
26040,14310.763671875
26041,7977.05908203125
26042,15482.1650390625
26043,7446.18115234375
26044,5753.7490234375
26045,3575.31005859375
26046,7506.89208984375
26047,6388.47119140625
26048,6447.88134765625
26049,7276.1865234375
26050,6093.5673828125
26051,5048.0947265625
26052,7879.158203125
26053,5735.7275390625
26054,7209.373046875
26055,8368.4873046875
26056,9016.1044921875
26057,9984.6904296875
26058,5968.55322265625
26059,9984.7158203125
26060,5841.67138671875
26061,6187.853515625
26062,5603.85546875
26063,6405.31298828125
26064,11357.3037109375
26065,6664.5712890625
26066,5338.49560546875
26067,6652.72900390625
26068,9357.7099609375
26069,8331.2421875
26070,8017.23046875
26071,9583.583984375
26072,6013.51318359375
26073,6526.3212890625
26074,7486.470703125
26075,9023.41796875
26076,7348.2041015625
26077,7398.94384765625
26078,6312.3056640625
26079,6056.31298828125
26080,5479.06005859375
26081,4945.49853515625
26082,8327.1826171875
26083,9278.341796875
26084,11989.7861328125
26085,13194.166015625
26086,9047.470703125
26087,8552.4326171875
26088,5338.939453125
26089,11836.5400390625
26090,11362.8251953125
26091,9105.3896484375
26092,9244.8427734375
26093,10586.2333984375
26094,6328.02587890625
26095,5505.1533203125
26096,8696.634765625
26097,8710.5986328125
26098,8657.58203125
26099,7954.3212890625
26100,3489.6044921875
26101,12123.2294921875
26102,7767.56982421875
26103,11118.943359375
26104,5287.57421875
26105,5522.81787109375
26106,7540.3896484375
26107,10734.546875
26108,6636.15087890625
26109,6304.5771484375
26110,5188.81591796875
26111,4610.87939453125
26112,5112.5771484375
26113,8201.83203125
26114,18095.197265625
26115,5516.74267578125
26116,6467.91650390625
26117,8348.9482421875
26118,5537.517578125
26119,6294.1591796875
26120,5654.89208984375
26121,4766.70751953125
26122,7688.0439453125
26123,7792.0888671875
26124,4632.255859375
26125,9804.603515625
26126,6724.185546875
26127,5395.63427734375
26128,10598.7333984375
26129,8888.4599609375
26130,10978.337890625
26131,6698.90869140625
26132,7966.45166015625
26133,5660.7421875
26134,5519.599609375
26135,14220.8251953125
26136,11485.4013671875
26137,6675.52587890625
26138,6102.900390625
26139,4534.1435546875
26140,6582.17138671875
26141,5591.6943359375
26142,9398.9677734375
26143,6087.83837890625
26144,6074.06640625
26145,8186.62109375
26146,4677.759765625
26147,7115.2255859375
26148,8581.228515625
26149,7693.408203125
26150,7957.626953125
26151,4981.89990234375
26152,5723.81201171875
26153,7286.14111328125
26154,11023.3349609375
26155,8826.1943359375
26156,7673.00439453125
26157,4663.23974609375
26158,7641.08837890625
26159,6873.609375
26160,4078.872802734375
26161,7755.6318359375
26162,7895.455078125
26163,7744.458984375
26164,7941.8720703125
26165,6368.39990234375
26166,8207.3544921875
26167,6477.30859375
26168,6896.22265625
26169,6544.61328125
26170,7912.63916015625
26171,10836.478515625
26172,6479.85400390625
26173,5377.15673828125
26174,12845.005859375
26175,7185.1171875
26176,5846.79736328125
26177,8292.087890625
26178,9046.998046875
26179,13471.73828125
26180,5207.2822265625
26181,6657.87158203125
26182,6321.06640625
26183,7828.64306640625
26184,7641.9970703125
26185,8702.7333984375
26186,3983.298828125
26187,6122.84814453125
26188,7151.03125
26189,6072.8955078125
26190,5465.50537109375
26191,6966.59521484375
26192,9686.7734375
26193,6886.24462890625
26194,9787.513671875
26195,8214.416015625
26196,9751.1572265625
26197,5520.22119140625
26198,7775.55810546875
26199,8044.6181640625
26200,8639.2119140625
26201,7644.34521484375
26202,4933.1796875
26203,8480.1240234375
26204,8539.673828125
26205,7639.80224609375
26206,5686.021484375
26207,4913.49609375
26208,9767.7802734375
26209,7347.23046875
26210,9941.24609375
26211,7126.6806640625
26212,7047.31103515625
26213,9941.76171875
26214,7641.8818359375
26215,8203.0595703125
26216,8230.84765625
26217,5949.755859375
26218,10794.412109375
26219,11395.9833984375
26220,8935.748046875
26221,5407.22802734375
26222,6468.79833984375
26223,4740.30517578125
26224,4457.36767578125
26225,9055.8642578125
26226,5557.04345703125
26227,10552.646484375
26228,5431.60791015625
26229,7165.16015625
26230,6685.3466796875
26231,10186.5625
26232,5334.6650390625
26233,5354.90283203125
26234,7466.75537109375
26235,7823.49755859375
26236,5152.31201171875
26237,7582.03759765625
26238,8486.685546875
26239,8972.8310546875
26240,8601.2705078125
26241,7472.24267578125
26242,6643.0400390625
26243,6410.23828125
26244,5337.20068359375
26245,12789.201171875
26246,10098.1103515625
26247,9729.166015625
26248,15929.8310546875
26249,6615.30615234375
26250,5552.830078125
26251,6503.50341796875
26252,9935.9248046875
26253,11466.22265625
26254,7931.1875
26255,9105.7412109375
26256,8995.4619140625
26257,6746.2001953125
26258,7611.916015625
26259,6359.41064453125
26260,5723.8115234375
26261,5750.72021484375
26262,4694.7490234375
26263,6259.40625
26264,9188.3623046875
26265,19180.318359375
26266,7554.79443359375
26267,5997.60693359375
26268,8420.4130859375
26269,5269.59716796875
26270,6599.62939453125
26271,4284.71240234375
26272,9541.75390625
26273,6926.49169921875
26274,6877.82568359375
26275,14432.658203125
26276,12392.533203125
26277,8214.25390625
26278,7972.990234375
26279,3929.22705078125
26280,5535.83447265625
26281,7113.7080078125
26282,9343.55859375
26283,5403.85791015625
26284,5901.48828125
26285,5788.21142578125
26286,5932.8759765625
26287,8046.99609375
26288,8056.8076171875
26289,4165.13232421875
26290,8618.5771484375
26291,9239.7421875
26292,8113.0361328125
26293,5890.08935546875
26294,5637.2509765625
26295,9812.2998046875
26296,4545.41357421875
26297,10696.048828125
26298,4915.126953125
26299,6242.32666015625
26300,8030.22900390625
26301,7027.73291015625
26302,5964.3056640625
26303,6673.2509765625
26304,8359.392578125
26305,9077.03125
26306,10969.640625
26307,6043.9111328125
26308,6849.29931640625
26309,6242.25927734375
26310,6817.1083984375
26311,5729.20849609375
26312,7370.64501953125
26313,6663.67919921875
26314,11609.890625
26315,8883.455078125
26316,7172.4970703125
26317,8476.58203125
26318,6538.58837890625
26319,10301.80078125
26320,7174.58251953125
26321,15957.27734375
26322,7499.76220703125
26323,6686.4267578125
26324,5216.63330078125
26325,4148.77734375
26326,7769.8037109375
26327,19321.455078125
26328,4756.57275390625
26329,5511.7099609375
26330,11216.6669921875
26331,6948.79541015625
26332,8278.541015625
26333,9118.1826171875
26334,7384.5908203125
26335,6136.12060546875
26336,5262.39208984375
26337,11779.337890625
26338,7178.36474609375
26339,7607.95263671875
26340,8595.474609375
26341,6315.974609375
26342,8708.2734375
26343,8011.08837890625
26344,4399.73828125
26345,9508.427734375
26346,10384.5595703125
26347,4993.0126953125
26348,8499.3984375
26349,7603.146484375
26350,5966.75634765625
26351,9212.978515625
26352,6654.4775390625
26353,7827.27294921875
26354,5293.19140625
26355,5952.68310546875
26356,7805.8876953125
26357,4372.212890625
26358,8807.78125
26359,4867.888671875
26360,6484.10205078125
26361,5398.41015625
26362,7558.98779296875
26363,6627.53759765625
26364,8509.6240234375
26365,8082.66259765625
26366,8249.6845703125
26367,6985.60986328125
26368,7259.57958984375
26369,7450.4140625
26370,9779.7900390625
26371,10651.533203125
26372,9214.154296875
26373,3810.14208984375
26374,7068.27587890625
26375,9168.4560546875
26376,4363.876953125
26377,11502.798828125
26378,6225.07568359375
26379,9388.6904296875
26380,11288.607421875
26381,7824.94384765625
26382,5050.40673828125
26383,13426.640625
26384,10591.6162109375
26385,6768.5
26386,10911.849609375
26387,11246.162109375
26388,6532.16064453125
26389,7466.3916015625
26390,7701.193359375
26391,6358.7587890625
26392,5186.76953125
26393,7371.70361328125
26394,5426.78759765625
26395,7652.6181640625
26396,7569.0673828125
26397,7644.08447265625
26398,8580.0458984375
26399,6722.79638671875
26400,7127.10546875
26401,5740.8095703125
26402,8410.880859375
26403,7974.369140625
26404,6496.21728515625
26405,10358.087890625
26406,8082.3388671875
26407,9766.6611328125
26408,6269.50830078125
26409,5978.06005859375
26410,7616.984375
26411,7541.17431640625
26412,8899.9140625
26413,5036.2890625
26414,4472.35791015625
26415,7496.92626953125
26416,6980.7216796875
26417,7043.07666015625
26418,9107.783203125
26419,6565.94873046875
26420,7060.7509765625
26421,5510.9599609375
26422,4618.2392578125
26423,8216.8330078125
26424,7299.43701171875
26425,7944.5048828125
26426,9787.0302734375
26427,10585.4169921875
26428,5693.82373046875
26429,8405.037109375
26430,4995.65625
26431,3099.436767578125
26432,8633.234375
26433,11631.4033203125
26434,8511.8564453125
26435,8157.1962890625
26436,5308.677734375
26437,7281.72509765625
26438,9451.6142578125
26439,7053.05078125
26440,8355.1689453125
26441,5510.8720703125
26442,5704.6552734375
26443,5645.35546875
26444,5936.4892578125
26445,6546.0263671875
26446,5460.22998046875
26447,6039.6845703125
26448,4201.92626953125
26449,7708.6181640625
26450,9427.4111328125
26451,6694.16015625
26452,7102.43603515625
26453,8049.76123046875
26454,6508.45068359375
26455,9175.9658203125
26456,9492.1884765625
26457,8165.1123046875
26458,5703.490234375
26459,4271.2958984375
26460,14703.3330078125
26461,6874.72509765625
26462,6813.24658203125
26463,9890.6455078125
26464,8810.1474609375
26465,8862.791015625
26466,6925.439453125
26467,7303.759765625
26468,10765.7529296875
26469,15589.74609375
26470,6168.1396484375
26471,6279.1123046875
26472,4785.39990234375
26473,7374.20849609375
26474,6062.0498046875
26475,9358.634765625
26476,9589.494140625
26477,6302.7802734375
26478,4634.70751953125
26479,6890.302734375
26480,10875.39453125
26481,5510.1826171875
26482,8616.0751953125
26483,6093.87646484375
26484,7835.20068359375
26485,9423.630859375
26486,7744.8154296875
26487,9259.8701171875
26488,7411.92138671875
26489,5067.6904296875
26490,6575.974609375
26491,9075.337890625
26492,9031.8564453125
26493,7444.2109375
26494,8330.974609375
26495,8529.2021484375
26496,5242.8359375
26497,11413.4765625
26498,5225.6474609375
26499,10840.9580078125
26500,7034.99072265625
26501,5124.11376953125
26502,8854.8056640625
26503,6859.6806640625
26504,9222.412109375
26505,9256.373046875
26506,5229.10205078125
26507,5292.12255859375
26508,8983.515625
26509,10816.99609375
26510,10632.2216796875
26511,5581.94091796875
26512,6527.14404296875
26513,8043.68310546875
26514,7552.02734375
26515,6038.203125
26516,10345.193359375
26517,9871.71484375
26518,13546.326171875
26519,4242.5302734375
26520,6339.8779296875
26521,10019.73046875
26522,10284.716796875
26523,6612.8759765625
26524,10158.6015625
26525,6803.2568359375
26526,7411.79052734375
26527,5466.06298828125
26528,7151.380859375
26529,5512.56982421875
26530,7178.66064453125
26531,4805.53466796875
26532,8093.08447265625
26533,11026.396484375
26534,6608.09228515625
26535,24147.623046875
26536,7743.16455078125
26537,5622.40625
26538,9983.947265625
26539,14179.41015625
26540,8914.158203125
26541,10806.0390625
26542,7167.22509765625
26543,11090.232421875
26544,10896.134765625
26545,8430.400390625
26546,7826.3427734375
26547,10374.18359375
26548,10387.4462890625
26549,10589.0947265625
26550,11605.193359375
26551,9159.4560546875
26552,7090.55078125
26553,9848.21875
26554,15479.728515625
26555,11922.2216796875
26556,14171.0205078125
26557,13381.3212890625
26558,8162.83984375
26559,7850.65185546875
26560,5622.53466796875
26561,11243.3359375
26562,17164.318359375
26563,11416.1669921875
26564,9421.197265625
26565,11039.1796875
26566,5460.47802734375
26567,8412.9208984375
26568,13934.9072265625
26569,9581.7578125
26570,7426.16455078125
26571,8090.9609375
26572,9939.107421875
26573,4713.1279296875
26574,9869.9326171875
26575,6707.2939453125
26576,10247.421875
26577,10608.2197265625
26578,7204.95654296875
26579,10104.68359375
26580,10479.107421875
26581,7670.2001953125
26582,9260.7529296875
26583,9424.73828125
26584,15427.1689453125
26585,7708.060546875
26586,10541.0625
26587,9422.21484375
26588,11641.111328125
26589,9977.2265625
26590,12668.51953125
26591,7935.54541015625
26592,6605.3662109375
26593,8572.95703125
26594,8211.603515625
26595,11888.3916015625
26596,10590.8720703125
26597,8369.5712890625
26598,10685.501953125
26599,9391.0615234375
26600,13143.705078125
26601,5356.71142578125
26602,18327.5
26603,6096.37158203125
26604,7932.8916015625
26605,11769.6025390625
26606,7062.75146484375
26607,9051.4404296875
26608,9402.052734375
26609,11240.681640625
26610,8471.72265625
26611,7275.814453125
26612,10194.978515625
26613,10639.875
26614,9055.68359375
26615,7646.62255859375
26616,9228.7265625
26617,16363.453125
26618,8210.984375
26619,6393.5625
26620,9346.1826171875
26621,6988.50634765625
26622,7213.99951171875
26623,10517.9892578125
26624,5226.27197265625
26625,13105.46484375
26626,9248.009765625
26627,9906.0244140625
26628,12621.2265625
26629,4930.48095703125
26630,8231.1728515625
26631,7898.45458984375
26632,12441.3896484375
26633,11748.69140625
26634,5525.998046875
26635,6337.5107421875
26636,9400.4775390625
26637,8107.21484375
26638,8712.7041015625
26639,8000.42041015625
26640,9258.248046875
26641,9431.2998046875
26642,7801.97265625
26643,6104.52197265625
26644,10497.873046875
26645,11073.146484375
26646,9989.3408203125
26647,13446.31640625
26648,11998.3212890625
26649,7508.07763671875
26650,12901.02734375
26651,8079.6767578125
26652,9396.1572265625
26653,13535.796875
26654,9260.923828125
26655,14652.765625
26656,10317.099609375
26657,11444.9697265625
26658,8670.8486328125
26659,9959.541015625
26660,11323.849609375
26661,8909.6650390625
26662,4858.81005859375
26663,8979.9638671875
26664,11397.6962890625
26665,7830.421875
26666,5977.04931640625
26667,12802.23046875
26668,7715.5712890625
26669,7853.740234375
26670,7735.349609375
26671,7974.001953125
26672,10721.9951171875
26673,9963.4990234375
26674,10607.6669921875
26675,9276.0888671875
26676,8004.47802734375
26677,9533.330078125
26678,5269.6923828125
26679,8567.271484375
26680,8769.1357421875
26681,11134.1923828125
26682,9260.4521484375
26683,8069.13720703125
26684,15762.2490234375
26685,8625.822265625
26686,6226.07666015625
26687,14255.3466796875
26688,8636.6025390625
26689,11772.2626953125
26690,8995.76171875
26691,6744.3818359375
26692,9180.3212890625
26693,8262.29296875
26694,11906.2138671875
26695,16951.544921875
26696,8818.0771484375
26697,5588.48583984375
26698,5868.6640625
26699,11981.255859375
26700,9795.0712890625
26701,9311.8701171875
26702,8949.3505859375
26703,5788.623046875
26704,7370.8271484375
26705,4812.29541015625
26706,7141.3662109375
26707,8414.7744140625
26708,11919.1142578125
26709,9520.08984375
26710,15211.537109375
26711,10983.5830078125
26712,13588.490234375
26713,9270.35546875
26714,9443.5595703125
26715,12505.0107421875
26716,17339.685546875
26717,8360.146484375
26718,9976.58984375
26719,7571.70654296875
26720,8688.935546875
26721,7364.6689453125
26722,10492.9638671875
26723,7594.9951171875
26724,11508.8076171875
26725,9565.65234375
26726,13145.6982421875
26727,11249.9169921875
26728,6753.6669921875
26729,13602.5869140625
26730,23873.9453125
26731,16827.255859375
26732,9749.8623046875
26733,3975.7021484375
26734,10212.80078125
26735,11908.583984375
26736,9261.2099609375
26737,12391.5810546875
26738,19825.5703125
26739,6270.80126953125
26740,8191.8203125
26741,11814.1142578125
26742,6365.7158203125
26743,13372.69921875
26744,9966.6669921875
26745,11867.2939453125
26746,7108.7177734375
26747,8796.8134765625
26748,8553.8896484375
26749,9992.380859375
26750,15797.2275390625
26751,9060.9912109375
26752,7886.50634765625
26753,9482.0078125
26754,7923.74560546875
26755,6959.818359375
26756,9573.82421875
26757,8512.9423828125
26758,8774.197265625
26759,10809.25390625
26760,8011.39453125
26761,7736.833984375
26762,9209.720703125
26763,10716.2587890625
26764,11995.36328125
26765,12071.4765625
26766,10302.5419921875
26767,7456.25244140625
26768,6565.396484375
26769,8690.08984375
26770,8893.6728515625
26771,8752.849609375
26772,5798.720703125
26773,10239.0087890625
26774,10795.2509765625
26775,13649.029296875
26776,9339.2216796875
26777,8285.0166015625
26778,7746.2236328125
26779,5685.3525390625
26780,14231.146484375
26781,7779.66796875
26782,10099.3095703125
26783,19395.45703125
26784,9990.3974609375
26785,8238.7041015625
26786,6576.33544921875
26787,6615.376953125
26788,10701.3466796875
26789,5951.359375
26790,7736.4384765625
26791,13666.53515625
26792,8317.8212890625
26793,21224.279296875
26794,17651.97265625
26795,7023.26806640625
26796,10553.9951171875
26797,8396.388671875
26798,9511.1904296875
26799,7650.25634765625
26800,14311.638671875
26801,9666.134765625
26802,12622.9873046875
26803,7590.1669921875
26804,9722.90625
26805,9015.8232421875
26806,12228.8125
26807,9948.4453125
26808,9123.5029296875
26809,9230.763671875
26810,6122.845703125
26811,12591.203125
26812,12078.884765625
26813,10409.47265625
26814,14564.3212890625
26815,8678.337890625
26816,13083.087890625
26817,6952.1162109375
26818,7294.08837890625
26819,8848.5751953125
26820,14685.1923828125
26821,8652.8251953125
26822,11013.65625
26823,11678.9609375
26824,11628.451171875
26825,7612.4541015625
26826,11091.0673828125
26827,9609.6806640625
26828,5613.15771484375
26829,16734.80859375
26830,20185.44140625
26831,11124.4912109375
26832,10728.126953125
26833,13626.48828125
26834,15144.3798828125
26835,13714.419921875
26836,8663.4931640625
26837,11925.4404296875
26838,9488.65234375
26839,11254.1474609375
26840,6131.494140625
26841,9622.0166015625
26842,8203.1865234375
26843,8655.529296875
26844,8747.2763671875
26845,8248.296875
26846,7922.7958984375
26847,11961.2353515625
26848,5549.63330078125
26849,6471.51611328125
26850,8927.5849609375
26851,9782.1279296875
26852,13935.5400390625
26853,11407.853515625
26854,10753.3564453125
26855,9690.3701171875
26856,8903.2666015625
26857,13899.5439453125
26858,9842.1328125
26859,7026.76904296875
26860,7104.0322265625
26861,13471.580078125
26862,5731.7216796875
26863,10023.8720703125
26864,5010.50146484375
26865,7276.5380859375
26866,11998.7587890625
26867,9983.3701171875
26868,9133.3193359375
26869,11475.568359375
26870,12328.3515625
26871,14348.3837890625
26872,8318.9560546875
26873,11649.0078125
26874,4698.46728515625
26875,7495.392578125
26876,8313.8857421875
26877,6414.498046875
26878,9687.9912109375
26879,7273.5986328125
26880,7454.25
26881,11812.3056640625
26882,16375.1474609375
26883,11277.759765625
26884,8312.4853515625
26885,8397.873046875
26886,15114.1103515625
26887,9427.216796875
26888,8620.3017578125
26889,7876.318359375
26890,9324.5283203125
26891,12914.5390625
26892,8232.216796875
26893,9041.4013671875
26894,12040.326171875
26895,11573.421875
26896,16404.345703125
26897,9332.1357421875
26898,18103.66796875
26899,9299.4150390625
26900,7104.34814453125
26901,4878.1337890625
26902,9225.9052734375
26903,8848.9384765625
26904,8599.935546875
26905,9192.5322265625
26906,7717.8603515625
26907,6734.09326171875
26908,10165.3056640625
26909,7154.10546875
26910,8856.7060546875
26911,10678.578125
26912,10394.30859375
26913,12730.0146484375
26914,7765.33349609375
26915,11401.4990234375
26916,7163.29931640625
26917,8517.646484375
26918,7123.07470703125
26919,7151.11767578125
26920,14451.6083984375
26921,8415.796875
26922,5401.310546875
26923,9509.900390625
26924,12882.9130859375
26925,10936.416015625
26926,9402.11328125
26927,11861.1591796875
26928,7411.29638671875
26929,6585.12060546875
26930,9785.2060546875
26931,11485.2333984375
26932,10016.97265625
26933,9639.701171875
26934,8936.6123046875
26935,7790.74365234375
26936,7573.7490234375
26937,7474.7294921875
26938,11482.9560546875
26939,11044.2294921875
26940,13893.744140625
26941,18294.572265625
26942,11839.46875
26943,9696.244140625
26944,6289.22314453125
26945,13791.5732421875
26946,15003.517578125
26947,11337.9521484375
26948,11453.0888671875
26949,11565.7265625
26950,7578.2421875
26951,6357.98095703125
26952,10114.6865234375
26953,11012.7333984375
26954,11396.0087890625
26955,9646.2421875
26956,4923.263671875
26957,15591.6591796875
26958,11796.0439453125
26959,11988.396484375
26960,6427.56201171875
26961,8269.1884765625
26962,8198.70703125
26963,13069.4970703125
26964,8131.45947265625
26965,7964.17626953125
26966,7403.87890625
26967,5927.8623046875
26968,5505.48974609375
26969,9792.443359375
26970,19399.947265625
26971,6715.306640625
26972,8288.3525390625
26973,11040.6787109375
26974,6924.2890625
26975,7999.7861328125
26976,7452.1484375
26977,6625.99755859375
26978,10463.5185546875
26979,10301.8515625
26980,6309.49609375
26981,12862.607421875
26982,8592.779296875
26983,6745.306640625
26984,13199.29296875
26985,11730.5380859375
26986,11974.67578125
26987,8184.1455078125
26988,8998.8291015625
26989,6235.73095703125
26990,6775.17236328125
26991,17070.984375
26992,15975.8173828125
26993,8863.4814453125
26994,8732.607421875
26995,7122.7861328125
26996,8052.7880859375
26997,6738.3271484375
26998,10665.51953125
26999,6632.8759765625
27000,6982.9638671875
27001,10711.03125
27002,6433.892578125
27003,8652.7978515625
27004,8909.2080078125
27005,10263.00390625
27006,10174.326171875
27007,6924.8994140625
27008,8408.2607421875
27009,10174.654296875
27010,13246.935546875
27011,10426.470703125
27012,9839.3896484375
27013,5551.95166015625
27014,9667.0986328125
27015,7352.67578125
27016,5886.693359375
27017,9068.798828125
27018,10334.666015625
27019,10184.0048828125
27020,9893.775390625
27021,8336.7470703125
27022,10121.1376953125
27023,8536.03515625
27024,8593.7216796875
27025,8392.484375
27026,10905.466796875
27027,12562.341796875
27028,7828.52001953125
27029,7007.3125
27030,16808.037109375
27031,8635.72265625
27032,7330.02880859375
27033,9588.1455078125
27034,11598.060546875
27035,14847.67578125
27036,6287.34716796875
27037,8254.5
27038,7627.09814453125
27039,9675.185546875
27040,8618.6591796875
27041,11861.7734375
27042,4738.05029296875
27043,8480.904296875
27044,10271.6884765625
27045,6856.26220703125
27046,7705.78515625
27047,8962.1533203125
27048,12362.4892578125
27049,7832.5400390625
27050,11033.54296875
27051,10091.349609375
27052,12885.3173828125
27053,7881.46826171875
27054,8608.197265625
27055,9219.0546875
27056,11734.255859375
27057,10256.5380859375
27058,6543.099609375
27059,8229.626953125
27060,11207.1083984375
27061,9855.6181640625
27062,6966.52587890625
27063,5855.16650390625
27064,13127.1044921875
27065,9651.203125
27066,12012.9111328125
27067,9586.8701171875
27068,7923.18603515625
27069,12899.9697265625
27070,9903.4619140625
27071,11564.5244140625
27072,9648.419921875
27073,8686.7685546875
27074,12850.1494140625
27075,13716.853515625
27076,9498.888671875
27077,6900.857421875
27078,8842.48046875
27079,5366.70947265625
27080,5765.7978515625
27081,12707.7109375
27082,7523.95166015625
27083,12779.7529296875
27084,7136.09228515625
27085,9395.62890625
27086,8640.7060546875
27087,13102.3984375
27088,7028.021484375
27089,6775.5673828125
27090,9823.716796875
27091,9262.296875
27092,6970.46728515625
27093,9891.8134765625
27094,10192.6298828125
27095,10840.037109375
27096,11052.7841796875
27097,9403.765625
27098,8354.2890625
27099,7559.39453125
27100,6169.89892578125
27101,15325.2421875
27102,12463.7734375
27103,12221.29296875
27104,15658.1845703125
27105,8360.265625
27106,7034.1787109375
27107,8791.7587890625
27108,12146.765625
27109,14096.5986328125
27110,9952.40625
27111,11072.8193359375
27112,12506.1865234375
27113,8799.87890625
27114,11029.39453125
27115,8200.255859375
27116,7619.7822265625
27117,7267.4833984375
27118,6206.5595703125
27119,8633.9609375
27120,12491.1669921875
27121,22784.96484375
27122,9931.9052734375
27123,7581.87890625
27124,10540.38671875
27125,7688.4765625
27126,9410.2509765625
27127,5110.8271484375
27128,13358.9990234375
27129,9006.1513671875
27130,9256.234375
27131,18117.271484375
27132,12750.0498046875
27133,10062.470703125
27134,9864.052734375
27135,5222.220703125
27136,6425.9130859375
27137,7838.21630859375
27138,12046.33984375
27139,6994.8818359375
27140,7046.33984375
27141,6752.43798828125
27142,7245.29150390625
27143,10713.4814453125
27144,11713.5927734375
27145,4788.9921875
27146,11103.359375
27147,10834.59375
27148,10407.1552734375
27149,8314.8828125
27150,6595.0107421875
27151,11398.080078125
27152,6301.74072265625
27153,13328.013671875
27154,7061.05322265625
27155,8354.0166015625
27156,10134.322265625
27157,9814.79296875
27158,7163.22021484375
27159,8476.19921875
27160,10120.0947265625
27161,11619.6708984375
27162,13887.5
27163,8325.8203125
27164,7800.0146484375
27165,7596.5517578125
27166,8450.0390625
27167,7009.0029296875
27168,9104.0849609375
27169,8564.7158203125
27170,14833.6943359375
27171,12400.0595703125
27172,8784.7490234375
27173,9820.3994140625
27174,7051.46337890625
27175,12608.1748046875
27176,7975.4970703125
27177,16957.669921875
27178,9507.0537109375
27179,7981.7109375
27180,8190.80029296875
27181,5035.296875
27182,8846.3876953125
27183,25007.64453125
27184,6679.6845703125
27185,6761.43359375
27186,15578.4853515625
27187,8671.369140625
27188,10005.3212890625
27189,11809.9765625
27190,9061.515625
27191,7634.974609375
27192,6406.45751953125
27193,13285.6962890625
27194,8360.822265625
27195,9019.123046875
27196,10515.9326171875
27197,7989.88134765625
27198,10900.35546875
27199,9519.8154296875
27200,5490.1171875
27201,11357.8173828125
27202,11482.1806640625
27203,5555.06884765625
27204,10689.3857421875
27205,9917.7109375
27206,7261.80517578125
27207,13096.556640625
27208,8615.7138671875
27209,9286.017578125
27210,6140.31005859375
27211,7059.68408203125
27212,8907.05078125
27213,5937.99072265625
27214,10852.03515625
27215,6689.49560546875
27216,7427.4892578125
27217,6760.73681640625
27218,10074.2412109375
27219,7031.6220703125
27220,10272.525390625
27221,10017.1640625
27222,10469.8857421875
27223,9516.708984375
27224,10083.341796875
27225,8764.4091796875
27226,12442.140625
27227,13243.57421875
27228,10607.9951171875
27229,4428.18798828125
27230,8289.498046875
27231,11508.0400390625
27232,7034.5009765625
27233,15281.916015625
27234,8216.4052734375
27235,12192.03515625
27236,14050.0625
27237,8187.63525390625
27238,6610.66943359375
27239,14860.5107421875
27240,13761.669921875
27241,8110.96240234375
27242,12665.66796875
27243,12171.4052734375
27244,8589.91796875
27245,7591.7578125
27246,9512.70703125
27247,7515.6240234375
27248,6254.32958984375
27249,9413.9794921875
27250,7235.14697265625
27251,8631.6650390625
27252,10149.2646484375
27253,9742.2900390625
27254,12091.9453125
27255,8004.7666015625
27256,9160.458984375
27257,7672.70263671875
27258,9726.1259765625
27259,9852.580078125
27260,8290.5693359375
27261,12615.2255859375
27262,10051.01953125
27263,12388.3935546875
27264,8156.22119140625
27265,7656.60546875
27266,10268.0224609375
27267,9372.43359375
27268,9690.33984375
27269,6209.3330078125
27270,5951.0224609375
27271,8206.00390625
27272,7211.51123046875
27273,8699.1025390625
27274,11402.146484375
27275,8556.9619140625
27276,8673.6162109375
27277,7792.9873046875
27278,5450.22216796875
27279,9886.1708984375
27280,8969.0244140625
27281,9621.6513671875
27282,11755.0400390625
27283,12767.6533203125
27284,7263.166015625
27285,10878.740234375
27286,5814.10595703125
27287,3970.3642578125
27288,11557.263671875
27289,13690.078125
27290,10885.0634765625
27291,10518.578125
27292,7226.28759765625
27293,9434.3212890625
27294,12325.095703125
27295,9682.9619140625
27296,9246.1640625
27297,7066.53759765625
27298,6544.88623046875
27299,6031.43359375
27300,7308.05615234375
27301,7540.43505859375
27302,8250.943359375
27303,9834.1396484375
27304,5177.3427734375
27305,8534.740234375
27306,10653.5234375
27307,9072.537109375
27308,8329.029296875
27309,9750.171875
27310,8500.7294921875
27311,9427.74609375
27312,14522.080078125
27313,10338.552734375
27314,8112.34326171875
27315,6490.40283203125
27316,18492.29296875
27317,9098.1552734375
27318,9381.1171875
27319,13669.646484375
27320,9825.0625
27321,12177.2529296875
27322,8326.0283203125
27323,8341.498046875
27324,13100.974609375
27325,18824.501953125
27326,8305.8125
27327,8075.71337890625
27328,6555.01025390625
27329,9126.3076171875
27330,8239.1689453125
27331,10533.1845703125
27332,12099.5
27333,7620.61962890625
27334,6320.474609375
27335,8839.7314453125
27336,13732.1083984375
27337,6673.16162109375
27338,11406.189453125
27339,5950.47802734375
27340,10335.890625
27341,10872.91796875
27342,10175.5283203125
27343,11446.8076171875
27344,9983.302734375
27345,7412.25439453125
27346,8015.91552734375
27347,11490.2607421875
27348,11238.708984375
27349,10330.2138671875
27350,11126.650390625
27351,10331.798828125
27352,7192.29296875
27353,12882.919921875
27354,6736.37109375
27355,12113.16796875
27356,8717.486328125
27357,7782.8154296875
27358,10572.541015625
27359,8335.4990234375
27360,16082.5390625
27361,11952.2294921875
27362,6801.58447265625
27363,6146.03369140625
27364,11452.4521484375
27365,13393.2890625
27366,12438.06640625
27367,7538.81787109375
27368,7099.05224609375
27369,10384.7373046875
27370,9066.7373046875
27371,7104.16259765625
27372,12657.083984375
27373,13404.4091796875
27374,15625.9111328125
27375,5403.6669921875
27376,8626.076171875
27377,9827.4833984375
27378,14838.0419921875
27379,8124.47802734375
27380,14200.203125
27381,8212.38671875
27382,8280.52734375
27383,8052.541015625
27384,8675.6083984375
27385,6991.87841796875
27386,9623.2451171875
27387,7438.41796875
27388,10163.65234375
27389,14692.537109375
27390,8689.1650390625
27391,27178.140625
27392,10884.205078125
27393,0.0
27394,0.0
27395,0.0
27396,0.0
27397,0.0
27398,0.0
27399,0.0
27400,0.0
27401,0.0
27402,0.0
27403,0.0
27404,0.0
27405,0.0
27406,0.0
27407,0.0
27408,0.0
27409,0.0
27410,0.0
27411,0.0
27412,0.0
27413,0.0
27414,0.0
27415,0.0
27416,0.0
27417,0.0
27418,0.0
27419,0.0
27420,0.0
27421,0.0
27422,0.0
27423,0.0
27424,0.0
27425,0.0
27426,0.0
27427,0.0
27428,0.0
27429,0.0
27430,0.0
27431,0.0
27432,0.0
27433,0.0
27434,0.0
27435,0.0
27436,0.0
27437,0.0
27438,0.0
27439,0.0
27440,0.0
27441,0.0
27442,0.0
27443,0.0
27444,0.0
27445,0.0
27446,0.0
27447,0.0
27448,0.0
27449,0.0
27450,0.0
27451,0.0
27452,0.0
27453,0.0
27454,0.0
27455,0.0
27456,0.0
27457,0.0
27458,0.0
27459,0.0
27460,0.0
27461,0.0
27462,0.0
27463,0.0
27464,0.0
27465,0.0
27466,0.0
27467,0.0
27468,0.0
27469,0.0
27470,0.0
27471,0.0
27472,0.0
27473,0.0
27474,0.0
27475,0.0
27476,0.0
27477,0.0
27478,0.0
27479,0.0
27480,0.0
27481,0.0
27482,0.0
27483,0.0
27484,5883.52783203125
27485,0.0
27486,0.0
27487,0.0
27488,0.0
27489,0.0
27490,0.0
27491,0.0
27492,0.0
27493,0.0
27494,0.0
27495,0.0
27496,0.0
27497,0.0
27498,0.0
27499,0.0
27500,0.0
27501,0.0
27502,0.0
27503,0.0
27504,0.0
27505,0.0
27506,0.0
27507,0.0
27508,0.0
27509,0.0
27510,0.0
27511,0.0
27512,0.0
27513,0.0
27514,0.0
27515,0.0
27516,0.0
27517,0.0
27518,0.0
27519,0.0
27520,0.0
27521,0.0
27522,0.0
27523,0.0
27524,0.0
27525,0.0
27526,0.0
27527,0.0
27528,0.0
27529,0.0
27530,0.0
27531,0.0
27532,0.0
27533,0.0
27534,0.0
27535,0.0
27536,0.0
27537,0.0
27538,0.0
27539,0.0
27540,0.0
27541,0.0
27542,0.0
27543,0.0
27544,0.0
27545,0.0
27546,0.0
27547,0.0
27548,0.0
27549,0.0
27550,0.0
27551,0.0
27552,3523.0703125
27553,0.0
27554,0.0
27555,0.0
27556,0.0
27557,0.0
27558,0.0
27559,0.0
27560,0.0
27561,0.0
27562,0.0
27563,0.0
27564,0.0
27565,0.0
27566,0.0
27567,0.0
27568,0.0
27569,0.0
27570,0.0
27571,0.0
27572,0.0
27573,0.0
27574,0.0
27575,0.0
27576,0.0
27577,0.0
27578,0.0
27579,0.0
27580,0.0
27581,0.0
27582,0.0
27583,0.0
27584,0.0
27585,0.0
27586,0.0
27587,0.0
27588,0.0
27589,0.0
27590,0.0
27591,0.0
27592,0.0
27593,17142.15234375
27594,31631.0546875
27595,0.0
27596,0.0
27597,0.0
27598,0.0
27599,0.0
27600,0.0
27601,0.0
27602,8657.00390625
27603,0.0
27604,0.0
27605,0.0
27606,0.0
27607,0.0
27608,0.0
27609,0.0
27610,0.0
27611,0.0
27612,0.0
27613,0.0
27614,0.0
27615,0.0
27616,0.0
27617,0.0
27618,0.0
27619,0.0
27620,0.0
27621,7639.1396484375
27622,0.0
27623,0.0
27624,0.0
27625,0.0
27626,0.0
27627,0.0
27628,0.0
27629,0.0
27630,0.0
27631,3732.0439453125
27632,0.0
27633,0.0
27634,0.0
27635,0.0
27636,0.0
27637,0.0
27638,0.0
27639,0.0
27640,0.0
27641,0.0
27642,0.0
27643,0.0
27644,0.0
27645,0.0
27646,0.0
27647,0.0
27648,0.0
27649,8173.8779296875
27650,0.0
27651,0.0
27652,0.0
27653,0.0
27654,0.0
27655,0.0
27656,0.0
27657,0.0
27658,0.0
27659,0.0
27660,0.0
27661,0.0
27662,0.0
27663,0.0
27664,0.0
27665,0.0
27666,8822.4501953125
27667,0.0
27668,0.0
27669,0.0
27670,0.0
27671,0.0
27672,0.0
27673,0.0
27674,0.0
27675,0.0
27676,0.0
27677,0.0
27678,0.0
27679,0.0
27680,0.0
27681,0.0
27682,0.0
27683,0.0
27684,0.0
27685,0.0
27686,0.0
27687,0.0
27688,0.0
27689,0.0
27690,0.0
27691,0.0
27692,0.0
27693,0.0
27694,0.0
27695,0.0
27696,0.0
27697,0.0
27698,0.0
27699,0.0
27700,0.0
27701,0.0
27702,0.0
27703,0.0
27704,0.0
27705,0.0
27706,0.0
27707,0.0
27708,0.0
27709,0.0
27710,0.0
27711,0.0
27712,0.0
27713,0.0
27714,0.0
27715,0.0
27716,0.0
27717,0.0
27718,0.0
27719,0.0
27720,0.0
27721,0.0
27722,0.0
27723,0.0
27724,0.0
27725,0.0
27726,0.0
27727,0.0
27728,2129.89208984375
27729,0.0
27730,0.0
27731,0.0
27732,0.0
27733,0.0
27734,0.0
27735,0.0
27736,0.0
27737,0.0
27738,0.0
27739,0.0
27740,0.0
27741,0.0
27742,6766.9443359375
27743,0.0
27744,0.0
27745,0.0
27746,0.0
27747,0.0
27748,0.0
27749,0.0
27750,0.0
27751,0.0
27752,0.0
27753,0.0
27754,0.0
27755,0.0
27756,0.0
27757,0.0
27758,0.0
27759,0.0
27760,0.0
27761,0.0
27762,0.0
27763,0.0
27764,0.0
27765,0.0
27766,0.0
27767,0.0
27768,0.0
27769,0.0
27770,0.0
27771,0.0
27772,0.0
27773,0.0
27774,0.0
27775,0.0
27776,0.0
27777,0.0
27778,0.0
27779,0.0
27780,0.0
27781,0.0
27782,0.0
27783,0.0
27784,0.0
27785,8079.46044921875
27786,0.0
27787,0.0
27788,0.0
27789,0.0
27790,0.0
27791,0.0
27792,0.0
27793,0.0
27794,0.0
27795,3067.933837890625
27796,0.0
27797,0.0
27798,0.0
27799,6773.982421875
27800,0.0
27801,0.0
27802,0.0
27803,0.0
27804,0.0
27805,0.0
27806,0.0
27807,0.0
27808,0.0
27809,0.0
27810,0.0
27811,0.0
27812,0.0
27813,0.0
27814,0.0
27815,0.0
27816,0.0
27817,0.0
27818,0.0
27819,0.0
27820,0.0
27821,0.0
27822,0.0
27823,0.0
27824,0.0
27825,0.0
27826,21090.8046875
27827,0.0
27828,0.0
27829,0.0
27830,0.0
27831,0.0
27832,0.0
27833,0.0
27834,0.0
27835,0.0
27836,0.0
27837,0.0
27838,0.0
27839,0.0
27840,5942.69873046875
27841,0.0
27842,0.0
27843,0.0
27844,0.0
27845,0.0
27846,0.0
27847,0.0
27848,0.0
27849,0.0
27850,0.0
27851,0.0
27852,0.0
27853,0.0
27854,0.0
27855,0.0
27856,0.0
27857,0.0
27858,0.0
27859,0.0
27860,0.0
27861,0.0
27862,0.0
27863,0.0
27864,0.0
27865,0.0
27866,0.0
27867,0.0
27868,0.0
27869,0.0
27870,0.0
27871,0.0
27872,0.0
27873,0.0
27874,0.0
27875,0.0
27876,0.0
27877,0.0
27878,0.0
27879,0.0
27880,0.0
27881,0.0
27882,0.0
27883,0.0
27884,0.0
27885,0.0
27886,0.0
27887,0.0
27888,0.0
27889,0.0
27890,0.0
27891,0.0
27892,0.0
27893,0.0
27894,0.0
27895,0.0
27896,0.0
27897,0.0
27898,0.0
27899,0.0
27900,0.0
27901,0.0
27902,0.0
27903,0.0
27904,0.0
27905,0.0
27906,0.0
27907,0.0
27908,0.0
27909,0.0
27910,0.0
27911,0.0
27912,0.0
27913,0.0
27914,0.0
27915,13109.697265625
27916,0.0
27917,0.0
27918,0.0
27919,0.0
27920,0.0
27921,0.0
27922,0.0
27923,0.0
27924,0.0
27925,0.0
27926,0.0
27927,0.0
27928,0.0
27929,0.0
27930,0.0
27931,0.0
27932,0.0
27933,0.0
27934,0.0
27935,0.0
27936,0.0
27937,0.0
27938,0.0
27939,0.0
27940,0.0
27941,0.0
27942,0.0
27943,0.0
27944,0.0
27945,0.0
27946,0.0
27947,0.0
27948,0.0
27949,0.0
27950,0.0
27951,0.0
27952,0.0
27953,0.0
27954,0.0
27955,0.0
27956,0.0
27957,0.0
27958,0.0
27959,5531.0224609375
27960,17771.8203125
27961,0.0
27962,0.0
27963,0.0
27964,0.0
27965,0.0
27966,0.0
27967,0.0
27968,0.0
27969,0.0
27970,0.0
27971,0.0
27972,0.0
27973,0.0
27974,0.0
27975,0.0
27976,0.0
27977,0.0
27978,0.0
27979,0.0
27980,0.0
27981,0.0
27982,0.0
27983,0.0
27984,0.0
27985,0.0
27986,0.0
27987,0.0
27988,11908.8994140625
27989,0.0
27990,0.0
27991,0.0
27992,0.0
27993,0.0
27994,0.0
27995,0.0
27996,0.0
27997,0.0
27998,0.0
27999,0.0
28000,0.0
28001,0.0
28002,0.0
28003,0.0
28004,0.0
28005,0.0
28006,0.0
28007,0.0
28008,0.0
28009,0.0
28010,0.0
28011,0.0
28012,0.0
28013,0.0
28014,0.0
28015,0.0
28016,0.0
28017,0.0
28018,0.0
28019,0.0
28020,0.0
28021,0.0
28022,0.0
28023,0.0
28024,0.0
28025,0.0
28026,0.0
28027,0.0
28028,0.0
28029,0.0
28030,0.0
28031,0.0
28032,0.0
28033,0.0
28034,0.0
28035,0.0
28036,0.0
28037,0.0
28038,0.0
28039,0.0
28040,0.0
28041,0.0
28042,0.0
28043,0.0
28044,0.0
28045,0.0
28046,0.0
28047,0.0
28048,0.0
28049,0.0
28050,0.0
28051,0.0
28052,0.0
28053,0.0
28054,0.0
28055,0.0
28056,0.0
28057,0.0
28058,3472.425048828125
28059,0.0
28060,0.0
28061,0.0
28062,2969.291015625
28063,0.0
28064,0.0
28065,0.0
28066,0.0
28067,0.0
28068,0.0
28069,0.0
28070,0.0
28071,0.0
28072,0.0
28073,0.0
28074,0.0
28075,0.0
28076,0.0
28077,0.0
28078,0.0
28079,0.0
28080,0.0
28081,0.0
28082,0.0
28083,0.0
28084,0.0
28085,0.0
28086,0.0
28087,0.0
28088,0.0
28089,0.0
28090,0.0
28091,0.0
28092,0.0
28093,0.0
28094,0.0
28095,0.0
28096,0.0
28097,0.0
28098,0.0
28099,0.0
28100,0.0
28101,0.0
28102,0.0
28103,0.0
28104,0.0
28105,0.0
28106,0.0
28107,0.0
28108,0.0
28109,0.0
28110,0.0
28111,0.0
28112,0.0
28113,4534.4453125
28114,0.0
28115,0.0
28116,0.0
28117,0.0
28118,0.0
28119,0.0
28120,0.0
28121,0.0
28122,0.0
28123,0.0
28124,0.0
28125,0.0
28126,0.0
28127,0.0
28128,11586.392578125
28129,0.0
28130,0.0
28131,0.0
28132,0.0
28133,0.0
28134,0.0
28135,0.0
28136,0.0
28137,0.0
28138,0.0
28139,0.0
28140,0.0
28141,0.0
28142,0.0
28143,0.0
28144,0.0
28145,0.0
28146,0.0
28147,0.0
28148,0.0
28149,0.0
28150,0.0
28151,0.0
28152,0.0
28153,0.0
28154,0.0
28155,0.0
28156,0.0
28157,0.0
28158,0.0
28159,0.0
28160,0.0
28161,0.0
28162,0.0
28163,0.0
28164,0.0
28165,0.0
28166,0.0
28167,0.0
28168,0.0
28169,0.0
28170,0.0
28171,0.0
28172,0.0
28173,0.0
28174,0.0
28175,0.0
28176,0.0
28177,0.0
28178,0.0
28179,0.0
28180,0.0
28181,0.0
28182,0.0
28183,0.0
28184,0.0
28185,0.0
28186,0.0
28187,0.0
28188,0.0
28189,0.0
28190,0.0
28191,0.0
28192,5951.40478515625
28193,0.0
28194,0.0
28195,0.0
28196,0.0
28197,0.0
28198,0.0
28199,0.0
28200,0.0
28201,0.0
28202,0.0
28203,0.0
28204,0.0
28205,0.0
28206,0.0
28207,0.0
28208,0.0
28209,0.0
28210,0.0
28211,0.0
28212,0.0
28213,0.0
28214,0.0
28215,0.0
28216,0.0
28217,0.0
28218,0.0
28219,0.0
28220,0.0
28221,0.0
28222,0.0
28223,0.0
28224,0.0
28225,0.0
28226,0.0
28227,0.0
28228,0.0
28229,0.0
28230,0.0
28231,0.0
28232,0.0
28233,13939.4130859375
28234,7464.37548828125
28235,0.0
28236,0.0
28237,0.0
28238,0.0
28239,0.0
28240,0.0
28241,0.0
28242,0.0
28243,0.0
28244,0.0
28245,0.0
28246,0.0
28247,0.0
28248,0.0
28249,4211.013671875
28250,3151.86669921875
28251,7373.8330078125
28252,3481.882568359375
28253,5724.87744140625
28254,5091.5830078125
28255,6361.77099609375
28256,6427.06884765625
28257,0.0
28258,3631.20458984375
28259,6160.66845703125
28260,5268.361328125
28261,4789.3232421875
28262,0.0
28263,6965.08251953125
28264,0.0
28265,4827.1083984375
28266,7131.07373046875
28267,8283.6416015625
28268,6859.93310546875
28269,7695.84521484375
28270,4052.838134765625
28271,6747.794921875
28272,0.0
28273,8713.2587890625
28274,8094.7705078125
28275,0.0
28276,6586.52490234375
28277,3675.9013671875
28278,4943.70849609375
28279,0.0
28280,7922.3896484375
28281,3917.023681640625
28282,5421.4990234375
28283,0.0
28284,6050.82080078125
28285,2397.78564453125
28286,7906.01123046875
28287,5080.6298828125
28288,0.0
28289,0.0
28290,4092.22412109375
28291,8148.2734375
28292,6171.169921875
28293,6338.498046875
28294,3862.177734375
28295,7789.46142578125
28296,10741.814453125
28297,5816.9306640625
28298,5671.74560546875
28299,7867.06103515625
28300,8105.1259765625
28301,6271.04248046875
28302,4850.08837890625
28303,902.9119262695312
28304,3078.706298828125
28305,4543.0419921875
28306,6823.4833984375
28307,7072.4365234375
28308,7302.43212890625
28309,4345.0927734375
28310,8560.3681640625
28311,0.0
28312,5100.2998046875
28313,3029.67578125
28314,9956.69921875
28315,3112.785888671875
28316,0.0
28317,7027.095703125
28318,3354.43017578125
28319,5596.79052734375
28320,2971.024658203125
28321,6314.99169921875
28322,5198.87451171875
28323,0.0
28324,0.0
28325,7894.95849609375
28326,4812.6025390625
28327,3567.0966796875
28328,7502.0322265625
28329,0.0
28330,5685.42724609375
28331,3988.45361328125
28332,6908.12548828125
28333,5610.50146484375
28334,0.0
28335,0.0
28336,2351.29248046875
28337,8180.73291015625
28338,5969.4111328125
28339,4105.52880859375
28340,8489.7177734375
28341,2409.0302734375
28342,4430.74462890625
28343,4504.98681640625
28344,8148.1416015625
28345,0.0
28346,4252.01220703125
28347,4682.03955078125
28348,0.0
28349,6581.169921875
28350,0.0
28351,0.0
28352,0.0
28353,6194.162109375
28354,4785.48974609375
28355,3327.037841796875
28356,5061.08642578125
28357,0.0
28358,0.0
28359,8068.404296875
28360,8460.9033203125
28361,0.0
28362,6964.98486328125
28363,3135.8125
28364,3454.440185546875
28365,8412.5791015625
28366,4361.9794921875
28367,7340.0283203125
28368,9428.423828125
28369,6140.22021484375
28370,5748.1181640625
28371,5723.18798828125
28372,7589.37939453125
28373,2959.598388671875
28374,0.0
28375,5941.1640625
28376,4698.5341796875
28377,6106.38232421875
28378,2885.525146484375
28379,5527.30810546875
28380,0.0
28381,0.0
28382,6398.39208984375
28383,2856.141357421875
28384,6254.53857421875
28385,7381.8330078125
28386,2841.83837890625
28387,6324.60888671875
28388,0.0
28389,5825.5400390625
28390,0.0
28391,4567.39404296875
28392,5315.70556640625
28393,7442.48583984375
28394,0.0
28395,0.0
28396,0.0
28397,4460.85400390625
28398,4873.4697265625
28399,10087.12109375
28400,5755.98779296875
28401,8829.8916015625
28402,6099.36962890625
28403,5368.32763671875
28404,7478.3818359375
28405,0.0
28406,4721.99609375
28407,8472.1142578125
28408,5356.4990234375
28409,3960.45751953125
28410,3647.6630859375
28411,7630.52783203125
28412,8130.19873046875
28413,0.0
28414,6094.625
28415,4482.84814453125
28416,0.0
28417,1945.1058349609375
28418,3673.501953125
28419,6157.05517578125
28420,7856.18505859375
28421,5087.3505859375
28422,4921.1630859375
28423,8625.25390625
28424,8127.0673828125
28425,7284.337890625
28426,0.0
28427,8619.013671875
28428,8821.0126953125
28429,3538.527099609375
28430,5209.498046875
28431,5718.8037109375
28432,7017.59814453125
28433,4143.12109375
28434,3294.416748046875
28435,4086.940185546875
28436,9325.724609375
28437,6077.13330078125
28438,7697.98779296875
28439,7655.140625
28440,4811.36962890625
28441,9361.23046875
28442,17045.263671875
28443,8974.978515625
28444,4538.46240234375
28445,3414.57177734375
28446,7164.39306640625
28447,6828.87353515625
28448,0.0
28449,8899.0078125
28450,18738.544921875
28451,0.0
28452,3578.911865234375
28453,10454.61328125
28454,3253.537841796875
28455,5741.6005859375
28456,3873.51953125
28457,6473.63232421875
28458,5118.39404296875
28459,0.0
28460,0.0
28461,5715.7939453125
28462,7653.3671875
28463,6805.31201171875
28464,6177.27294921875
28465,0.0
28466,0.0
28467,6527.72412109375
28468,0.0
28469,0.0
28470,6025.47607421875
28471,4283.9921875
28472,3187.6591796875
28473,5923.353515625
28474,5707.470703125
28475,5023.79638671875
28476,0.0
28477,10312.232421875
28478,8610.3310546875
28479,4973.1103515625
28480,4657.42529296875
28481,3582.634033203125
28482,4996.5205078125
28483,6576.681640625
28484,0.0
28485,5820.1787109375
28486,5518.52685546875
28487,7509.736328125
28488,5922.8486328125
28489,4760.4130859375
28490,3273.2119140625
28491,3279.32373046875
28492,8508.966796875
28493,0.0
28494,5996.8056640625
28495,11646.517578125
28496,8376.140625
28497,4772.10009765625
28498,6131.89111328125
28499,2732.31689453125
28500,4091.61279296875
28501,4166.48974609375
28502,4180.7470703125
28503,9761.537109375
28504,5322.6494140625
28505,8835.353515625
28506,10206.8251953125
28507,6882.17529296875
28508,5203.2607421875
28509,5501.97607421875
28510,5477.47998046875
28511,4941.7177734375
28512,0.0
28513,6164.99755859375
28514,7667.2138671875
28515,0.0
28516,5972.607421875
28517,7373.29736328125
28518,0.0
28519,7336.72314453125
28520,5920.4560546875
28521,7042.37744140625
28522,5390.33056640625
28523,8984.3623046875
28524,7228.6533203125
28525,8051.509765625
28526,8267.12890625
28527,7344.8740234375
28528,8630.2509765625
28529,3879.763916015625
28530,0.0
28531,5677.41552734375
28532,9741.4580078125
28533,7582.1884765625
28534,7253.908203125
28535,7609.4140625
28536,7650.62158203125
28537,5928.67724609375
28538,6924.05419921875
28539,6863.0400390625
28540,3405.39501953125
28541,10817.8046875
28542,16440.056640625
28543,0.0
28544,6997.5888671875
28545,7174.3564453125
28546,8120.29296875
28547,8527.9541015625
28548,3955.336669921875
28549,4647.26513671875
28550,6217.716796875
28551,8369.03515625
28552,2903.36962890625
28553,4708.19091796875
28554,5738.51708984375
28555,0.0
28556,4669.9287109375
28557,3524.11083984375
28558,2878.501708984375
28559,8138.8984375
28560,0.0
28561,4909.56494140625
28562,6232.78955078125
28563,5334.51416015625
28564,9662.7841796875
28565,0.0
28566,0.0
28567,7527.89697265625
28568,6676.71484375
28569,9233.4287109375
28570,4806.30810546875
28571,2982.81298828125
28572,0.0
28573,13434.9033203125
28574,4345.6982421875
28575,6899.6416015625
28576,2730.86669921875
28577,3817.851318359375
28578,5914.07080078125
28579,0.0
28580,0.0
28581,0.0
28582,9154.34375
28583,6952.23046875
28584,4346.95703125
28585,0.0
28586,2226.646484375
28587,3792.89453125
28588,6740.0087890625
28589,5226.82373046875
28590,10695.75390625
28591,1844.0460205078125
28592,5238.5361328125
28593,5722.10888671875
28594,7895.46142578125
28595,10303.6025390625
28596,4448.994140625
28597,3245.0302734375
28598,10155.4931640625
28599,9743.8125
28600,4400.41650390625
28601,0.0
28602,9251.189453125
28603,6778.025390625
28604,6211.90087890625
28605,3989.410888671875
28606,8185.20556640625
28607,4588.95654296875
28608,12484.8232421875
28609,9003.890625
28610,12164.7880859375
28611,0.0
28612,4790.236328125
28613,1975.17626953125
28614,6316.28125
28615,0.0
28616,5674.28271484375
28617,9103.28125
28618,0.0
28619,2660.525390625
28620,7687.517578125
28621,4774.58935546875
28622,0.0
28623,7309.49951171875
28624,5561.427734375
28625,8352.353515625
28626,4963.05712890625
28627,7923.6484375
28628,0.0
28629,5690.0703125
28630,0.0
28631,0.0
28632,10383.8408203125
28633,6765.79345703125
28634,3724.92529296875
28635,3840.779296875
28636,7958.8798828125
28637,6024.60302734375
28638,4892.26025390625
28639,5524.13720703125
28640,5834.369140625
28641,7922.990234375
28642,0.0
28643,9280.0302734375
28644,4452.64208984375
28645,4319.779296875
28646,4117.09619140625
28647,6101.41650390625
28648,4079.71728515625
28649,5010.78173828125
28650,6776.16064453125
28651,7297.64404296875
28652,10086.734375
28653,8868.6845703125
28654,8777.94140625
28655,7698.25634765625
28656,4635.068359375
28657,9968.951171875
28658,8292.4560546875
28659,5102.8984375
28660,5088.646484375
28661,5594.64990234375
28662,4568.8427734375
28663,3096.674560546875
28664,0.0
28665,0.0
28666,6312.4501953125
28667,0.0
28668,2083.62841796875
28669,7944.5712890625
28670,0.0
28671,9106.2265625
28672,4103.41162109375
28673,5063.01025390625
28674,5562.42822265625
28675,4732.79150390625
28676,9682.9755859375
28677,5542.7666015625
28678,0.0
28679,3536.195556640625
28680,3718.5341796875
28681,5091.53662109375
28682,13680.85546875
28683,4301.61376953125
28684,5931.9169921875
28685,4899.53173828125
28686,3969.931640625
28687,3431.586669921875
28688,6350.85693359375
28689,2868.48388671875
28690,0.0
28691,6606.7607421875
28692,0.0
28693,8279.994140625
28694,601.3870849609375
28695,4380.94775390625
28696,8466.3994140625
28697,7304.0
28698,9042.884765625
28699,2584.66845703125
28700,5001.53173828125
28701,5116.32275390625
28702,4405.40576171875
28703,14428.513671875
28704,0.0
28705,5716.677734375
28706,3518.48486328125
28707,6142.5166015625
28708,4616.82421875
28709,3033.337890625
28710,7867.77978515625
28711,4682.23095703125
28712,0.0
28713,6787.21630859375
28714,5110.9892578125
28715,5419.990234375
28716,5868.99658203125
28717,0.0
28718,7253.5029296875
28719,3115.763671875
28720,0.0
28721,5659.44580078125
28722,8007.20654296875
28723,6175.5029296875
28724,7891.77001953125
28725,0.0
28726,0.0
28727,5107.36669921875
28728,3291.70751953125
28729,3941.80126953125
28730,4506.359375
28731,4504.0234375
28732,7975.93212890625
28733,4303.1025390625
28734,0.0
28735,5590.3974609375
28736,7335.853515625
28737,0.0
28738,4943.18603515625
28739,0.0
28740,0.0
28741,2913.853515625
28742,11295.9951171875
28743,4047.95068359375
28744,3827.08544921875
28745,5949.03759765625
28746,0.0
28747,10305.1845703125
28748,0.0
28749,4959.4951171875
28750,0.0
28751,6942.06494140625
28752,5481.96630859375
28753,8155.16845703125
28754,3202.998779296875
28755,4060.41943359375
28756,4148.7353515625
28757,4048.016357421875
28758,0.0
28759,7278.01318359375
28760,6527.130859375
28761,6378.0283203125
28762,4865.6796875
28763,8801.2783203125
28764,8412.513671875
28765,0.0
28766,0.0
28767,0.0
28768,7338.1298828125
28769,4877.61328125
28770,2203.873291015625
28771,6594.8095703125
28772,0.0
28773,5434.71142578125
28774,5824.39794921875
28775,3638.71240234375
28776,0.0
28777,2997.58544921875
28778,9549.279296875
28779,5228.02197265625
28780,4624.17431640625
28781,8554.595703125
28782,4219.59619140625
28783,4499.41552734375
28784,0.0
28785,2756.123291015625
28786,7615.03955078125
28787,9173.16015625
28788,6641.20068359375
28789,3170.1611328125
28790,0.0
28791,0.0
28792,2656.212890625
28793,4877.46630859375
28794,0.0
28795,5219.03271484375
28796,0.0
28797,4888.154296875
28798,0.0
28799,8923.9794921875
28800,5801.76611328125
28801,0.0
28802,3974.432373046875
28803,5748.5
28804,0.0
28805,6663.81005859375
28806,8001.7998046875
28807,7767.46630859375
28808,8423.7197265625
28809,5955.849609375
28810,5561.49169921875
28811,3913.470703125
28812,5480.68994140625
28813,7784.87548828125
28814,6542.03515625
28815,7992.81005859375
28816,14625.6083984375
28817,3649.627197265625
28818,0.0
28819,3692.6787109375
28820,8628.98828125
28821,0.0
28822,7378.51806640625
28823,7647.1181640625
28824,7955.18115234375
28825,0.0
28826,7406.6337890625
28827,5066.86376953125
28828,3850.011962890625
28829,0.0
28830,3253.636962890625
28831,3561.006103515625
28832,7011.81298828125
28833,18150.291015625
28834,5872.7646484375
28835,4215.22900390625
28836,4750.525390625
28837,4809.5712890625
28838,5896.7373046875
28839,1956.05029296875
28840,7249.2353515625
28841,0.0
28842,3921.02099609375
28843,10991.10546875
28844,11560.689453125
28845,6046.4521484375
28846,0.0
28847,4276.7529296875
28848,4123.6943359375
28849,5514.16357421875
28850,0.0
28851,3873.331298828125
28852,5295.2978515625
28853,0.0
28854,5822.32080078125
28855,4729.95166015625
28856,8494.7412109375
28857,3631.733642578125
28858,9384.255859375
28859,6643.3623046875
28860,4363.0458984375
28861,4279.14794921875
28862,3732.03759765625
28863,5234.87939453125
28864,0.0
28865,9595.9677734375
28866,4391.17138671875
28867,4068.568115234375
28868,6804.2646484375
28869,6622.05224609375
28870,0.0
28871,0.0
28872,0.0
28873,9232.86328125
28874,6972.43603515625
28875,6215.72314453125
28876,5677.06884765625
28877,5452.1240234375
28878,0.0
28879,3962.390869140625
28880,4659.93115234375
28881,5106.88037109375
28882,0.0
28883,7754.1669921875
28884,5342.50732421875
28885,5692.07275390625
28886,0.0
28887,6782.9248046875
28888,5888.966796875
28889,8604.27734375
28890,7412.96728515625
28891,5800.0615234375
28892,3417.2001953125
28893,4377.17236328125
28894,4446.4296875
28895,0.0
28896,2299.466552734375
28897,5286.314453125
28898,6449.02490234375
28899,6693.63818359375
28900,5998.962890625
28901,9048.3203125
28902,6020.07470703125
28903,0.0
28904,3945.195556640625
28905,8052.95947265625
28906,4635.54345703125
28907,6210.37255859375
28908,7910.0283203125
28909,0.0
28910,0.0
28911,7504.35498046875
28912,3457.9130859375
28913,5922.41259765625
28914,7134.46630859375
28915,2942.58544921875
28916,8987.2041015625
28917,6780.05029296875
28918,5896.09033203125
28919,9278.1767578125
28920,8321.2333984375
28921,5692.640625
28922,4657.36279296875
28923,4149.94140625
28924,5682.29345703125
28925,0.0
28926,6327.79345703125
28927,2818.107421875
28928,5352.45263671875
28929,3116.084228515625
28930,0.0
28931,5329.34765625
28932,4863.20703125
28933,5662.2490234375
28934,7448.92822265625
28935,0.0
28936,6925.52490234375
28937,0.0
28938,6033.1318359375
28939,9395.1875
28940,7678.4951171875
28941,4883.98779296875
28942,0.0
28943,6125.87109375
28944,0.0
28945,0.0
28946,0.0
28947,6821.11181640625
28948,8725.08203125
28949,6804.20068359375
28950,2553.212158203125
28951,0.0
28952,8542.7275390625
28953,6899.666015625
28954,7696.01904296875
28955,7198.873046875
28956,0.0
28957,5884.044921875
28958,3981.132080078125
28959,0.0
28960,0.0
28961,6848.87744140625
28962,2158.810302734375
28963,8039.54833984375
28964,6363.21240234375
28965,4654.94189453125
28966,7116.6962890625
28967,5482.2607421875
28968,6982.63916015625
28969,5120.92236328125
28970,4111.14990234375
28971,4935.9423828125
28972,4179.76708984375
28973,6623.69677734375
28974,6444.4111328125
28975,6988.36474609375
28976,6062.32275390625
28977,0.0
28978,6725.0009765625
28979,7181.12646484375
28980,7746.4580078125
28981,3279.67138671875
28982,3006.189208984375
28983,8447.4296875
28984,6412.611328125
28985,4407.8115234375
28986,7608.73193359375
28987,0.0
28988,5313.19677734375
28989,5468.10595703125
28990,1152.4510498046875
28991,6966.556640625
28992,6345.72412109375
28993,5127.91845703125
28994,8326.6337890625
28995,7418.7373046875
28996,3986.087890625
28997,5565.56494140625
28998,3093.691650390625
28999,1379.716796875
29000,5471.83447265625
29001,0.0
29002,6046.73828125
29003,4688.01611328125
29004,2399.1298828125
29005,4550.46826171875
29006,6717.1181640625
29007,5417.7275390625
29008,8952.3173828125
29009,3659.724853515625
29010,4648.32666015625
29011,0.0
29012,6519.2783203125
29013,3450.87548828125
29014,2636.9482421875
29015,5301.02978515625
29016,3916.49267578125
29017,0.0
29018,4533.1298828125
29019,0.0
29020,5520.12158203125
29021,7875.45654296875
29022,5351.3974609375
29023,0.0
29024,10061.9814453125
29025,6437.63232421875
29026,0.0
29027,2945.942138671875
29028,5154.3291015625
29029,5948.0810546875
29030,3791.750244140625
29031,7638.23095703125
29032,8311.875
29033,6864.1787109375
29034,6674.09326171875
29035,5462.080078125
29036,7062.54052734375
29037,10714.630859375
29038,3285.14404296875
29039,4312.5546875
29040,5201.43310546875
29041,5461.5771484375
29042,0.0
29043,8894.8134765625
29044,5624.501953125
29045,0.0
29046,2623.417236328125
29047,5923.79345703125
29048,8867.619140625
29049,3210.1025390625
29050,7063.052734375
29051,0.0
29052,5683.14453125
29053,5687.10693359375
29054,5307.6103515625
29055,5343.88134765625
29056,4652.06884765625
29057,4775.208984375
29058,7228.0888671875
29059,4585.455078125
29060,8520.2958984375
29061,5539.27978515625
29062,8956.9599609375
29063,5882.47265625
29064,3775.139892578125
29065,8824.220703125
29066,0.0
29067,8670.9599609375
29068,0.0
29069,5072.9833984375
29070,7142.7412109375
29071,4485.966796875
29072,4544.50048828125
29073,7573.02685546875
29074,2806.404052734375
29075,3133.79150390625
29076,5927.4794921875
29077,6417.1298828125
29078,0.0
29079,6108.87890625
29080,5083.92041015625
29081,3716.9267578125
29082,6851.396484375
29083,2881.260498046875
29084,8887.5087890625
29085,7558.828125
29086,0.0
29087,0.0
29088,5034.72216796875
29089,8132.50439453125
29090,8982.30859375
29091,3122.761962890625
29092,7947.12060546875
29093,0.0
29094,6295.46435546875
29095,0.0
29096,4901.693359375
29097,3726.176025390625
29098,5657.6484375
29099,0.0
29100,3222.27880859375
29101,7993.32275390625
29102,5401.9375
29103,22930.83203125
29104,7049.62158203125
29105,3433.20751953125
29106,5491.75634765625
29107,11199.0703125
29108,4921.705078125
29109,6535.67431640625
29110,5285.2607421875
29111,7792.1337890625
29112,6758.62109375
29113,4622.666015625
29114,4894.24609375
29115,6486.30126953125
29116,7359.017578125
29117,6343.42822265625
29118,8261.4560546875
29119,5913.26611328125
29120,4990.31201171875
29121,7484.8828125
29122,9758.53125
29123,8977.9130859375
29124,7030.40966796875
29125,7193.89990234375
29126,4972.81982421875
29127,6900.30126953125
29128,3683.10595703125
29129,8249.185546875
29130,10640.4072265625
29131,9053.9013671875
29132,5292.58056640625
29133,4306.791015625
29134,4040.64306640625
29135,7062.3359375
29136,8842.447265625
29137,5440.06640625
29138,4393.7109375
29139,6092.74755859375
29140,7232.43310546875
29141,2256.232421875
29142,7223.548828125
29143,4063.52587890625
29144,6775.20263671875
29145,5738.40087890625
29146,5864.7958984375
29147,7941.876953125
29148,6705.46533203125
29149,5926.2080078125
29150,5900.14208984375
29151,7424.84375
29152,10327.3271484375
29153,6281.03759765625
29154,6521.74755859375
29155,8300.1494140625
29156,9308.3837890625
29157,6610.474609375
29158,7074.21337890625
29159,3174.052734375
29160,4498.4072265625
29161,4724.5693359375
29162,6901.8359375
29163,9686.673828125
29164,7152.7744140625
29165,4668.06298828125
29166,7137.2724609375
29167,6673.736328125
29168,7386.92822265625
29169,3625.83544921875
29170,11502.76953125
29171,3540.480712890625
29172,6293.45166015625
29173,7394.75244140625
29174,3791.88818359375
29175,4739.0625
29176,4993.17822265625
29177,6564.90283203125
29178,5600.4228515625
29179,5196.92822265625
29180,7729.62744140625
29181,7223.033203125
29182,4208.50390625
29183,4408.4462890625
29184,6772.41455078125
29185,11550.703125
29186,6349.02392578125
29187,5356.49951171875
29188,6855.52880859375
29189,6358.57958984375
29190,7218.68896484375
29191,8656.064453125
29192,3478.436767578125
29193,7233.68798828125
29194,6524.681640625
29195,5852.71728515625
29196,9661.8984375
29197,4114.8427734375
29198,5396.9501953125
29199,5208.12451171875
29200,7870.65966796875
29201,7715.95361328125
29202,4365.47998046875
29203,3856.418212890625
29204,6592.65087890625
29205,5174.2509765625
29206,5751.716796875
29207,7216.5576171875
29208,6335.05029296875
29209,7397.126953125
29210,4940.50244140625
29211,4358.92138671875
29212,5039.02685546875
29213,8574.1220703125
29214,7119.26416015625
29215,8754.548828125
29216,7737.1484375
29217,4737.44482421875
29218,8835.7578125
29219,4033.77294921875
29220,4847.50390625
29221,8771.439453125
29222,5973.005859375
29223,9281.1728515625
29224,9322.59765625
29225,6814.03466796875
29226,5787.72900390625
29227,7438.8701171875
29228,7739.28955078125
29229,5363.52734375
29230,3554.90771484375
29231,5586.125
29232,6463.39599609375
29233,5710.9541015625
29234,3500.495849609375
29235,6409.07763671875
29236,5881.36474609375
29237,5881.96923828125
29238,5317.9228515625
29239,4210.14990234375
29240,6215.18310546875
29241,6342.9677734375
29242,5923.8857421875
29243,5329.4912109375
29244,4720.240234375
29245,6070.9794921875
29246,3281.172119140625
29247,6949.94482421875
29248,5242.0166015625
29249,7551.98388671875
29250,7192.6396484375
29251,5606.705078125
29252,11779.8037109375
29253,4024.166259765625
29254,5232.40576171875
29255,8701.2236328125
29256,6156.146484375
29257,8640.58984375
29258,7137.80419921875
29259,4284.81298828125
29260,6862.1015625
29261,5736.033203125
29262,7168.70068359375
29263,9045.7275390625
29264,6693.7119140625
29265,2881.065185546875
29266,4510.673828125
29267,7218.44091796875
29268,7559.64111328125
29269,5724.525390625
29270,5513.0234375
29271,4434.34716796875
29272,4706.61669921875
29273,2872.596923828125
29274,4294.912109375
29275,6461.65625
29276,7387.53173828125
29277,5469.576171875
29278,5831.5498046875
29279,8064.01220703125
29280,8637.103515625
29281,6854.623046875
29282,7293.890625
29283,8600.447265625
29284,8589.1181640625
29285,4565.974609375
29286,6213.6142578125
29287,5199.3984375
29288,6966.02783203125
29289,4090.48828125
29290,5874.9833984375
29291,3489.45556640625
29292,8715.02734375
29293,6776.2412109375
29294,8371.1201171875
29295,8040.19873046875
29296,5471.49365234375
29297,8120.89892578125
29298,16753.84375
29299,9414.095703125
29300,5300.31591796875
29301,2822.38134765625
29302,6963.75341796875
29303,6552.98388671875
29304,5946.06884765625
29305,12528.3251953125
29306,20724.357421875
29307,4817.58251953125
29308,4950.390625
29309,7570.8037109375
29310,3810.313720703125
29311,6764.390625
29312,5704.9033203125
29313,6838.8310546875
29314,6652.86376953125
29315,6052.2841796875
29316,7449.4296875
29317,7298.3671875
29318,8247.6552734375
29319,6647.9921875
29320,6383.873046875
29321,6401.85302734375
29322,4452.6611328125
29323,4643.62255859375
29324,7154.09912109375
29325,5792.05419921875
29326,5427.3916015625
29327,6105.0458984375
29328,4594.21923828125
29329,4882.95654296875
29330,6386.80859375
29331,5452.31494140625
29332,9371.33984375
29333,10494.2900390625
29334,8119.23095703125
29335,6250.3955078125
29336,3905.53564453125
29337,4949.66064453125
29338,5596.6806640625
29339,5743.23095703125
29340,4501.09619140625
29341,5618.59619140625
29342,5828.5048828125
29343,8190.34228515625
29344,6733.79638671875
29345,4886.3359375
29346,3846.480712890625
29347,5273.2080078125
29348,8057.0712890625
29349,4991.71630859375
29350,7908.4296875
29351,12173.314453125
29352,7810.6728515625
29353,5714.33984375
29354,5191.67236328125
29355,4096.0458984375
29356,6175.7041015625
29357,3898.279052734375
29358,5341.138671875
29359,10310.18359375
29360,5932.71337890625
29361,12195.9150390625
29362,10975.5009765625
29363,6168.65234375
29364,5404.77392578125
29365,5494.0107421875
29366,6610.6767578125
29367,4567.2919921875
29368,10933.111328125
29369,6266.8251953125
29370,7999.9794921875
29371,4504.2939453125
29372,7526.357421875
29373,7013.51318359375
29374,8299.4521484375
29375,6268.912109375
29376,6024.9814453125
29377,6887.3046875
29378,6408.126953125
29379,8104.248046875
29380,9281.90234375
29381,7716.18505859375
29382,8568.8515625
29383,6866.69921875
29384,8519.1044921875
29385,5424.9091796875
29386,5328.53369140625
29387,4960.98095703125
29388,8825.732421875
29389,6728.421875
29390,7890.0712890625
29391,7028.2685546875
29392,7812.03466796875
29393,6456.625
29394,8100.44189453125
29395,6611.470703125
29396,3550.906982421875
29397,10914.7314453125
29398,14980.6025390625
29399,5905.46533203125
29400,6775.98291015625
29401,7758.43505859375
29402,8137.359375
29403,9854.185546875
29404,5170.60791015625
29405,6168.53564453125
29406,6223.556640625
29407,7810.79443359375
29408,3880.822021484375
29409,5532.654296875
29410,5794.43896484375
29411,5290.4775390625
29412,6167.26025390625
29413,4925.6123046875
29414,3203.106689453125
29415,7567.80615234375
29416,4366.91650390625
29417,4383.09521484375
29418,5911.26416015625
29419,4947.3798828125
29420,9038.8701171875
29421,9418.31640625
29422,7893.1796875
29423,6958.60791015625
29424,6743.8896484375
29425,9246.1650390625
29426,6008.9599609375
29427,4891.2109375
29428,5960.1708984375
29429,11924.8876953125
29430,4746.27490234375
29431,6661.79248046875
29432,3787.0751953125
29433,3828.669921875
29434,6398.34814453125
29435,6608.18798828125
29436,6417.07177734375
29437,9293.5908203125
29438,9129.375
29439,10337.3251953125
29440,5941.2216796875
29441,9865.892578125
29442,2828.255126953125
29443,6099.76220703125
29444,5985.6416015625
29445,4169.4404296875
29446,8003.0068359375
29447,3444.237548828125
29448,5764.8154296875
29449,8211.3427734375
29450,8941.576171875
29451,7226.02392578125
29452,5335.3447265625
29453,5097.466796875
29454,10943.6337890625
29455,9349.78515625
29456,4941.4140625
29457,5335.26904296875
29458,6087.48486328125
29459,8191.10791015625
29460,6465.28955078125
29461,4644.00146484375
29462,7966.0341796875
29463,8035.8994140625
29464,12583.5859375
29465,7018.57666015625
29466,10610.794921875
29467,7122.4501953125
29468,5505.177734375
29469,2662.852294921875
29470,4995.85546875
29471,6082.4833984375
29472,5613.4609375
29473,8309.24609375
29474,5122.2919921875
29475,3267.54833984375
29476,7259.63525390625
29477,5376.748046875
29478,6845.591796875
29479,6408.01708984375
29480,7395.7333984375
29481,8024.7138671875
29482,4974.0703125
29483,9378.7294921875
29484,6443.88427734375
29485,5485.23876953125
29486,6618.3544921875
29487,4846.97021484375
29488,9093.0419921875
29489,6844.47412109375
29490,3748.438232421875
29491,4823.06640625
29492,8579.3857421875
29493,6766.50830078125
29494,5673.8154296875
29495,8279.69140625
29496,5523.79150390625
29497,7088.14794921875
29498,5938.28857421875
29499,9567.2705078125
29500,5475.93505859375
29501,6384.60205078125
29502,5545.87109375
29503,5396.43408203125
29504,5181.34912109375
29505,4812.697265625
29506,8494.9921875
29507,8670.62890625
29508,11041.9970703125
29509,10499.6025390625
29510,8997.154296875
29511,8227.8544921875
29512,5074.1123046875
29513,9696.853515625
29514,10504.712890625
29515,6967.951171875
29516,6804.6787109375
29517,8252.77734375
29518,5111.47705078125
29519,3925.04150390625
29520,8888.9345703125
29521,6645.14306640625
29522,6603.52001953125
29523,5460.7841796875
29524,2315.568603515625
29525,9800.6591796875
29526,7265.4990234375
29527,8139.3818359375
29528,5031.50927734375
29529,5039.10888671875
29530,6604.95849609375
29531,5446.78515625
29532,7121.03466796875
29533,5995.74267578125
29534,4394.546875
29535,3042.28564453125
29536,3617.30126953125
29537,6257.62451171875
29538,16628.7265625
29539,4054.016845703125
29540,6227.197265625
29541,6356.5048828125
29542,4674.00390625
29543,4079.64013671875
29544,5775.015625
29545,3343.524658203125
29546,7783.74755859375
29547,7194.85009765625
29548,3351.06591796875
29549,8081.99609375
29550,3828.99658203125
29551,5076.71630859375
29552,8865.0771484375
29553,6875.8603515625
29554,10358.0927734375
29555,3925.5546875
29556,5327.86962890625
29557,4703.8310546875
29558,5212.0927734375
29559,12199.853515625
29560,12074.888671875
29561,6614.669921875
29562,5270.8671875
29563,5330.6806640625
29564,6295.6806640625
29565,4156.9736328125
29566,8733.74609375
29567,4455.1064453125
29568,5119.27978515625
29569,7803.61767578125
29570,4146.38916015625
29571,5802.072265625
29572,5615.8603515625
29573,6699.8212890625
29574,6428.2744140625
29575,3429.287353515625
29576,5923.68212890625
29577,6606.55322265625
29578,7926.4541015625
29579,7875.15625
29580,7348.07568359375
29581,3539.714599609375
29582,8159.26220703125
29583,4714.8525390625
29584,4780.56982421875
29585,6442.7314453125
29586,7049.2021484375
29587,5844.34033203125
29588,7023.53857421875
29589,6062.22021484375
29590,6506.3603515625
29591,5241.65185546875
29592,5928.81591796875
29593,6869.0986328125
29594,4133.7607421875
29595,9931.140625
29596,5515.662109375
29597,4009.033203125
29598,10748.0048828125
29599,5506.8896484375
29600,4063.75439453125
29601,7354.412109375
29602,8977.0830078125
29603,9052.2998046875
29604,4233.92724609375
29605,6137.8515625
29606,5619.71826171875
29607,6229.43212890625
29608,6883.31689453125
29609,7258.267578125
29610,2740.989501953125
29611,5146.6279296875
29612,5456.3984375
29613,4208.18701171875
29614,4757.400390625
29615,6417.74365234375
29616,6089.83447265625
29617,6595.1181640625
29618,6199.53515625
29619,6261.73876953125
29620,8109.78466796875
29621,5067.85107421875
29622,6038.0966796875
29623,6168.75634765625
29624,8540.9677734375
29625,6918.4521484375
29626,3187.240234375
29627,8725.298828125
29628,7652.66748046875
29629,6016.31005859375
29630,4568.1103515625
29631,4172.107421875
29632,7503.453125
29633,5067.06884765625
29634,8542.5185546875
29635,5957.5478515625
29636,4473.8046875
29637,8160.73974609375
29638,4060.787109375
29639,4099.203125
29640,7433.3095703125
29641,4309.22314453125
29642,8965.89453125
29643,8999.62890625
29644,6282.53564453125
29645,4934.60791015625
29646,4477.3935546875
29647,3948.938720703125
29648,2971.469482421875
29649,6707.84765625
29650,4822.67138671875
29651,9282.470703125
29652,4243.5029296875
29653,5191.75927734375
29654,5585.15380859375
29655,7683.580078125
29656,6478.5771484375
29657,4960.06640625
29658,4642.6376953125
29659,6608.22021484375
29660,6440.04248046875
29661,7016.1142578125
29662,8090.85888671875
29663,7649.6865234375
29664,7778.88037109375
29665,7017.2119140625
29666,6567.08056640625
29667,4865.25537109375
29668,5034.9638671875
29669,8707.2109375
29670,6275.0244140625
29671,9632.78125
29672,15831.2841796875
29673,3857.00927734375
29674,4936.7255859375
29675,4032.01025390625
29676,8985.2138671875
29677,9224.65234375
29678,6230.97705078125
29679,7398.06787109375
29680,7939.55615234375
29681,5779.93115234375
29682,6680.689453125
29683,5141.5419921875
29684,4968.185546875
29685,4154.65625
29686,3253.917236328125
29687,3931.428955078125
29688,7362.365234375
29689,15809.7705078125
29690,6436.7236328125
29691,6260.216796875
29692,5826.888671875
29693,4505.8681640625
29694,6444.24853515625
29695,4148.48876953125
29696,8998.65625
29697,6670.7802734375
29698,6882.4755859375
29699,11892.51953125
29700,13696.408203125
29701,6104.779296875
29702,6496.06591796875
29703,4129.13818359375
29704,4960.33349609375
29705,6265.00439453125
29706,8760.65625
29707,4103.81787109375
29708,5796.69189453125
29709,4408.50390625
29710,6001.3505859375
29711,5450.19775390625
29712,6711.201171875
29713,4227.02685546875
29714,8838.2880859375
29715,7120.806640625
29716,5279.90478515625
29717,4045.84326171875
29718,3365.708984375
29719,7349.0185546875
29720,4191.283203125
29721,9281.830078125
29722,4129.7822265625
29723,5026.9775390625
29724,6969.5419921875
29725,6684.43212890625
29726,5422.8046875
29727,5455.9658203125
29728,5869.2275390625
29729,7576.0341796875
29730,7802.021484375
29731,5660.7021484375
29732,5271.216796875
29733,5271.17041015625
29734,6099.6337890625
29735,4932.79052734375
29736,4933.28857421875
29737,6116.18896484375
29738,12769.3486328125
29739,6507.2978515625
29740,6035.638671875
29741,6912.62109375
29742,5164.52099609375
29743,9086.4296875
29744,4493.8984375
29745,10245.3037109375
29746,6265.5380859375
29747,5719.18798828125
29748,4827.21044921875
29749,4811.6328125
29750,5774.06591796875
29751,22138.15234375
29752,3381.907470703125
29753,5227.12255859375
29754,8447.5830078125
29755,5512.32958984375
29756,6308.55126953125
29757,8589.2275390625
29758,5414.94189453125
29759,5980.69970703125
29760,4007.642578125
29761,8639.4091796875
29762,5364.47412109375
29763,5852.0166015625
29764,7723.2255859375
29765,4589.14111328125
29766,7902.37548828125
29767,7182.5146484375
29768,3813.840087890625
29769,8667.306640625
29770,10185.748046875
29771,3843.4482421875
29772,7500.91064453125
29773,6461.45654296875
29774,5967.61083984375
29775,9138.41796875
29776,6903.3671875
29777,6936.55908203125
29778,4362.59130859375
29779,5325.72119140625
29780,6877.06103515625
29781,3795.48828125
29782,8086.845703125
29783,3159.732177734375
29784,5554.7890625
29785,4539.89306640625
29786,6614.6240234375
29787,4833.49072265625
29788,7238.615234375
29789,6663.94091796875
29790,7420.6474609375
29791,5370.35205078125
29792,6426.2734375
29793,4607.51220703125
29794,7226.02685546875
29795,9716.4326171875
29796,7895.02392578125
29797,4275.6376953125
29798,7256.08349609375
29799,7614.7373046875
29800,4195.82373046875
29801,11794.736328125
29802,5862.59228515625
29803,6996.23876953125
29804,9076.5087890625
29805,6770.373046875
29806,3245.7392578125
29807,14007.7783203125
29808,9880.1357421875
29809,6372.68115234375
29810,6582.79736328125
29811,9314.8076171875
29812,7555.408203125
29813,5746.2705078125
29814,5899.525390625
29815,4919.927734375
29816,4669.37744140625
29817,6840.63720703125
29818,3872.400146484375
29819,6823.640625
29820,6735.849609375
29821,5710.486328125
29822,6617.1904296875
29823,6076.73046875
29824,5385.16943359375
29825,6079.69677734375
29826,6958.43359375
29827,7132.8427734375
29828,6633.5537109375
29829,6408.4931640625
29830,5664.07421875
29831,7782.9287109375
29832,5448.6142578125
29833,5028.20263671875
29834,6582.4677734375
29835,7155.90673828125
29836,6704.04736328125
29837,4595.99951171875
29838,3964.930908203125
29839,5745.0849609375
29840,7563.14501953125
29841,5036.62646484375
29842,6985.06591796875
29843,7161.39990234375
29844,4190.70166015625
29845,5548.3564453125
29846,2221.552490234375
29847,6444.25244140625
29848,6801.44091796875
29849,5454.9990234375
29850,6803.39111328125
29851,7344.03857421875
29852,4627.28369140625
29853,6972.83984375
29854,3531.3369140625
29855,2043.6524658203125
29856,6214.47607421875
29857,8539.263671875
29858,7507.58984375
29859,6134.59375
29860,2980.971923828125
29861,5471.75244140625
29862,5989.63818359375
29863,4370.333984375
29864,7470.73974609375
29865,4251.490234375
29866,3850.251220703125
29867,4886.13134765625
29868,5377.23974609375
29869,4623.91259765625
29870,3954.030517578125
29871,5682.2119140625
29872,3665.576416015625
29873,7259.0927734375
29874,5902.48974609375
29875,5402.5322265625
29876,6026.515625
29877,7348.50732421875
29878,4544.3486328125
29879,5189.658203125
29880,9065.154296875
29881,6171.42431640625
29882,6100.771484375
29883,3231.0927734375
29884,10529.365234375
29885,6596.26611328125
29886,4673.94677734375
29887,8469.5517578125
29888,6438.42138671875
29889,6796.99462890625
29890,6375.35498046875
29891,5908.2705078125
29892,7923.837890625
29893,11627.34375
29894,3451.1484375
29895,4220.51806640625
29896,5013.13232421875
29897,5885.921875
29898,6206.37158203125
29899,6875.79443359375
29900,6741.23193359375
29901,5005.8017578125
29902,3437.0546875
29903,5246.4521484375
29904,10376.9775390625
29905,4408.955078125
29906,7208.724609375
29907,3025.018310546875
29908,7284.69140625
29909,6110.814453125
29910,6399.06298828125
29911,6367.4296875
29912,6540.9619140625
29913,4643.4609375
29914,6299.82763671875
29915,6989.0458984375
29916,7274.7978515625
29917,6727.69482421875
29918,7969.08642578125
29919,5478.591796875
29920,4531.30224609375
29921,9694.1806640625
29922,3843.114501953125
29923,8859.7509765625
29924,7030.17724609375
29925,4555.4580078125
29926,6748.3046875
29927,5367.09423828125
29928,6862.103515625
29929,9724.1669921875
29930,4418.072265625
29931,3822.622802734375
29932,6366.3271484375
29933,8066.1337890625
29934,10059.9326171875
29935,5803.4404296875
29936,5256.46142578125
29937,4649.87744140625
29938,6723.95166015625
29939,4681.2900390625
29940,8791.10546875
29941,8176.10595703125
29942,11422.0166015625
29943,4425.7158203125
29944,5667.583984375
29945,9544.3486328125
29946,9572.98046875
29947,3959.189453125
29948,8207.6259765625
29949,5731.2177734375
29950,5872.19287109375
29951,4988.01416015625
29952,5078.25830078125
29953,5476.28564453125
29954,4976.4658203125
29955,3491.65673828125
29956,4160.85009765625
29957,8218.732421875
29958,6564.05810546875
29959,22848.033203125
29960,6483.83642578125
29961,3867.728515625
29962,6059.26171875
29963,9929.541015625
29964,5411.83349609375
29965,6461.7177734375
29966,5295.50146484375
29967,7028.3974609375
29968,6189.9375
29969,3513.568603515625
29970,4895.35986328125
29971,6280.59423828125
29972,7093.38232421875
29973,6551.74365234375
29974,9103.2265625
29975,4846.3076171875
29976,3541.44091796875
29977,6889.75537109375
29978,9016.2958984375
29979,9063.341796875
29980,6231.86962890625
29981,7153.22607421875
29982,4273.97314453125
29983,6459.625
29984,3974.53173828125
29985,8200.3603515625
29986,10260.275390625
29987,8434.0546875
29988,5117.4384765625
29989,4130.5712890625
29990,4337.15380859375
29991,6266.81640625
29992,9155.04296875
29993,5232.7021484375
29994,3968.6669921875
29995,3817.822998046875
29996,7082.98876953125
29997,2150.427978515625
29998,6959.0146484375
29999,4323.28515625
30000,7710.259765625
30001,5812.65771484375
30002,5682.94921875
30003,7205.99365234375
30004,6078.25927734375
30005,6295.46240234375
30006,5874.5078125
30007,6788.82666015625
30008,10018.3779296875
30009,5507.10546875
30010,6721.6044921875
30011,7950.54833984375
30012,8656.9052734375
30013,6572.326171875
30014,7382.279296875
30015,3209.64111328125
30016,4724.0205078125
30017,4949.64501953125
30018,7039.05126953125
30019,8768.3818359375
30020,6282.47607421875
30021,4334.6591796875
30022,6602.578125
30023,6353.05078125
30024,8195.76953125
30025,3260.94482421875
30026,11135.1669921875
30027,3133.435302734375
30028,6100.6123046875
30029,7287.9609375
30030,3466.946044921875
30031,4550.51220703125
30032,4691.12548828125
30033,6887.9130859375
30034,5617.12939453125
30035,4941.81982421875
30036,7066.70947265625
30037,7012.88818359375
30038,4379.4150390625
30039,4630.271484375
30040,6231.6162109375
30041,10843.826171875
30042,5920.5751953125
30043,5386.3818359375
30044,6041.04345703125
30045,6182.14501953125
30046,6112.759765625
30047,8096.568359375
30048,3750.844482421875
30049,6866.25634765625
30050,6070.626953125
30051,5141.8505859375
30052,9842.3701171875
30053,3273.438720703125
30054,5780.03271484375
30055,4658.85888671875
30056,7691.78564453125
30057,7045.9013671875
30058,4194.86376953125
30059,3852.6044921875
30060,6531.93603515625
30061,5206.41064453125
30062,5501.64990234375
30063,6343.890625
30064,5392.43701171875
30065,7180.8369140625
30066,4595.56201171875
30067,3807.253173828125
30068,4628.94873046875
30069,8331.50390625
30070,6934.388671875
30071,8001.0283203125
30072,7445.44580078125
30073,4559.97509765625
30074,8557.4599609375
30075,4095.668701171875
30076,5063.189453125
30077,8578.1630859375
30078,5091.06201171875
30079,9217.486328125
30080,8215.8603515625
30081,6386.4951171875
30082,5592.06787109375
30083,7158.6318359375
30084,7083.49609375
30085,4733.27783203125
30086,3276.178466796875
30087,6151.6767578125
30088,6568.52490234375
30089,5525.75341796875
30090,3479.569580078125
30091,6561.3515625
30092,4984.22900390625
30093,5784.73046875
30094,4956.49609375
30095,4271.29833984375
30096,6678.4521484375
30097,6388.4033203125
30098,6104.8427734375
30099,5178.759765625
30100,4639.744140625
30101,5953.3818359375
30102,3419.38134765625
30103,6152.662109375
30104,4910.90966796875
30105,7284.162109375
30106,6513.396484375
30107,5527.708984375
30108,11021.2724609375
30109,4146.07666015625
30110,4936.30029296875
30111,8732.0380859375
30112,4988.64990234375
30113,7887.2236328125
30114,6238.44580078125
30115,4608.87646484375
30116,6264.2880859375
30117,5177.0361328125
30118,7884.9794921875
30119,8771.72265625
30120,6949.80908203125
30121,2854.880859375
30122,4180.22216796875
30123,7303.99169921875
30124,5671.70654296875
30125,4735.93408203125
30126,5167.26611328125
30127,4068.22021484375
30128,4972.12548828125
30129,3032.282958984375
30130,4405.04248046875
30131,6294.6806640625
30132,6661.51513671875
30133,5334.7119140625
30134,5509.3056640625
30135,7927.35009765625
30136,7843.2900390625
30137,6705.1123046875
30138,4046.28369140625
30139,8211.041015625
30140,7399.4326171875
30141,4380.07568359375
30142,6386.69970703125
30143,4951.1533203125
30144,6552.2978515625
30145,4174.90625
30146,6024.60595703125
30147,3669.138671875
30148,9111.60546875
30149,6251.748046875
30150,7521.05908203125
30151,8200.146484375
30152,5748.6728515625
30153,7381.23583984375
30154,17295.228515625
30155,8723.2763671875
30156,5039.93603515625
30157,2702.47509765625
30158,6533.16357421875
30159,6879.70556640625
30160,5930.17724609375
30161,11199.439453125
30162,18493.33984375
30163,4194.46533203125
30164,5158.07421875
30165,10029.927734375
30166,3517.015869140625
30167,6612.59814453125
30168,5249.33056640625
30169,7263.3447265625
30170,5751.220703125
30171,4910.1259765625
30172,5728.6953125
30173,7074.10302734375
30174,7610.81787109375
30175,5979.22412109375
30176,5930.1689453125
30177,6271.888671875
30178,4159.7431640625
30179,4243.44091796875
30180,6347.369140625
30181,4968.43603515625
30182,4999.12646484375
30183,5606.95751953125
30184,4941.8818359375
30185,5249.1240234375
30186,6552.228515625
30187,5578.294921875
30188,8397.9638671875
30189,10422.125
30190,7984.05615234375
30191,5614.396484375
30192,3595.62939453125
30193,4795.26171875
30194,5613.4228515625
30195,5394.8798828125
30196,4648.6494140625
30197,5335.96533203125
30198,6357.791015625
30199,8020.86572265625
30200,6341.48095703125
30201,4792.06787109375
30202,4001.898681640625
30203,4973.9189453125
30204,8079.46630859375
30205,5138.623046875
30206,7459.79541015625
30207,13287.1650390625
30208,7155.552734375
30209,7745.34521484375
30210,4620.8896484375
30211,4136.35595703125
30212,5428.45263671875
30213,4155.4755859375
30214,5323.984375
30215,9951.2470703125
30216,5904.95361328125
30217,12590.375
30218,10832.9580078125
30219,6327.484375
30220,6022.84814453125
30221,5768.0849609375
30222,6242.5322265625
30223,4795.63818359375
30224,10094.171875
30225,5992.36865234375
30226,8328.71484375
30227,4870.01171875
30228,7360.6474609375
30229,6689.6337890625
30230,7845.78076171875
30231,5966.40478515625
30232,5122.98046875
30233,6249.37939453125
30234,6252.67578125
30235,7143.04150390625
30236,9389.5078125
30237,6948.220703125
30238,8149.8564453125
30239,6715.27587890625
30240,8927.384765625
30241,5432.71630859375
30242,4805.67529296875
30243,5241.63232421875
30244,7971.98583984375
30245,6414.9384765625
30246,7832.380859375
30247,6795.93701171875
30248,7228.341796875
30249,6006.9912109375
30250,8216.22265625
30251,7031.23095703125
30252,3766.8564453125
30253,10423.7958984375
30254,15667.2744140625
30255,5305.5810546875
30256,6199.60107421875
30257,7991.66796875
30258,8595.5478515625
30259,9842.12109375
30260,4897.0771484375
30261,6371.212890625
30262,5818.22265625
30263,7046.5205078125
30264,3831.59814453125
30265,5729.73095703125
30266,5092.6396484375
30267,4705.9765625
30268,5937.22314453125
30269,5318.08056640625
30270,3283.03369140625
30271,6947.75146484375
30272,3643.635986328125
30273,3916.78076171875
30274,6186.486328125
30275,5466.69873046875
30276,8436.3056640625
30277,8229.2470703125
30278,8158.87109375
30279,6463.74267578125
30280,6587.46484375
30281,9306.33203125
30282,6295.49560546875
30283,3754.237548828125
30284,4931.1005859375
30285,10419.12890625
30286,4566.26904296875
30287,6108.4599609375
30288,4083.364013671875
30289,4045.03076171875
30290,6526.1923828125
30291,5683.97314453125
30292,5456.36328125
30293,9007.4951171875
30294,9310.640625
30295,10347.0859375
30296,5929.8505859375
30297,8689.6025390625
30298,2696.037353515625
30299,5155.55419921875
30300,5589.04736328125
30301,3763.687744140625
30302,7197.833984375
30303,3279.006591796875
30304,5332.73828125
30305,8010.01611328125
30306,9604.064453125
30307,7999.7265625
30308,4841.67919921875
30309,4983.1259765625
30310,12601.388671875
30311,9117.7509765625
30312,5774.15576171875
30313,5225.185546875
30314,5561.3505859375
30315,8442.3779296875
30316,5350.97265625
30317,5362.0751953125
30318,7470.37841796875
30319,7552.7373046875
30320,12910.0419921875
30321,7378.96044921875
30322,10417.021484375
30323,6880.853515625
30324,5577.21875
30325,2812.410400390625
30326,5179.14599609375
30327,5890.220703125
30328,5262.48876953125
30329,7099.66796875
30330,4752.76708984375
30331,3675.47412109375
30332,6918.36083984375
30333,5268.6201171875
30334,6587.0859375
30335,5949.31201171875
30336,6968.14501953125
30337,7497.49072265625
30338,4368.51904296875
30339,8616.9755859375
30340,5642.1630859375
30341,5534.24365234375
30342,6327.5927734375
30343,4995.51220703125
30344,9051.76953125
30345,6818.982421875
30346,4035.848388671875
30347,4633.56982421875
30348,8639.662109375
30349,6432.86767578125
30350,5588.56201171875
30351,7949.70458984375
30352,5691.248046875
30353,5875.748046875
30354,5609.18115234375
30355,8096.64697265625
30356,6375.74072265625
30357,6445.16650390625
30358,4307.23974609375
30359,5109.88720703125
30360,4928.28076171875
30361,4519.91015625
30362,7435.103515625
30363,9173.3955078125
30364,9736.865234375
30365,10474.2060546875
30366,8432.1279296875
30367,8475.6025390625
30368,5372.01904296875
30369,10195.4228515625
30370,9831.337890625
30371,6000.24755859375
30372,7445.91796875
30373,7404.3408203125
30374,5144.68701171875
30375,4029.022216796875
30376,8326.59765625
30377,6361.3798828125
30378,6457.73291015625
30379,5180.05712890625
30380,2385.486083984375
30381,9651.6025390625
30382,6709.177734375
30383,5098.97900390625
30384,4573.3447265625
30385,4474.0380859375
30386,6386.85986328125
30387,5709.19775390625
30388,5813.0751953125
30389,5649.14013671875
30390,3997.32373046875
30391,3173.33544921875
30392,3716.847412109375
30393,5896.65234375
30394,15984.380859375
30395,3766.79833984375
30396,5756.90625
30397,6268.904296875
30398,4151.4365234375
30399,4298.984375
30400,4957.283203125
30401,3649.060302734375
30402,6622.78173828125
30403,6732.26611328125
30404,2800.7568359375
30405,7423.033203125
30406,3296.855224609375
30407,4867.5712890625
30408,8785.095703125
30409,6497.37548828125
30410,9696.49609375
30411,3958.955078125
30412,5082.64208984375
30413,4511.39404296875
30414,5147.1591796875
30415,11541.666015625
30416,10882.3291015625
30417,5682.7314453125
30418,6331.00537109375
30419,4711.24609375
30420,5421.23193359375
30421,4942.93017578125
30422,11049.0517578125
30423,4416.7041015625
30424,3869.859375
30425,6678.9365234375
30426,3869.321533203125
30427,5843.3623046875
30428,5925.01318359375
30429,6212.1640625
30430,6579.73828125
30431,3383.27099609375
30432,5193.4951171875
30433,5894.92822265625
30434,7847.0751953125
30435,7390.5205078125
30436,7161.2880859375
30437,3196.29248046875
30438,7704.11376953125
30439,4957.7568359375
30440,5048.599609375
30441,5952.72021484375
30442,7116.20947265625
30443,5619.49658203125
30444,6971.8154296875
30445,5866.93115234375
30446,5148.78662109375
30447,5175.75390625
30448,5994.07421875
30449,6372.78173828125
30450,3748.317138671875
30451,9818.263671875
30452,5291.71240234375
30453,4211.23095703125
30454,10104.1787109375
30455,5690.61474609375
30456,4608.458984375
30457,6967.51904296875
30458,7909.55615234375
30459,8271.52734375
30460,4254.923828125
30461,5576.3798828125
30462,5256.6494140625
30463,6154.69189453125
30464,6195.57275390625
30465,6767.28369140625
30466,3453.171875
30467,5014.12109375
30468,5785.24951171875
30469,4382.359375
30470,4217.17431640625
30471,6466.10400390625
30472,5579.6455078125
30473,6508.8017578125
30474,6016.318359375
30475,6440.0126953125
30476,7957.0625
30477,4831.64404296875
30478,6002.32373046875
30479,5933.5712890625
30480,8217.8046875
30481,5728.5625
30482,4326.240234375
30483,8375.7041015625
30484,6991.5693359375
30485,6163.37548828125
30486,4514.17431640625
30487,4508.4951171875
30488,7273.4130859375
30489,4836.8583984375
30490,8193.87109375
30491,5986.7890625
30492,4711.11083984375
30493,7708.4501953125
30494,5004.89794921875
30495,4617.01806640625
30496,6647.6015625
30497,4782.724609375
30498,9124.5439453125
30499,8496.740234375
30500,6183.890625
30501,4591.71826171875
30502,4533.52294921875
30503,3946.320556640625
30504,2668.719970703125
30505,6359.21923828125
30506,4181.48291015625
30507,8268.9990234375
30508,4089.863037109375
30509,5008.20263671875
30510,5303.8779296875
30511,8145.26708984375
30512,5591.763671875
30513,4603.4541015625
30514,4780.533203125
30515,5955.7021484375
30516,5895.68603515625
30517,6931.912109375
30518,7659.61328125
30519,7406.96337890625
30520,7415.1962890625
30521,7076.4384765625
30522,6477.8095703125
30523,4625.02734375
30524,5084.1083984375
30525,7963.970703125
30526,6390.1904296875
30527,10478.4755859375
30528,14893.5390625
30529,3766.881591796875
30530,4519.97216796875
30531,4342.3974609375
30532,8366.3310546875
30533,9445.734375
30534,6049.1865234375
30535,7848.05712890625
30536,7548.392578125
30537,5645.99658203125
30538,6264.47802734375
30539,5057.7958984375
30540,4490.88720703125
30541,4441.6025390625
30542,3402.669921875
30543,3946.0419921875
30544,7375.310546875
30545,15253.4619140625
30546,6576.61572265625
30547,6212.92626953125
30548,5434.50439453125
30549,4391.14208984375
30550,5893.88134765625
30551,4445.49609375
30552,9391.2119140625
30553,6618.0546875
30554,6183.28271484375
30555,11204.701171875
30556,11527.3447265625
30557,6218.40087890625
30558,6288.458984375
30559,4212.89990234375
30560,4863.53271484375
30561,6203.40673828125
30562,8353.0185546875
30563,3607.431640625
30564,5435.94287109375
30565,4265.3515625
30566,5879.94189453125
30567,5078.0478515625
30568,6370.82470703125
30569,4629.09033203125
30570,7903.66162109375
30571,7431.4423828125
30572,4916.556640625
30573,3770.941650390625
30574,3287.754638671875
30575,7535.4775390625
30576,3749.679443359375
30577,9129.1982421875
30578,4048.543701171875
30579,5443.93505859375
30580,6300.28125
30581,6960.662109375
30582,5234.54150390625
30583,5397.3818359375
30584,5138.5703125
30585,6898.51708984375
30586,7528.92822265625
30587,5719.85791015625
30588,5340.8427734375
30589,5103.66455078125
30590,5030.453125
30591,4905.6201171875
30592,5288.189453125
30593,5750.71630859375
30594,11388.4453125
30595,6905.5283203125
30596,5746.05322265625
30597,6880.86767578125
30598,5016.875
30599,8614.724609375
30600,4687.28076171875
30601,10615.8955078125
30602,5597.17822265625
30603,5163.8623046875
30604,4126.84130859375
30605,4200.8798828125
30606,6047.677734375
30607,17835.654296875
30608,3444.457763671875
30609,4794.5947265625
30610,9047.658203125
30611,5512.71875
30612,6267.998046875
30613,8032.89404296875
30614,4888.0322265625
30615,5549.341796875
30616,4093.743408203125
30617,8656.3095703125
30618,5115.513671875
30619,5904.4931640625
30620,6763.921875
30621,4519.34619140625
30622,7320.22705078125
30623,5590.294921875
30624,4061.70703125
30625,7485.7919921875
30626,8837.7841796875
30627,3736.411865234375
30628,7545.82666015625
30629,6221.73291015625
30630,5781.68701171875
30631,7923.05859375
30632,6802.7353515625
30633,6415.63818359375
30634,4212.63916015625
30635,4828.68505859375
30636,7186.00732421875
30637,4251.8046875
30638,8080.78662109375
30639,3174.320068359375
30640,5282.1357421875
30641,4362.56494140625
30642,6585.46142578125
30643,5063.37890625
30644,6871.66015625
30645,6820.9970703125
30646,6358.1015625
30647,4900.41845703125
30648,6647.36767578125
30649,4886.76220703125
30650,6362.1728515625
30651,9489.3486328125
30652,7576.11865234375
30653,3642.564697265625
30654,5817.36767578125
30655,7503.0068359375
30656,3304.115478515625
30657,10935.767578125
30658,5521.9033203125
30659,6768.15283203125
30660,8517.6982421875
30661,7451.39208984375
30662,3172.673095703125
30663,13535.3056640625
30664,9111.0654296875
30665,6069.20849609375
30666,6471.39990234375
30667,9594.814453125
30668,6054.0556640625
30669,5252.43115234375
30670,6015.89404296875
30671,4493.6953125
30672,3847.302734375
30673,6035.51611328125
30674,3999.40576171875
30675,5910.82275390625
30676,6022.2216796875
30677,5227.73779296875
30678,6497.36181640625
30679,6189.58447265625
30680,5418.3076171875
30681,6175.0498046875
30682,6286.220703125
30683,6349.3779296875
30684,6021.4091796875
30685,6280.2626953125
30686,5372.9619140625
30687,7215.419921875
30688,4665.87060546875
30689,4393.94677734375
30690,6097.3369140625
30691,7022.0947265625
30692,6260.2216796875
30693,4435.93115234375
30694,4073.478515625
30695,5934.39501953125
30696,6468.48779296875
30697,4971.57861328125
30698,7104.91162109375
30699,6313.09619140625
30700,4342.640625
30701,5152.224609375
30702,2529.0068359375
30703,6138.94873046875
30704,6560.0634765625
30705,5008.93212890625
30706,8014.52978515625
30707,7419.888671875
30708,4358.4443359375
30709,7880.466796875
30710,3694.996337890625
30711,2255.426513671875
30712,6333.7861328125
30713,9029.7216796875
30714,7716.04736328125
30715,5876.40087890625
30716,3161.453369140625
30717,5109.75537109375
30718,6340.3837890625
30719,4469.19921875
30720,7123.5126953125
30721,3620.325927734375
30722,4638.98291015625
30723,4503.8720703125
30724,4557.568359375
30725,4599.02294921875
30726,3977.696533203125
30727,4695.775390625
30728,3487.951416015625
30729,6498.84423828125
30730,5583.61572265625
30731,5000.36474609375
30732,5863.70166015625
30733,6603.8408203125
30734,4841.27685546875
30735,4851.603515625
30736,7938.42138671875
30737,6414.30517578125
30738,5565.06982421875
30739,3074.360107421875
30740,9482.056640625
30741,5872.248046875
30742,4650.83935546875
30743,7565.2001953125
30744,6316.9609375
30745,6857.8974609375
30746,6257.5595703125
30747,5815.62255859375
30748,6509.39599609375
30749,10714.3779296875
30750,3221.6025390625
30751,3973.018798828125
30752,5358.6015625
30753,6645.5029296875
30754,5662.56005859375
30755,6827.28515625
30756,6417.35595703125
30757,4686.23388671875
30758,3098.10498046875
30759,4723.82763671875
30760,11929.4599609375
30761,3713.0400390625
30762,7059.7138671875
30763,3514.5458984375
30764,6990.15625
30765,7288.88232421875
30766,6171.53125
30767,6413.73291015625
30768,6465.3798828125
30769,4087.322021484375
30770,5938.82666015625
30771,6254.70751953125
30772,7151.2841796875
30773,6365.53076171875
30774,7470.306640625
30775,5492.70849609375
30776,4228.81591796875
30777,9480.34765625
30778,3506.111083984375
30779,8245.1796875
30780,6312.43115234375
30781,4298.62158203125
30782,6898.2548828125
30783,5419.48828125
30784,7218.43603515625
30785,9139.306640625
30786,4959.6708984375
30787,3923.07421875
30788,6833.03662109375
30789,7619.1533203125
30790,8811.4833984375
30791,5157.5712890625
30792,5223.91943359375
30793,4943.0927734375
30794,6797.236328125
30795,4475.9140625
30796,7777.775390625
30797,7580.2158203125
30798,10016.91796875
30799,4247.5302734375
30800,5370.505859375
30801,9075.2861328125
30802,9555.4794921875
30803,3594.18310546875
30804,8027.0791015625
30805,5471.7939453125
30806,5745.01318359375
30807,4968.3017578125
30808,4538.15625
30809,5454.38720703125
30810,4735.07958984375
30811,3699.942138671875
30812,3944.55224609375
30813,7878.45849609375
30814,7048.49560546875
30815,22008.462890625
30816,6322.84814453125
30817,3195.559326171875
30818,5229.81103515625
30819,9287.85546875
30820,4848.04736328125
30821,5602.234375
30822,5064.88427734375
30823,6753.96435546875
30824,5951.33203125
30825,3992.51318359375
30826,4808.97119140625
30827,5423.43115234375
30828,6824.83935546875
30829,6032.68701171875
30830,8968.7783203125
30831,4527.29931640625
30832,3763.613037109375
30833,6630.94775390625
30834,9265.185546875
30835,8904.9111328125
30836,6240.9619140625
30837,6578.888671875
30838,4789.01123046875
30839,5740.56494140625
30840,3598.293212890625
30841,7681.82861328125
30842,9330.3828125
30843,8380.9755859375
30844,5210.63671875
30845,4419.69482421875
30846,3514.102294921875
30847,5464.32666015625
30848,9656.470703125
30849,5619.58154296875
30850,3857.44140625
30851,3752.98046875
30852,7158.2080078125
30853,2142.972412109375
30854,6151.294921875
30855,3833.482421875
30856,5715.7861328125
30857,4742.09521484375
30858,5081.251953125
30859,6244.22119140625
30860,5503.5732421875
30861,6299.52490234375
30862,5966.33642578125
30863,5558.28369140625
30864,8504.5283203125
30865,5490.29541015625
30866,6272.109375
30867,7895.9658203125
30868,8169.158203125
30869,6260.544921875
30870,7169.10546875
30871,3030.466552734375
30872,3675.13818359375
30873,5152.04296875
30874,5611.29638671875
30875,7815.4208984375
30876,5638.33544921875
30877,4336.18408203125
30878,6199.6669921875
30879,6201.90625
30880,7386.82177734375
30881,3444.148681640625
30882,12080.03125
30883,3259.502197265625
30884,5859.61669921875
30885,7431.27392578125
30886,3828.87939453125
30887,4493.904296875
30888,4298.95751953125
30889,6523.49755859375
30890,4502.2294921875
30891,4623.57080078125
30892,7222.96826171875
30893,6319.6552734375
30894,4691.78369140625
30895,4270.60107421875
30896,6059.97412109375
30897,9715.4931640625
30898,5730.33642578125
30899,4890.94677734375
30900,5574.7021484375
30901,6209.19677734375
30902,6097.6689453125
30903,7474.5380859375
30904,3730.48291015625
30905,6189.37841796875
30906,5840.482421875
30907,5440.7041015625
30908,9126.7880859375
30909,3668.947021484375
30910,5253.10498046875
30911,4936.2744140625
30912,7337.4326171875
30913,6849.20849609375
30914,4018.573974609375
30915,4281.9580078125
30916,5869.99755859375
30917,5413.525390625
30918,4898.515625
30919,6178.01416015625
30920,5039.23486328125
30921,6593.83544921875
30922,4285.2294921875
30923,4005.791015625
30924,4771.64892578125
30925,7153.5546875
30926,6190.34326171875
30927,7226.42919921875
30928,7192.8369140625
30929,4786.791015625
30930,7362.16357421875
30931,4606.54443359375
30932,4539.537109375
30933,7725.767578125
30934,5562.91015625
30935,9025.2841796875
30936,7565.48291015625
30937,6399.88330078125
30938,4671.02880859375
30939,7041.4443359375
30940,6439.73779296875
30941,4615.4599609375
30942,3342.26611328125
30943,5677.1396484375
30944,6655.12841796875
30945,5328.2568359375
30946,3159.312255859375
30947,6357.2626953125
30948,5254.01318359375
30949,5286.93798828125
30950,4860.41162109375
30951,4278.1728515625
30952,6164.5498046875
30953,6540.123046875
30954,5410.431640625
30955,4390.9755859375
30956,4545.4462890625
30957,5784.98388671875
30958,3412.29833984375
30959,5187.03173828125
30960,4715.96630859375
30961,7156.22802734375
30962,6617.72705078125
30963,5341.38427734375
30964,10004.9482421875
30965,4737.43798828125
30966,4276.78955078125
30967,8175.77490234375
30968,5065.71875
30969,7151.2060546875
30970,6352.68115234375
30971,3915.666259765625
30972,5229.22607421875
30973,5079.5966796875
30974,6837.7802734375
30975,9172.52734375
30976,5704.40869140625
30977,3355.5498046875
30978,4055.455078125
30979,6658.2744140625
30980,6051.77099609375
30981,4604.435546875
30982,4962.533203125
30983,4171.8291015625
30984,4129.24365234375
30985,3287.100830078125
30986,4342.85888671875
30987,5631.1435546875
30988,6326.1787109375
30989,5176.970703125
30990,5757.939453125
30991,7142.19970703125
30992,7314.08154296875
30993,6200.142578125
30994,4051.791259765625
30995,8063.34326171875
30996,8120.857421875
30997,4041.5869140625
30998,6325.9208984375
30999,4351.53369140625
31000,6095.0302734375
31001,3807.758056640625
31002,5952.5537109375
31003,3705.663818359375
31004,8096.14697265625
31005,5991.30322265625
31006,6747.12451171875
31007,7331.31005859375
31008,4615.75634765625
31009,7738.46484375
31010,16496.72265625
31011,7887.37158203125
31012,5081.1513671875
31013,2705.493408203125
31014,6144.318359375
31015,6757.74560546875
31016,4647.013671875
31017,12030.0400390625
31018,18813.380859375
31019,3814.071533203125
31020,4813.73046875
31021,7713.43603515625
31022,3910.066162109375
31023,6423.9921875
31024,5260.9375
31025,6686.30615234375
31026,6273.47412109375
31027,5296.935546875
31028,5320.9853515625
31029,6109.69580078125
31030,6978.35546875
31031,5720.71826171875
31032,5326.349609375
31033,5946.78515625
31034,4556.77587890625
31035,4207.3349609375
31036,7124.99658203125
31037,4543.68896484375
31038,5183.47265625
31039,6321.24365234375
31040,4839.56982421875
31041,4803.01220703125
31042,6067.03173828125
31043,5505.54541015625
31044,7977.27490234375
31045,9921.466796875
31046,6810.02392578125
31047,5318.7392578125
31048,2906.68701171875
31049,4930.0537109375
31050,5305.017578125
31051,4087.502685546875
31052,4385.2021484375
31053,5908.5224609375
31054,5614.70947265625
31055,7534.119140625
31056,6117.103515625
31057,5262.888671875
31058,4078.708740234375
31059,4517.64306640625
31060,7170.76025390625
31061,4706.11474609375
31062,6370.83447265625
31063,11734.4423828125
31064,6319.81298828125
31065,5679.93798828125
31066,4652.35107421875
31067,4194.7998046875
31068,5396.712890625
31069,3798.933349609375
31070,4592.2138671875
31071,8973.1142578125
31072,5064.28564453125
31073,13427.71484375
31074,10626.296875
31075,5071.91064453125
31076,5493.62548828125
31077,5344.85009765625
31078,5677.07275390625
31079,4997.10009765625
31080,9947.7314453125
31081,5558.27001953125
31082,7248.56640625
31083,4411.71142578125
31084,7166.84765625
31085,5997.947265625
31086,6845.25146484375
31087,6031.41650390625
31088,5058.41552734375
31089,5864.81689453125
31090,6943.7373046875
31091,7099.69677734375
31092,8557.57421875
31093,6384.5556640625
31094,8485.9091796875
31095,6177.12890625
31096,8512.5576171875
31097,4785.24462890625
31098,4840.24267578125
31099,4627.5205078125
31100,7480.439453125
31101,5613.09228515625
31102,6817.43212890625
31103,6464.8935546875
31104,6910.50439453125
31105,5273.56396484375
31106,7292.1337890625
31107,6602.9033203125
31108,3702.5068359375
31109,11534.8408203125
31110,14085.3671875
31111,6026.6015625
31112,6233.3720703125
31113,7622.48046875
31114,8270.5654296875
31115,9581.0
31116,4873.3642578125
31117,6348.9560546875
31118,5401.369140625
31119,7030.70166015625
31120,3678.336181640625
31121,5378.20458984375
31122,4576.73583984375
31123,4799.51220703125
31124,6329.49462890625
31125,4725.59765625
31126,3385.0234375
31127,6409.84716796875
31128,3702.7353515625
31129,3851.441162109375
31130,5130.5380859375
31131,5629.8388671875
31132,7830.46044921875
31133,8222.69140625
31134,7270.10546875
31135,5865.146484375
31136,5899.55810546875
31137,8423.8046875
31138,6211.580078125
31139,3895.12548828125
31140,4993.4521484375
31141,10350.931640625
31142,4082.186767578125
31143,6069.6591796875
31144,3490.999267578125
31145,4403.18701171875
31146,5794.8017578125
31147,5446.1630859375
31148,4670.46435546875
31149,8273.98046875
31150,8207.5615234375
31151,10362.0029296875
31152,5413.451171875
31153,8720.8515625
31154,3002.95556640625
31155,5054.9814453125
31156,5562.7861328125
31157,3933.072265625
31158,7180.2998046875
31159,3438.4345703125
31160,5033.83984375
31161,7603.49755859375
31162,9596.669921875
31163,6734.28515625
31164,4706.91064453125
31165,4180.5322265625
31166,12411.9716796875
31167,8739.9833984375
31168,5328.13427734375
31169,4387.275390625
31170,5666.26953125
31171,7989.2001953125
31172,4667.7314453125
31173,5500.38525390625
31174,6327.63916015625
31175,7729.44140625
31176,12883.6552734375
31177,6725.466796875
31178,10241.5390625
31179,6386.93359375
31180,4839.33544921875
31181,2624.11181640625
31182,5497.76416015625
31183,5557.7099609375
31184,4386.68994140625
31185,6559.845703125
31186,4437.18408203125
31187,3370.1865234375
31188,5949.3330078125
31189,3623.8154296875
31190,6680.8876953125
31191,5767.88623046875
31192,6668.53271484375
31193,6884.67138671875
31194,4630.6162109375
31195,8161.287109375
31196,5931.56494140625
31197,5511.609375
31198,5561.18798828125
31199,5054.70361328125
31200,9110.1171875
31201,5913.2197265625
31202,4203.0771484375
31203,5841.65478515625
31204,8139.3974609375
31205,6102.240234375
31206,5735.9091796875
31207,7953.48583984375
31208,5557.75537109375
31209,6918.220703125
31210,5012.64501953125
31211,7155.23486328125
31212,5671.6240234375
31213,5596.76220703125
31214,3979.378662109375
31215,4666.994140625
31216,4474.79052734375
31217,4349.7099609375
31218,6345.88916015625
31219,8459.5390625
31220,9872.6572265625
31221,9814.150390625
31222,7889.59765625
31223,7943.30224609375
31224,4512.21826171875
31225,9973.048828125
31226,9303.6337890625
31227,6160.92138671875
31228,7499.658203125
31229,7251.0185546875
31230,5362.193359375
31231,3869.672119140625
31232,8476.8935546875
31233,6053.67236328125
31234,6414.29736328125
31235,4849.85400390625
31236,1951.013427734375
31237,9233.294921875
31238,6293.22607421875
31239,4350.7841796875
31240,4308.13916015625
31241,3760.117431640625
31242,5866.1923828125
31243,5787.92529296875
31244,5438.681640625
31245,5406.0478515625
31246,4530.27734375
31247,3717.85546875
31248,3441.8037109375
31249,5979.12744140625
31250,16194.0869140625
31251,4113.486328125
31252,5075.654296875
31253,6363.57275390625
31254,4244.5810546875
31255,4830.38037109375
31256,4473.9697265625
31257,3692.527587890625
31258,6154.6162109375
31259,6678.03857421875
31260,2866.2392578125
31261,7577.673828125
31262,3469.138916015625
31263,4264.43310546875
31264,9234.9296875
31265,6584.58349609375
31266,9213.0576171875
31267,3828.11669921875
31268,4626.09228515625
31269,4895.70751953125
31270,4132.234375
31271,11576.361328125
31272,9337.021484375
31273,4946.75
31274,5097.67919921875
31275,4016.8935546875
31276,5048.359375
31277,4175.8525390625
31278,8642.9189453125
31279,4414.36181640625
31280,4135.56689453125
31281,5860.50146484375
31282,4261.13427734375
31283,5796.5029296875
31284,5946.68212890625
31285,6370.490234375
31286,6525.59228515625
31287,3488.255615234375
31288,5293.9208984375
31289,4876.3603515625
31290,7687.40966796875
31291,7411.42236328125
31292,6347.36962890625
31293,3203.20703125
31294,7310.14306640625
31295,5232.904296875
31296,4306.50146484375
31297,5803.25439453125
31298,6476.62646484375
31299,5661.86865234375
31300,6234.4658203125
31301,5419.2666015625
31302,4672.30322265625
31303,4483.30029296875
31304,6049.63916015625
31305,6021.6640625
31306,3761.591552734375
31307,8688.5625
31308,5243.18603515625
31309,4130.5205078125
31310,9730.373046875
31311,5446.99169921875
31312,4573.49365234375
31313,6827.64599609375
31314,7571.31982421875
31315,8742.41015625
31316,4226.12451171875
31317,5062.037109375
31318,5180.8349609375
31319,6542.58544921875
31320,5091.1513671875
31321,6495.3486328125
31322,3235.758544921875
31323,5194.33251953125
31324,5673.2880859375
31325,4674.0390625
31326,3892.872802734375
31327,6063.55029296875
31328,5947.2978515625
31329,5590.416015625
31330,6262.62939453125
31331,5864.384765625
31332,7169.25146484375
31333,4837.00927734375
31334,5632.9755859375
31335,5676.22412109375
31336,7686.53662109375
31337,6089.5732421875
31338,3175.545166015625
31339,8649.197265625
31340,6696.8291015625
31341,5847.19091796875
31342,4512.72119140625
31343,3993.109619140625
31344,6747.3603515625
31345,4776.83984375
31346,7897.2978515625
31347,5621.60546875
31348,4825.94287109375
31349,7269.63134765625
31350,4354.8212890625
31351,4600.9599609375
31352,6325.51953125
31353,4519.8564453125
31354,8683.2294921875
31355,8735.580078125
31356,6222.1943359375
31357,4203.14306640625
31358,4704.27734375
31359,3748.884765625
31360,2823.021240234375
31361,6327.275390625
31362,4368.46044921875
31363,8159.1962890625
31364,4237.34130859375
31365,4813.75439453125
31366,4899.61669921875
31367,8361.025390625
31368,5143.9697265625
31369,4809.00634765625
31370,4493.3916015625
31371,5980.392578125
31372,4584.09130859375
31373,6531.70654296875
31374,7331.703125
31375,7159.42041015625
31376,6768.65966796875
31377,6595.1533203125
31378,5576.935546875
31379,4573.60791015625
31380,4756.7109375
31381,9104.98828125
31382,6883.16455078125
31383,9781.0546875
31384,15020.1611328125
31385,3370.673828125
31386,3903.034912109375
31387,4574.03564453125
31388,8186.91552734375
31389,8307.79296875
31390,6184.10107421875
31391,6877.23974609375
31392,7246.34814453125
31393,5516.21875
31394,5940.96484375
31395,4872.27001953125
31396,4521.7900390625
31397,4125.35205078125
31398,3250.081787109375
31399,4113.728515625
31400,6547.1962890625
31401,15418.9912109375
31402,5875.8984375
31403,4793.26220703125
31404,5987.92333984375
31405,3768.13916015625
31406,4933.28369140625
31407,3944.828369140625
31408,8796.4716796875
31409,6041.3095703125
31410,5495.09521484375
31411,10990.87890625
31412,12021.728515625
31413,6056.25439453125
31414,5742.26171875
31415,3573.201904296875
31416,5002.2529296875
31417,5824.751953125
31418,7161.89453125
31419,3783.85205078125
31420,5054.72314453125
31421,4497.27783203125
31422,5451.50634765625
31423,5351.73046875
31424,6122.47509765625
31425,3819.0556640625
31426,6513.29541015625
31427,7008.97412109375
31428,4918.982421875
31429,3600.555908203125
31430,3712.53076171875
31431,7050.904296875
31432,3603.505615234375
31433,8966.2900390625
31434,3903.9912109375
31435,4935.615234375
31436,5400.955078125
31437,5518.56396484375
31438,4555.34814453125
31439,5399.8359375
31440,5478.32568359375
31441,6867.07666015625
31442,7363.2275390625
31443,5163.64453125
31444,5197.9736328125
31445,4967.5283203125
31446,4884.15283203125
31447,4346.9345703125
31448,5365.91650390625
31449,5180.55126953125
31450,10734.154296875
31451,5828.93359375
31452,5162.2861328125
31453,6915.12451171875
31454,4874.4990234375
31455,8300.6640625
31456,4568.72216796875
31457,10627.0869140625
31458,5659.46826171875
31459,4855.62841796875
31460,4933.3759765625
31461,3900.45068359375
31462,6060.22412109375
31463,16803.5234375
31464,3468.510009765625
31465,4349.69140625
31466,8769.10546875
31467,5558.09375
31468,5958.9296875
31469,7521.470703125
31470,5010.23291015625
31471,5080.6220703125
31472,3951.5654296875
31473,8185.2412109375
31474,5209.443359375
31475,5735.52880859375
31476,6694.2099609375
31477,4482.5146484375
31478,6756.4658203125
31479,5552.28662109375
31480,3762.6298828125
31481,7039.7119140625
31482,8178.6630859375
31483,3717.431884765625
31484,6764.40234375
31485,5581.2158203125
31486,5452.859375
31487,7003.55615234375
31488,5784.60205078125
31489,5850.88671875
31490,3872.42724609375
31491,4445.47900390625
31492,7406.697265625
31493,3474.60205078125
31494,7532.482421875
31495,3637.3330078125
31496,5253.05810546875
31497,4495.8505859375
31498,5720.0029296875
31499,5172.09912109375
31500,6602.8349609375
31501,6377.9619140625
31502,6817.431640625
31503,4922.70751953125
31504,7166.29248046875
31505,5240.34814453125
31506,6736.20361328125
31507,8703.2861328125
31508,7027.1708984375
31509,3295.040771484375
31510,5678.69775390625
31511,6369.9169921875
31512,3926.885986328125
31513,10272.380859375
31514,4993.8896484375
31515,6736.23828125
31516,8579.5947265625
31517,6235.48291015625
31518,2987.5048828125
31519,12660.220703125
31520,8783.126953125
31521,5433.32177734375
31522,6264.96484375
31523,8527.3505859375
31524,5268.7470703125
31525,5368.1826171875
31526,5941.62158203125
31527,4251.16845703125
31528,4208.62841796875
31529,5969.85302734375
31530,4064.3447265625
31531,6498.87841796875
31532,5568.32080078125
31533,6203.4580078125
31534,6176.37939453125
31535,5517.91748046875
31536,5242.140625
31537,5254.37109375
31538,6007.60302734375
31539,6106.99169921875
31540,5597.5849609375
31541,6382.22314453125
31542,5553.95703125
31543,6823.4404296875
31544,4838.0283203125
31545,4144.0341796875
31546,5467.04931640625
31547,6781.25048828125
31548,6292.5048828125
31549,4205.796875
31550,3731.371337890625
31551,6712.3427734375
31552,7455.80517578125
31553,4630.5029296875
31554,6722.19482421875
31555,5847.62548828125
31556,5411.97265625
31557,4260.6171875
31558,2344.190673828125
31559,5744.76953125
31560,6152.2958984375
31561,4944.6943359375
31562,7049.12646484375
31563,7361.5771484375
31564,4521.45703125
31565,6259.1298828125
31566,3807.444580078125
31567,2327.488525390625
31568,5810.115234375
31569,9411.0908203125
31570,6461.69482421875
31571,6034.77685546875
31572,3344.439453125
31573,5061.099609375
31574,6216.90771484375
31575,4549.70458984375
31576,6161.31005859375
31577,3827.021484375
31578,3897.032958984375
31579,4216.06298828125
31580,4782.861328125
31581,4956.01025390625
31582,4149.83544921875
31583,4288.77880859375
31584,3420.584228515625
31585,6102.2216796875
31586,5630.44189453125
31587,4335.6240234375
31588,5543.00927734375
31589,6033.20263671875
31590,4684.83447265625
31591,4440.2861328125
31592,7204.57568359375
31593,6241.23876953125
31594,5136.70458984375
31595,3407.870849609375
31596,9203.4091796875
31597,5191.5478515625
31598,4176.1787109375
31599,7022.02294921875
31600,6459.46435546875
31601,6610.5439453125
31602,5551.732421875
31603,5893.6982421875
31604,7010.45263671875
31605,11904.939453125
31606,3423.746826171875
31607,3960.372802734375
31608,4084.074951171875
31609,5663.7294921875
31610,5301.9765625
31611,7284.78662109375
31612,6532.4287109375
31613,4569.9833984375
31614,3015.044677734375
31615,5012.11328125
31616,9427.5
31617,3482.19384765625
31618,6449.17724609375
31619,3447.803955078125
31620,5940.52587890625
31621,7234.73681640625
31622,6245.56298828125
31623,6690.072265625
31624,5580.18359375
31625,3733.90087890625
31626,5005.86181640625
31627,6162.32666015625
31628,6658.0966796875
31629,6265.91748046875
31630,6572.4111328125
31631,5003.4189453125
31632,3798.0791015625
31633,9163.8203125
31634,3208.72900390625
31635,8300.0556640625
31636,5534.56005859375
31637,4279.07861328125
31638,6090.11279296875
31639,5037.91357421875
31640,6969.6748046875
31641,8893.7314453125
31642,4588.64697265625
31643,3761.62158203125
31644,6002.35791015625
31645,6546.75634765625
31646,8749.880859375
31647,4819.7529296875
31648,5151.458984375
31649,4559.79638671875
31650,5390.1357421875
31651,4384.78857421875
31652,8036.11474609375
31653,7002.6015625
31654,9975.9638671875
31655,4098.86767578125
31656,5211.18017578125
31657,9884.5341796875
31658,8743.4541015625
31659,3819.197509765625
31660,6609.51171875
31661,5379.99951171875
31662,4769.0517578125
31663,5011.22216796875
31664,4729.43896484375
31665,4635.7109375
31666,5191.68505859375
31667,3724.614501953125
31668,4176.82421875
31669,7612.9697265625
31670,5658.3388671875
31671,21668.87890625
31672,5648.5703125
31673,3194.537841796875
31674,6263.64501953125
31675,9710.482421875
31676,4905.84619140625
31677,5420.96044921875
31678,5310.357421875
31679,6781.2734375
31680,6012.36669921875
31681,3237.3671875
31682,4509.84228515625
31683,5468.26806640625
31684,6803.23486328125
31685,5674.134765625
31686,8454.0615234375
31687,3823.090087890625
31688,3824.075927734375
31689,6797.00439453125
31690,8840.58203125
31691,8922.748046875
31692,6577.884765625
31693,6209.2021484375
31694,4756.4814453125
31695,5402.5078125
31696,3168.308837890625
31697,7008.43212890625
31698,8349.8759765625
31699,7939.46533203125
31700,4351.38330078125
31701,4947.25830078125
31702,4545.20068359375
31703,5456.23486328125
31704,8882.87890625
31705,5238.79541015625
31706,3456.474853515625
31707,3149.18701171875
31708,6301.53857421875
31709,2373.14453125
31710,5973.02587890625
31711,3369.0751953125
31712,5851.69970703125
31713,4362.53271484375
31714,4679.71044921875
31715,6006.2177734375
31716,5327.99462890625
31717,5632.9228515625
31718,5999.7255859375
31719,6026.54052734375
31720,8431.0703125
31721,4930.52880859375
31722,6185.85546875
31723,7579.73193359375
31724,8552.955078125
31725,5751.9375
31726,7706.91259765625
31727,3303.071044921875
31728,4067.62060546875
31729,5169.17236328125
31730,5636.50048828125
31731,8234.25
31732,5869.29931640625
31733,4476.63330078125
31734,5888.29248046875
31735,5863.49365234375
31736,7874.4404296875
31737,2936.339111328125
31738,10940.548828125
31739,3332.9306640625
31740,5997.0078125
31741,7411.58251953125
31742,3685.141845703125
31743,4706.98046875
31744,5144.37109375
31745,6212.35693359375
31746,3932.3349609375
31747,4163.62451171875
31748,6947.271484375
31749,6779.943359375
31750,5163.5087890625
31751,3874.5283203125
31752,6595.3427734375
31753,9999.3740234375
31754,5890.560546875
31755,4912.126953125
31756,5340.53076171875
31757,6190.75
31758,5179.296875
31759,7023.03125
31760,3435.69287109375
31761,5880.572265625
31762,5755.8603515625
31763,5177.8759765625
31764,9244.1123046875
31765,3342.24169921875
31766,5105.25439453125
31767,4380.5302734375
31768,7072.82080078125
31769,7283.00244140625
31770,4173.12158203125
31771,3746.04638671875
31772,5570.0703125
31773,4986.22216796875
31774,4903.37548828125
31775,6043.7119140625
31776,5410.8251953125
31777,6588.6865234375
31778,4355.0634765625
31779,3749.1025390625
31780,4547.36572265625
31781,7470.3681640625
31782,6977.65576171875
31783,6531.82275390625
31784,6605.93115234375
31785,4644.765625
31786,6887.64794921875
31787,3981.0703125
31788,4758.94921875
31789,7570.37109375
31790,4849.638671875
31791,8560.251953125
31792,7700.03271484375
31793,6230.21728515625
31794,4460.80224609375
31795,6336.4052734375
31796,6096.48388671875
31797,5021.30517578125
31798,3487.312255859375
31799,5718.1884765625
31800,6694.11962890625
31801,4800.50244140625
31802,3432.84130859375
31803,6304.41748046875
31804,5413.275390625
31805,5804.3505859375
31806,5005.29443359375
31807,3998.763427734375
31808,6445.8291015625
31809,5872.7529296875
31810,5914.0849609375
31811,4012.6474609375
31812,6163.46484375
31813,5209.2373046875
31814,3483.95458984375
31815,6345.91015625
31816,4541.72216796875
31817,7102.4111328125
31818,6672.6572265625
31819,5312.35205078125
31820,9902.568359375
31821,4631.4365234375
31822,4061.173095703125
31823,8469.9853515625
31824,4963.93994140625
31825,6789.4228515625
31826,6371.658203125
31827,3754.358154296875
31828,5590.9287109375
31829,5035.37060546875
31830,6849.35400390625
31831,9186.3935546875
31832,6371.34619140625
31833,2895.95654296875
31834,3719.355712890625
31835,6283.2607421875
31836,5840.85986328125
31837,5376.56298828125
31838,5531.0908203125
31839,4186.86376953125
31840,4604.52734375
31841,2861.8759765625
31842,4253.50732421875
31843,5333.359375
31844,5838.46826171875
31845,5920.52734375
31846,5425.74658203125
31847,6886.7353515625
31848,6787.5693359375
31849,5955.8134765625
31850,3654.1953125
31851,8617.4521484375
31852,7432.84716796875
31853,4167.80029296875
31854,6337.68310546875
31855,4089.3505859375
31856,5656.87646484375
31857,3593.908203125
31858,5947.86328125
31859,3278.563720703125
31860,8256.8837890625
31861,6191.04150390625
31862,6471.29443359375
31863,7735.74462890625
31864,4397.705078125
31865,7052.19775390625
31866,16496.33984375
31867,8517.783203125
31868,4900.34619140625
31869,2373.0419921875
31870,5903.91650390625
31871,7367.43359375
31872,5059.6044921875
31873,11684.2978515625
31874,17861.98046875
31875,3568.775146484375
31876,4618.818359375
31877,8098.85986328125
31878,3590.750732421875
31879,6442.51611328125
31880,5398.01611328125
31881,6396.8837890625
31882,5174.63671875
31883,5087.15625
31884,5453.31982421875
31885,6342.5654296875
31886,7360.42578125
31887,5262.97314453125
31888,5143.556640625
31889,5816.81005859375
31890,4269.4306640625
31891,4511.24658203125
31892,6468.21142578125
31893,3956.6748046875
31894,4738.638671875
31895,6209.53271484375
31896,5326.68505859375
31897,5428.66943359375
31898,6224.2275390625
31899,5713.39697265625
31900,7740.10888671875
31901,10149.484375
31902,7612.8701171875
31903,5114.1904296875
31904,2800.608154296875
31905,5260.4267578125
31906,5795.26318359375
31907,4491.556640625
31908,4225.7900390625
31909,6453.26611328125
31910,5888.75341796875
31911,7558.68115234375
31912,6471.60595703125
31913,4167.79638671875
31914,4083.905029296875
31915,4190.7060546875
31916,7557.7685546875
31917,3937.070556640625
31918,6016.70849609375
31919,12500.0595703125
31920,6345.25927734375
31921,5381.56689453125
31922,4127.29345703125
31923,3944.924072265625
31924,5540.14306640625
31925,3238.468994140625
31926,5026.6796875
31927,9411.5830078125
31928,4352.65185546875
31929,12128.412109375
31930,11500.6259765625
31931,5092.6318359375
31932,5694.1572265625
31933,5637.380859375
31934,5758.74365234375
31935,4737.35693359375
31936,9697.005859375
31937,5571.7998046875
31938,7743.68212890625
31939,5163.587890625
31940,6835.4765625
31941,5670.453125
31942,7712.6796875
31943,5369.75048828125
31944,4815.0546875
31945,5486.3662109375
31946,5071.32177734375
31947,6748.4296875
31948,8693.2255859375
31949,5611.17333984375
31950,7699.65380859375
31951,5414.708984375
31952,8428.3837890625
31953,5075.5234375
31954,4687.48974609375
31955,4195.54443359375
31956,7692.92041015625
31957,5412.2109375
31958,6497.16796875
31959,5658.537109375
31960,6789.2978515625
31961,5000.56103515625
31962,7535.38916015625
31963,6455.5224609375
31964,3194.669921875
31965,11017.953125
31966,14345.5556640625
31967,5357.4052734375
31968,5465.33544921875
31969,8438.5546875
31970,7987.85791015625
31971,9591.28515625
31972,5196.77001953125
31973,5902.2763671875
31974,4715.90869140625
31975,6511.486328125
31976,3406.232177734375
31977,5676.74951171875
31978,4442.8603515625
31979,4765.71533203125
31980,5723.544921875
31981,4641.916015625
31982,3408.683349609375
31983,6315.81005859375
31984,3826.84521484375
31985,3622.29345703125
31986,5210.669921875
31987,4614.9130859375
31988,7567.5673828125
31989,7938.28564453125
31990,7246.353515625
31991,5584.93994140625
31992,5613.67578125
31993,8599.896484375
31994,5965.8623046875
31995,3775.269775390625
31996,4542.57763671875
31997,10137.3212890625
31998,3896.20458984375
31999,5688.93603515625
32000,2883.698486328125
32001,4244.857421875
32002,5633.92724609375
32003,4566.76025390625
32004,4879.05419921875
32005,7078.037109375
32006,8125.98291015625
32007,10129.17578125
32008,5187.01806640625
32009,8088.06201171875
32010,2712.07470703125
32011,4870.146484375
32012,4944.09423828125
32013,3407.139892578125
32014,6862.43212890625
32015,3703.570068359375
32016,4983.92236328125
32017,7321.25732421875
32018,9252.880859375
32019,6123.84033203125
32020,4901.02197265625
32021,4012.46728515625
32022,12168.5185546875
32023,8551.7197265625
32024,5198.93798828125
32025,4453.9951171875
32026,5493.865234375
32027,8421.625
32028,4480.68212890625
32029,5025.734375
32030,6550.12744140625
32031,6430.04296875
32032,12849.04296875
32033,6296.271484375
32034,10133.6005859375
32035,6026.0986328125
32036,4380.82568359375
32037,2642.918212890625
32038,5016.03369140625
32039,4973.4423828125
32040,4217.71240234375
32041,5850.33984375
32042,4137.32177734375
32043,3525.350341796875
32044,5650.537109375
32045,4558.02978515625
32046,6312.60546875
32047,5624.40673828125
32048,7178.65966796875
32049,6817.2705078125
32050,4157.03369140625
32051,8010.98046875
32052,5679.7236328125
32053,4694.189453125
32054,5142.6142578125
32055,4153.1259765625
32056,9197.4140625
32057,5754.70166015625
32058,4055.376953125
32059,5165.01123046875
32060,6884.2841796875
32061,5899.921875
32062,5691.55908203125
32063,7266.4970703125
32064,5711.646484375
32065,5295.82421875
32066,4712.46435546875
32067,6719.06884765625
32068,5638.0849609375
32069,5654.904296875
32070,3583.285400390625
32071,4121.43505859375
32072,4625.55419921875
32073,3752.404296875
32074,6299.39111328125
32075,8193.5810546875
32076,9166.7841796875
32077,9904.265625
32078,7090.166015625
32079,8521.3515625
32080,4692.40966796875
32081,9672.443359375
32082,9440.759765625
32083,5555.9658203125
32084,7021.55126953125
32085,7381.5615234375
32086,5397.12451171875
32087,4389.45361328125
32088,8289.533203125
32089,5961.30908203125
32090,5906.5703125
32091,5195.00732421875
32092,2260.093994140625
32093,8582.828125
32094,5653.88525390625
32095,4356.87255859375
32096,4212.412109375
32097,4095.92529296875
32098,6082.59521484375
32099,5931.08056640625
32100,5410.826171875
32101,5605.3037109375
32102,3715.09619140625
32103,3192.87548828125
32104,3487.72509765625
32105,6189.86083984375
32106,15557.4169921875
32107,3982.403076171875
32108,4699.46044921875
32109,5519.8828125
32110,4229.04296875
32111,3905.8623046875
32112,4234.19873046875
32113,3390.1728515625
32114,5982.49560546875
32115,5478.07470703125
32116,2919.140625
32117,7188.5830078125
32118,3769.425048828125
32119,4482.615234375
32120,8784.166015625
32121,6230.2021484375
32122,9456.6806640625
32123,4148.07421875
32124,5485.61572265625
32125,4153.9521484375
32126,4249.681640625
32127,10981.447265625
32128,8351.0986328125
32129,4643.802734375
32130,4674.9814453125
32131,3749.20166015625
32132,5163.8740234375
32133,4139.41455078125
32134,8598.123046875
32135,4522.1103515625
32136,4153.107421875
32137,6013.912109375
32138,3748.4296875
32139,5894.56494140625
32140,6098.7451171875
32141,5899.40234375
32142,5837.994140625
32143,3302.68896484375
32144,5376.09228515625
32145,4696.0380859375
32146,7521.5283203125
32147,6729.43359375
32148,6237.10546875
32149,3457.9970703125
32150,7133.69189453125
32151,4649.6552734375
32152,4163.66943359375
32153,5902.79345703125
32154,6251.42236328125
32155,5393.91259765625
32156,5753.83447265625
32157,5488.34130859375
32158,4329.333984375
32159,4388.75927734375
32160,5666.1240234375
32161,5499.48486328125
32162,3876.272705078125
32163,9072.9521484375
32164,4861.00927734375
32165,3913.297607421875
32166,9610.7470703125
32167,4701.22802734375
32168,3406.669921875
32169,6757.45166015625
32170,7760.373046875
32171,10081.9814453125
32172,4157.41796875
32173,4805.8330078125
32174,5256.19580078125
32175,6181.14013671875
32176,5442.59130859375
32177,5954.83935546875
32178,3055.391845703125
32179,5223.87158203125
32180,5413.63427734375
32181,4344.23046875
32182,3844.325439453125
32183,5719.81298828125
32184,5683.41845703125
32185,6312.50732421875
32186,6817.59228515625
32187,5314.5498046875
32188,6960.19384765625
32189,3937.1357421875
32190,6025.29296875
32191,5792.169921875
32192,7230.3955078125
32193,5971.794921875
32194,2860.177978515625
32195,7804.4970703125
32196,6116.01416015625
32197,5580.21630859375
32198,4278.900390625
32199,4304.97021484375
32200,6287.5029296875
32201,4672.66455078125
32202,7295.111328125
32203,4933.49462890625
32204,4856.6533203125
32205,6629.86962890625
32206,4863.8916015625
32207,3941.877685546875
32208,6160.806640625
32209,4653.28466796875
32210,8714.2998046875
32211,8192.8759765625
32212,6458.1767578125
32213,4299.42236328125
32214,4157.65966796875
32215,3643.1611328125
32216,2612.22802734375
32217,6412.3544921875
32218,3802.144287109375
32219,8514.3046875
32220,3802.32568359375
32221,4712.67333984375
32222,5328.5078125
32223,7995.32666015625
32224,4761.92333984375
32225,4158.9228515625
32226,4076.12353515625
32227,6153.85693359375
32228,4813.36865234375
32229,5775.81103515625
32230,6631.49658203125
32231,7431.12451171875
32232,7031.66650390625
32233,6503.30908203125
32234,5117.48876953125
32235,4990.25927734375
32236,4294.04541015625
32237,8123.45361328125
32238,6693.064453125
32239,10073.5322265625
32240,13235.322265625
32241,4713.697265625
32242,3591.501708984375
32243,4949.5234375
32244,7691.8701171875
32245,8096.646484375
32246,5715.4892578125
32247,6938.2216796875
32248,6571.3330078125
32249,5646.53369140625
32250,5683.16552734375
32251,4601.13818359375
32252,4728.97021484375
32253,3933.436767578125
32254,3099.1513671875
32255,3860.460205078125
32256,6224.263671875
32257,14511.3916015625
32258,6139.17626953125
32259,5556.7216796875
32260,5944.8349609375
32261,3326.4658203125
32262,4959.09521484375
32263,3841.8291015625
32264,8070.12255859375
32265,5811.5654296875
32266,5578.1982421875
32267,10688.6943359375
32268,10104.447265625
32269,5805.0712890625
32270,5777.72998046875
32271,3451.8544921875
32272,4871.56884765625
32273,5680.845703125
32274,7144.7861328125
32275,3969.868896484375
32276,4663.712890625
32277,4490.2724609375
32278,5086.6396484375
32279,5548.95068359375
32280,5812.9208984375
32281,4312.2880859375
32282,7088.01025390625
32283,7400.4521484375
32284,4921.96435546875
32285,3590.460693359375
32286,2778.8515625
32287,6656.95947265625
32288,3196.010009765625
32289,8263.75390625
32290,3606.409423828125
32291,4517.60546875
32292,5010.1171875
32293,5417.31982421875
32294,4045.955810546875
32295,4986.81884765625
32296,4975.24951171875
32297,7181.59765625
32298,7447.1611328125
32299,4720.36181640625
32300,5504.111328125
32301,4918.6396484375
32302,4923.80126953125
32303,4260.35009765625
32304,4872.3486328125
32305,5066.27587890625
32306,10384.6064453125
32307,5937.9736328125
32308,5093.5927734375
32309,6540.11474609375
32310,4786.91455078125
32311,7892.19091796875
32312,4974.59521484375
32313,10197.16796875
32314,5560.73681640625
32315,4247.67578125
32316,3563.949951171875
32317,3624.020263671875
32318,6003.865234375
32319,16372.4189453125
32320,2817.01611328125
32321,4542.326171875
32322,8213.271484375
32323,5796.2451171875
32324,6119.984375
32325,7508.75390625
32326,5300.4140625
32327,5026.26513671875
32328,3878.46435546875
32329,9007.7685546875
32330,4939.9775390625
32331,5826.35498046875
32332,6517.38720703125
32333,4193.337890625
32334,7179.5859375
32335,5891.4140625
32336,3319.181396484375
32337,7342.62109375
32338,8898.5830078125
32339,3764.2431640625
32340,6060.392578125
32341,5488.76708984375
32342,4825.4365234375
32343,7445.4970703125
32344,5667.84814453125
32345,4763.47412109375
32346,4175.224609375
32347,4187.76416015625
32348,6812.75390625
32349,3366.604736328125
32350,7393.8115234375
32351,3814.0439453125
32352,4974.5849609375
32353,4104.95751953125
32354,5975.6455078125
32355,4809.40283203125
32356,6066.3935546875
32357,6611.341796875
32358,6127.4541015625
32359,4751.64453125
32360,6311.73291015625
32361,5057.57373046875
32362,6294.39697265625
32363,8842.8291015625
32364,7659.86083984375
32365,2735.166015625
32366,6175.47509765625
32367,7069.1904296875
32368,3715.132568359375
32369,9621.4365234375
32370,4271.3271484375
32371,6628.43994140625
32372,9496.6484375
32373,6252.189453125
32374,3003.07275390625
32375,12596.1669921875
32376,8766.72265625
32377,5164.31640625
32378,7042.05029296875
32379,9790.189453125
32380,4969.810546875
32381,6169.1005859375
32382,5322.716796875
32383,4143.59130859375
32384,4082.105712890625
32385,5902.1923828125
32386,3962.912353515625
32387,6453.75146484375
32388,4943.42236328125
32389,6044.33837890625
32390,6168.95458984375
32391,5555.32275390625
32392,5808.56396484375
32393,5397.56298828125
32394,6156.4228515625
32395,5830.28466796875
32396,5321.41162109375
32397,6249.7666015625
32398,5505.494140625
32399,7499.794921875
32400,4512.568359375
32401,4406.8046875
32402,5175.37841796875
32403,6078.02685546875
32404,6504.234375
32405,3915.270263671875
32406,3893.468994140625
32407,5436.9296875
32408,6793.63330078125
32409,5193.11669921875
32410,6303.041015625
32411,5424.30712890625
32412,4783.68603515625
32413,3928.040283203125
32414,2211.415771484375
32415,6227.4365234375
32416,5865.41455078125
32417,5300.24658203125
32418,7028.00048828125
32419,7574.98046875
32420,4055.613037109375
32421,6238.54931640625
32422,3694.54296875
32423,2643.27783203125
32424,5774.2880859375
32425,9317.3291015625
32426,6240.77099609375
32427,5538.3798828125
32428,3404.928955078125
32429,4878.80126953125
32430,6162.37060546875
32431,4724.892578125
32432,6888.0517578125
32433,3783.138916015625
32434,4353.009765625
32435,4759.6484375
32436,4055.5126953125
32437,4315.97607421875
32438,3945.81591796875
32439,3865.96826171875
32440,3551.74951171875
32441,6117.29443359375
32442,5666.923828125
32443,3895.297607421875
32444,5579.35205078125
32445,5439.74755859375
32446,4371.302734375
32447,5481.81982421875
32448,6963.79736328125
32449,5765.962890625
32450,4553.111328125
32451,3646.066650390625
32452,10200.98046875
32453,4712.77490234375
32454,4245.56201171875
32455,6789.55322265625
32456,6733.14990234375
32457,5962.5
32458,4997.9306640625
32459,5945.51806640625
32460,7527.734375
32461,10923.677734375
32462,3846.07958984375
32463,4572.26904296875
32464,3796.729248046875
32465,5484.92236328125
32466,4898.8896484375
32467,7631.39892578125
32468,6367.30615234375
32469,4360.03857421875
32470,3530.046875
32471,4953.017578125
32472,10388.083984375
32473,3685.3896484375
32474,6460.46826171875
32475,3479.835205078125
32476,5402.06982421875
32477,7516.0595703125
32478,6059.962890625
32479,6805.6767578125
32480,5693.357421875
32481,3637.85595703125
32482,5087.01611328125
32483,6445.67626953125
32484,6397.9072265625
32485,5883.92431640625
32486,6410.5302734375
32487,5132.48486328125
32488,3693.918212890625
32489,8730.3388671875
32490,3385.046142578125
32491,7971.83203125
32492,5474.4248046875
32493,4009.736328125
32494,6119.13720703125
32495,5207.81201171875
32496,7005.68310546875
32497,8508.0048828125
32498,3865.868896484375
32499,3934.677734375
32500,6107.81005859375
32501,7931.68798828125
32502,8864.7978515625
32503,5045.2431640625
32504,5314.51318359375
32505,5260.4755859375
32506,5850.84326171875
32507,4330.1787109375
32508,7680.30078125
32509,7446.75439453125
32510,10047.17578125
32511,3615.03759765625
32512,5341.94384765625
32513,9082.2412109375
32514,9695.1943359375
32515,4006.06298828125
32516,7195.96337890625
32517,5273.67919921875
32518,5616.77099609375
32519,4331.1806640625
32520,4385.64208984375
32521,5017.49560546875
32522,4999.08740234375
32523,3154.811767578125
32524,4172.33154296875
32525,6798.68359375
32526,5225.89892578125
32527,20993.783203125
32528,5432.39990234375
32529,4209.8544921875
32530,6322.87353515625
32531,10486.6123046875
32532,5561.79443359375
32533,6352.9677734375
32534,5714.59814453125
32535,7864.287109375
32536,6488.3076171875
32537,3915.702392578125
32538,4907.50537109375
32539,6231.91943359375
32540,7341.78369140625
32541,6258.947265625
32542,8472.7578125
32543,5182.80419921875
32544,4042.859375
32545,7810.8271484375
32546,9180.3017578125
32547,10582.091796875
32548,6830.3349609375
32549,7026.6728515625
32550,4721.4970703125
32551,5934.91845703125
32552,3529.384033203125
32553,8169.24609375
32554,9754.1123046875
32555,9171.935546875
32556,4855.16015625
32557,4624.17431640625
32558,4213.8056640625
32559,5817.68359375
32560,9259.55859375
32561,6182.6884765625
32562,4418.96044921875
32563,4223.1025390625
32564,6890.73046875
32565,2604.20458984375
32566,6392.7412109375
32567,4414.38818359375
32568,7479.529296875
32569,5907.32958984375
32570,5127.005859375
32571,7212.923828125
32572,5827.7626953125
32573,6253.51806640625
32574,6538.1650390625
32575,6988.24609375
32576,9920.619140625
32577,5856.2333984375
32578,7010.93408203125
32579,8568.919921875
32580,8646.2744140625
32581,6588.86865234375
32582,7610.705078125
32583,3646.75927734375
32584,4446.7001953125
32585,5769.84521484375
32586,6326.97998046875
32587,8398.5439453125
32588,6455.14208984375
32589,5048.9228515625
32590,7197.6845703125
32591,6187.1953125
32592,8002.22216796875
32593,3508.906494140625
32594,11864.8759765625
32595,4029.14892578125
32596,6247.89013671875
32597,7906.48193359375
32598,4287.54296875
32599,4914.1083984375
32600,5546.255859375
32601,6914.4560546875
32602,5311.78466796875
32603,5001.12646484375
32604,8159.22900390625
32605,7322.57958984375
32606,5142.23974609375
32607,4220.41845703125
32608,7240.95166015625
32609,11535.0576171875
32610,6213.50732421875
32611,6078.3798828125
32612,6471.25830078125
32613,7085.70654296875
32614,6088.263671875
32615,7900.77587890625
32616,3703.737060546875
32617,6917.3525390625
32618,6466.6650390625
32619,5959.15966796875
32620,11113.3359375
32621,4005.92919921875
32622,5908.89599609375
32623,4832.08984375
32624,8082.70849609375
32625,7843.05126953125
32626,4878.5126953125
32627,4619.49755859375
32628,6547.05908203125
32629,5514.765625
32630,5422.1787109375
32631,6348.5068359375
32632,6220.431640625
32633,6725.0498046875
32634,5168.0263671875
32635,4538.69970703125
32636,6055.18505859375
32637,7979.45166015625
32638,7382.16796875
32639,7306.8837890625
32640,7437.4580078125
32641,5372.39892578125
32642,9012.275390625
32643,4701.27734375
32644,5380.5927734375
32645,8987.560546875
32646,6081.85546875
32647,9123.9130859375
32648,8101.7861328125
32649,6633.7109375
32650,4914.91943359375
32651,6740.58154296875
32652,7140.7421875
32653,5161.96875
32654,3698.67138671875
32655,5901.0888671875
32656,7416.8798828125
32657,5957.15234375
32658,3392.573974609375
32659,7330.826171875
32660,5431.71435546875
32661,6350.4365234375
32662,5201.9345703125
32663,4830.89111328125
32664,6601.27197265625
32665,6896.11181640625
32666,6584.80078125
32667,4738.10302734375
32668,5627.2890625
32669,5814.98681640625
32670,3514.875
32671,6049.18212890625
32672,5326.1826171875
32673,8246.0654296875
32674,6806.99560546875
32675,5557.853515625
32676,10858.298828125
32677,5217.44384765625
32678,4850.818359375
32679,9342.056640625
32680,5821.234375
32681,8267.4306640625
32682,7186.13330078125
32683,4754.0625
32684,6252.712890625
32685,5632.16064453125
32686,7687.19580078125
32687,11065.3681640625
32688,7374.80029296875
32689,3370.63525390625
32690,3915.2353515625
32691,7012.5048828125
32692,6086.3916015625
32693,5073.6826171875
32694,5936.6875
32695,5029.0732421875
32696,4876.27685546875
32697,3324.6591796875
32698,4765.5576171875
32699,5749.71044921875
32700,6724.1259765625
32701,6194.9482421875
32702,6164.39453125
32703,7914.68798828125
32704,7534.37548828125
32705,6726.75927734375
32706,4372.50927734375
32707,9383.4658203125
32708,8546.578125
32709,4584.79296875
32710,7197.30078125
32711,4638.48828125
32712,6233.92578125
32713,4390.796875
32714,5816.8251953125
32715,4356.87255859375
32716,9217.462890625
32717,7466.14990234375
32718,6882.20751953125
32719,8436.189453125
32720,5032.0244140625
32721,8209.533203125
32722,17403.341796875
32723,8981.70703125
32724,5450.98193359375
32725,2723.30322265625
32726,6209.47021484375
32727,7588.91650390625
32728,5599.51611328125
32729,11815.9150390625
32730,19799.55859375
32731,4435.8486328125
32732,4841.931640625
32733,9282.748046875
32734,4055.4814453125
32735,6411.51611328125
32736,5450.51513671875
32737,7003.48681640625
32738,5737.5244140625
32739,5345.37646484375
32740,5612.6884765625
32741,7315.59716796875
32742,8332.759765625
32743,6194.00830078125
32744,5617.20166015625
32745,6311.93798828125
32746,4713.71240234375
32747,4996.2255859375
32748,7244.73974609375
32749,5487.998046875
32750,6110.97509765625
32751,6493.376953125
32752,5568.0234375
32753,5049.306640625
32754,6884.6142578125
32755,6762.58642578125
32756,9206.7705078125
32757,11531.94921875
32758,7413.28662109375
32759,5701.4541015625
32760,3624.9443359375
32761,5870.455078125
32762,6486.4482421875
32763,5104.78564453125
32764,4316.6318359375
32765,6848.6083984375
32766,6051.8134765625
32767,8986.126953125
32768,7139.0712890625
32769,5236.24853515625
32770,4224.287109375
32771,5374.859375
32772,8665.2177734375
32773,5141.2431640625
32774,7180.13330078125
32775,14395.35546875
32776,6644.29931640625
32777,5849.31103515625
32778,4851.71435546875
32779,4485.0498046875
32780,5800.50341796875
32781,3627.3642578125
32782,5360.14306640625
32783,10187.7880859375
32784,5388.1591796875
32785,12261.48828125
32786,11849.267578125
32787,5530.31494140625
32788,8769.509765625
32789,6230.61962890625
32790,6568.49853515625
32791,5554.43701171875
32792,10619.802734375
32793,6198.96044921875
32794,8844.814453125
32795,5141.3251953125
32796,7440.83544921875
32797,6489.8896484375
32798,8081.34375
32799,6339.11474609375
32800,5471.18798828125
32801,6107.34033203125
32802,5927.5029296875
32803,7423.7958984375
32804,9838.48046875
32805,6961.3837890625
32806,8701.66015625
32807,6152.42919921875
32808,10002.5556640625
32809,5174.71728515625
32810,5158.32861328125
32811,4309.50830078125
32812,8416.826171875
32813,5851.02197265625
32814,6803.021484375
32815,5884.23828125
32816,7682.21044921875
32817,5702.23583984375
32818,6924.80029296875
32819,6594.8056640625
32820,4412.6337890625
32821,11314.1328125
32822,16059.375
32823,7253.7646484375
32824,6207.48779296875
32825,8994.9990234375
32826,8911.60546875
32827,10369.0625
32828,5355.73046875
32829,6766.3818359375
32830,5937.9482421875
32831,7788.755859375
32832,3974.649169921875
32833,5581.85546875
32834,5063.6328125
32835,5322.4912109375
32836,6710.7548828125
32837,5091.14794921875
32838,3615.18603515625
32839,6866.513671875
32840,4334.578125
32841,4333.1474609375
32842,5469.60693359375
32843,5079.20556640625
32844,8474.591796875
32845,8531.7021484375
32846,8625.2685546875
32847,6561.546875
32848,6536.32421875
32849,9430.1240234375
32850,6466.7041015625
32851,3950.539306640625
32852,5016.70166015625
32853,11552.111328125
32854,4596.9091796875
32855,6343.89990234375
32856,3309.70751953125
32857,4901.0419921875
32858,5985.1513671875
32859,6590.08251953125
32860,5400.6103515625
32861,8629.5263671875
32862,9202.978515625
32863,11637.123046875
32864,6067.6328125
32865,8747.9716796875
32866,3370.9375
32867,5253.564453125
32868,5959.6171875
32869,3838.41650390625
32870,7466.3603515625
32871,3586.79541015625
32872,5898.39013671875
32873,7845.1787109375
32874,11541.0439453125
32875,7256.24462890625
32876,5756.708984375
32877,4977.052734375
32878,14228.4560546875
32879,9175.806640625
32880,5680.9111328125
32881,4924.20703125
32882,7001.79736328125
32883,9490.4423828125
32884,5335.8310546875
32885,5926.8984375
32886,7197.5458984375
32887,6972.6826171875
32888,13025.90234375
32889,7088.67333984375
32890,10756.83984375
32891,7187.3251953125
32892,4838.43115234375
32893,3792.1865234375
32894,5151.66162109375
32895,5994.23291015625
32896,5337.22607421875
32897,7134.41748046875
32898,4649.25537109375
32899,3907.532470703125
32900,6160.494140625
32901,5185.990234375
32902,6950.6494140625
32903,5973.796875
32904,7335.54638671875
32905,7305.87255859375
32906,4855.46142578125
32907,8432.3193359375
32908,6224.138671875
32909,5728.62109375
32910,5701.36474609375
32911,4760.00439453125
32912,9762.5537109375
32913,6604.09716796875
32914,4071.206298828125
32915,5094.9921875
32916,9205.783203125
32917,6314.83984375
32918,6357.646484375
32919,7946.0595703125
32920,6249.4990234375
32921,5268.8720703125
32922,5771.34130859375
32923,8241.13671875
32924,5335.2470703125
32925,6003.96484375
32926,5174.0537109375
32927,4722.77880859375
32928,5093.9619140625
32929,4483.51611328125
32930,7407.52001953125
32931,9120.6767578125
32932,10547.85546875
32933,12612.169921875
32934,8253.3583984375
32935,9162.798828125
32936,5059.28466796875
32937,10478.8173828125
32938,10956.876953125
32939,6359.87841796875
32940,7589.12451171875
32941,7395.92822265625
32942,6135.44921875
32943,5136.1572265625
32944,8872.4912109375
32945,6766.72802734375
32946,6840.880859375
32947,5703.07080078125
32948,2987.280517578125
32949,9319.107421875
32950,6892.91552734375
32951,5652.25439453125
32952,4500.03955078125
32953,4800.79541015625
32954,6502.31005859375
32955,6459.044921875
32956,6190.658203125
32957,5809.01171875
32958,4452.845703125
32959,3601.46484375
32960,4191.29443359375
32961,7343.5087890625
32962,16852.115234375
32963,3982.548095703125
32964,5547.12060546875
32965,5974.6806640625
32966,4555.3115234375
32967,4577.2783203125
32968,5254.34130859375
32969,4305.41845703125
32970,6519.31494140625
32971,6730.8095703125
32972,3134.891357421875
32973,8590.14453125
32974,3497.98779296875
32975,4981.40576171875
32976,11355.541015625
32977,7530.7353515625
32978,10282.7919921875
32979,4919.603515625
32980,6066.97216796875
32981,4580.623046875
32982,4779.779296875
32983,11855.0048828125
32984,10970.08984375
32985,5949.1533203125
32986,5051.39306640625
32987,4730.388671875
32988,5611.0556640625
32989,4560.88671875
32990,9212.2646484375
32991,5244.75341796875
32992,4235.35595703125
32993,6568.37890625
32994,4535.3896484375
32995,6050.5458984375
32996,5686.62158203125
32997,7108.287109375
32998,6394.3037109375
32999,4095.220458984375
33000,5447.150390625
33001,5524.70703125
33002,8589.0712890625
33003,7343.87451171875
33004,6944.35302734375
33005,3975.500732421875
33006,7996.931640625
33007,4974.89208984375
33008,4545.49072265625
33009,6134.10595703125
33010,7166.64306640625
33011,5756.95458984375
33012,6879.85009765625
33013,5859.94921875
33014,6281.46875
33015,5607.69775390625
33016,7007.8369140625
33017,6903.306640625
33018,4355.2490234375
33019,9286.125
33020,5264.8779296875
33021,4320.55517578125
33022,11275.0634765625
33023,5356.72265625
33024,3438.001953125
33025,6980.81298828125
33026,8352.5029296875
33027,9691.7099609375
33028,4791.64404296875
33029,5527.60205078125
33030,5144.31103515625
33031,7197.89306640625
33032,5578.59326171875
33033,7076.94384765625
33034,3696.04541015625
33035,5336.0546875
33036,5761.5078125
33037,4879.099609375
33038,4402.8466796875
33039,6212.8271484375
33040,6865.58544921875
33041,6485.794921875
33042,6944.80419921875
33043,6114.56005859375
33044,7947.3046875
33045,4847.2109375
33046,6662.29345703125
33047,6477.5322265625
33048,8343.2138671875
33049,6572.3876953125
33050,2945.31884765625
33051,8383.158203125
33052,7297.73876953125
33053,6701.26953125
33054,5385.013671875
33055,3824.711669921875
33056,7276.72509765625
33057,5121.75927734375
33058,8299.2685546875
33059,6468.45458984375
33060,5223.4404296875
33061,7097.6748046875
33062,6476.4638671875
33063,4722.5068359375
33064,7739.94677734375
33065,4787.330078125
33066,9628.841796875
33067,9524.8115234375
33068,6477.63818359375
33069,4575.56787109375
33070,4816.68505859375
33071,4320.1826171875
33072,3352.759521484375
33073,7139.990234375
33074,4691.55810546875
33075,8704.4326171875
33076,4585.75244140625
33077,5304.068359375
33078,6101.19970703125
33079,7899.65234375
33080,5400.94970703125
33081,4982.68115234375
33082,4399.59130859375
33083,6684.103515625
33084,5741.46728515625
33085,6740.18994140625
33086,8172.9638671875
33087,8790.78125
33088,7089.98828125
33089,7196.7802734375
33090,5793.17529296875
33091,5403.3720703125
33092,5256.7236328125
33093,9007.3662109375
33094,6700.556640625
33095,11768.6123046875
33096,14350.1796875
33097,4523.810546875
33098,5210.2548828125
33099,5988.3544921875
33100,8099.3974609375
33101,9075.85546875
33102,6664.2138671875
33103,7303.1220703125
33104,7430.67431640625
33105,5964.79150390625
33106,6115.7158203125
33107,5164.12353515625
33108,4967.73681640625
33109,4573.5986328125
33110,3796.519775390625
33111,4085.134765625
33112,7709.46923828125
33113,16591.8046875
33114,6705.396484375
33115,5985.15966796875
33116,6264.75634765625
33117,4009.12744140625
33118,5942.015625
33119,4024.1044921875
33120,12239.7890625
33121,6342.35302734375
33122,6376.39404296875
33123,12442.87109375
33124,11045.2880859375
33125,6017.94677734375
33126,6844.53125
33127,3889.76611328125
33128,5538.7275390625
33129,6846.05126953125
33130,8387.4921875
33131,3861.6025390625
33132,5000.80419921875
33133,4818.6669921875
33134,5257.1435546875
33135,5768.31982421875
33136,6989.98974609375
33137,4708.99658203125
33138,7523.2509765625
33139,8123.685546875
33140,5469.638671875
33141,4133.1201171875
33142,3569.464599609375
33143,7274.10302734375
33144,3853.030517578125
33145,9122.17578125
33146,4827.84033203125
33147,5969.9189453125
33148,5988.83447265625
33149,5911.0830078125
33150,5071.25146484375
33151,5205.09814453125
33152,5356.88525390625
33153,8582.2900390625
33154,8682.646484375
33155,5325.19677734375
33156,5785.580078125
33157,6151.986328125
33158,4964.62841796875
33159,4554.73583984375
33160,5728.6669921875
33161,5923.85791015625
33162,11181.71484375
33163,7520.2705078125
33164,5999.53955078125
33165,7260.09423828125
33166,5260.16748046875
33167,8685.07421875
33168,5338.60693359375
33169,10821.9765625
33170,5903.474609375
33171,5639.86962890625
33172,4521.7578125
33173,4597.9130859375
33174,6949.58154296875
33175,18300.515625
33176,3569.182861328125
33177,5287.82470703125
33178,10243.6904296875
33179,6456.00732421875
33180,6429.81689453125
33181,8754.7392578125
33182,5970.77880859375
33183,5520.744140625
33184,4047.109130859375
33185,9394.76953125
33186,5224.5361328125
33187,6588.8349609375
33188,7605.802734375
33189,5009.9033203125
33190,8230.388671875
33191,7009.66650390625
33192,3608.685302734375
33193,7962.390625
33194,9177.82421875
33195,4001.364501953125
33196,6852.97021484375
33197,6509.01318359375
33198,4949.06884765625
33199,8401.5390625
33200,6431.17529296875
33201,6705.8818359375
33202,4890.08544921875
33203,4903.28515625
33204,6999.16064453125
33205,3737.58251953125
33206,8158.7705078125
33207,4004.4169921875
33208,6209.23046875
33209,5139.12109375
33210,6591.05224609375
33211,5838.6328125
33212,6860.62548828125
33213,6558.783203125
33214,7583.80029296875
33215,5527.64794921875
33216,6718.73681640625
33217,5190.6181640625
33218,6484.84521484375
33219,9763.65234375
33220,8091.0576171875
33221,2973.678955078125
33222,6272.35302734375
33223,7691.83056640625
33224,4630.06640625
33225,11875.580078125
33226,5406.85986328125
33227,7208.34716796875
33228,9670.3310546875
33229,6434.34814453125
33230,2898.35302734375
33231,13298.6142578125
33232,9838.4580078125
33233,5602.89013671875
33234,6974.50146484375
33235,9539.916015625
33236,5938.52490234375
33237,5668.54833984375
33238,6131.84716796875
33239,4953.677734375
33240,4151.56005859375
33241,6678.95068359375
33242,3902.947998046875
33243,6205.18017578125
33244,6243.86181640625
33245,6548.14453125
33246,6193.09326171875
33247,6101.78173828125
33248,6068.15478515625
33249,6134.28564453125
33250,6081.6591796875
33251,6366.44775390625
33252,5451.6806640625
33253,7223.701171875
33254,5690.89013671875
33255,8485.3154296875
33256,5208.546875
33257,4849.50390625
33258,5879.5947265625
33259,6634.39892578125
33260,7532.59326171875
33261,4757.7060546875
33262,3505.82470703125
33263,6213.62548828125
33264,7000.71240234375
33265,5407.21875
33266,7363.73046875
33267,5906.87060546875
33268,5753.73876953125
33269,4984.96826171875
33270,2662.928466796875
33271,6305.021484375
33272,6011.958984375
33273,5638.57958984375
33274,6688.0908203125
33275,7312.060546875
33276,4807.18798828125
33277,7312.83935546875
33278,4077.985595703125
33279,2183.68798828125
33280,6573.80859375
33281,9256.2685546875
33282,7087.10791015625
33283,6213.2626953125
33284,3696.564697265625
33285,5719.07275390625
33286,7417.025390625
33287,5075.51025390625
33288,7579.25146484375
33289,4349.8525390625
33290,4591.0390625
33291,4567.72802734375
33292,5011.083984375
33293,5067.36962890625
33294,4155.13037109375
33295,4651.7421875
33296,3629.703125
33297,6642.63037109375
33298,5996.8134765625
33299,4881.70263671875
33300,5845.841796875
33301,6106.736328125
33302,4297.00146484375
33303,5299.18408203125
33304,8603.2373046875
33305,6980.125
33306,5320.302734375
33307,3785.771728515625
33308,9586.1162109375
33309,5786.28466796875
33310,4920.14697265625
33311,8169.5693359375
33312,7183.96923828125
33313,6597.9111328125
33314,6156.451171875
33315,7028.99755859375
33316,7771.41650390625
33317,11360.0966796875
33318,3921.201904296875
33319,5516.23779296875
33320,3924.223388671875
33321,5707.76513671875
33322,5553.13525390625
33323,7045.33154296875
33324,6697.07177734375
33325,4908.2646484375
33326,3524.1611328125
33327,5453.5576171875
33328,11679.8837890625
33329,3935.588623046875
33330,6813.86279296875
33331,3673.69921875
33332,6877.2900390625
33333,8183.9814453125
33334,6498.771484375
33335,7212.2685546875
33336,6346.1591796875
33337,4001.451904296875
33338,5220.23193359375
33339,6770.63427734375
33340,8394.9091796875
33341,6295.634765625
33342,7121.26904296875
33343,5443.40771484375
33344,4408.0068359375
33345,9424.4853515625
33346,3512.135986328125
33347,9152.4375
33348,6282.43212890625
33349,4277.0458984375
33350,6520.3046875
33351,5457.0849609375
33352,7241.443359375
33353,9121.1611328125
33354,4214.07666015625
33355,4350.748046875
33356,6848.31298828125
33357,8038.369140625
33358,9758.63671875
33359,5111.8046875
33360,5600.91650390625
33361,5743.84619140625
33362,5919.18212890625
33363,4420.80615234375
33364,8143.94140625
33365,8102.775390625
33366,10060.4384765625
33367,4001.302490234375
33368,5991.529296875
33369,9124.583984375
33370,10441.791015625
33371,4221.1474609375
33372,7711.01953125
33373,5829.72216796875
33374,5886.75244140625
33375,4700.19384765625
33376,4642.591796875
33377,5664.3359375
33378,4819.3427734375
33379,4515.408203125
33380,4363.35791015625
33381,7718.85791015625
33382,5912.8232421875
33383,23892.412109375
33384,5872.2373046875
33385,0.0
33386,0.0
33387,0.0
33388,0.0
33389,0.0
33390,0.0
33391,0.0
33392,0.0
33393,0.0
33394,0.0
33395,0.0
33396,0.0
33397,0.0
33398,0.0
33399,0.0
33400,0.0
33401,0.0
33402,0.0
33403,0.0
33404,0.0
33405,0.0
33406,0.0
33407,0.0
33408,0.0
33409,0.0
33410,0.0
33411,0.0
33412,0.0
33413,0.0
33414,0.0
33415,0.0
33416,0.0
33417,0.0
33418,0.0
33419,0.0
33420,0.0
33421,0.0
33422,0.0
33423,0.0
33424,0.0
33425,0.0
33426,0.0
33427,0.0
33428,0.0
33429,0.0
33430,0.0
33431,0.0
33432,0.0
33433,0.0
33434,0.0
33435,0.0
33436,0.0
33437,0.0
33438,0.0
33439,0.0
33440,0.0
33441,0.0
33442,0.0
33443,0.0
33444,0.0
33445,0.0
33446,0.0
33447,0.0
33448,0.0
33449,0.0
33450,0.0
33451,0.0
33452,0.0
33453,0.0
33454,0.0
33455,0.0
33456,0.0
33457,0.0
33458,0.0
33459,0.0
33460,0.0
33461,0.0
33462,0.0
33463,0.0
33464,0.0
33465,0.0
33466,0.0
33467,0.0
33468,0.0
33469,0.0
33470,0.0
33471,0.0
33472,0.0
33473,0.0
33474,0.0
33475,0.0
33476,4694.72314453125
33477,0.0
33478,0.0
33479,0.0
33480,0.0
33481,0.0
33482,0.0
33483,0.0
33484,0.0
33485,0.0
33486,0.0
33487,0.0
33488,0.0
33489,0.0
33490,0.0
33491,0.0
33492,0.0
33493,0.0
33494,0.0
33495,0.0
33496,0.0
33497,0.0
33498,0.0
33499,0.0
33500,0.0
33501,0.0
33502,0.0
33503,0.0
33504,0.0
33505,0.0
33506,0.0
33507,0.0
33508,0.0
33509,0.0
33510,0.0
33511,0.0
33512,0.0
33513,0.0
33514,0.0
33515,0.0
33516,0.0
33517,0.0
33518,0.0
33519,0.0
33520,0.0
33521,0.0
33522,0.0
33523,0.0
33524,0.0
33525,0.0
33526,0.0
33527,0.0
33528,0.0
33529,0.0
33530,0.0
33531,0.0
33532,0.0
33533,0.0
33534,0.0
33535,0.0
33536,0.0
33537,0.0
33538,0.0
33539,0.0
33540,0.0
33541,0.0
33542,0.0
33543,0.0
33544,3163.900390625
33545,0.0
33546,0.0
33547,0.0
33548,0.0
33549,0.0
33550,0.0
33551,0.0
33552,0.0
33553,0.0
33554,0.0
33555,0.0
33556,0.0
33557,0.0
33558,0.0
33559,0.0
33560,0.0
33561,0.0
33562,0.0
33563,0.0
33564,0.0
33565,0.0
33566,0.0
33567,0.0
33568,0.0
33569,0.0
33570,0.0
33571,0.0
33572,0.0
33573,0.0
33574,0.0
33575,0.0
33576,0.0
33577,0.0
33578,0.0
33579,0.0
33580,0.0
33581,0.0
33582,0.0
33583,0.0
33584,0.0
33585,15784.2734375
33586,30707.3671875
33587,0.0
33588,0.0
33589,0.0
33590,0.0
33591,0.0
33592,0.0
33593,0.0
33594,7324.37158203125
33595,0.0
33596,0.0
33597,0.0
33598,0.0
33599,0.0
33600,0.0
33601,0.0
33602,0.0
33603,0.0
33604,0.0
33605,0.0
33606,0.0
33607,0.0
33608,0.0
33609,0.0
33610,0.0
33611,0.0
33612,0.0
33613,6105.6884765625
33614,0.0
33615,0.0
33616,0.0
33617,0.0
33618,0.0
33619,0.0
33620,0.0
33621,0.0
33622,0.0
33623,3722.572998046875
33624,0.0
33625,0.0
33626,0.0
33627,0.0
33628,0.0
33629,0.0
33630,0.0
33631,0.0
33632,0.0
33633,0.0
33634,0.0
33635,0.0
33636,0.0
33637,0.0
33638,0.0
33639,0.0
33640,0.0
33641,8505.9912109375
33642,0.0
33643,0.0
33644,0.0
33645,0.0
33646,0.0
33647,0.0
33648,0.0
33649,0.0
33650,0.0
33651,0.0
33652,0.0
33653,0.0
33654,0.0
33655,0.0
33656,0.0
33657,0.0
33658,8003.66748046875
33659,0.0
33660,0.0
33661,0.0
33662,0.0
33663,0.0
33664,0.0
33665,0.0
33666,0.0
33667,0.0
33668,0.0
33669,0.0
33670,0.0
33671,0.0
33672,0.0
33673,0.0
33674,0.0
33675,0.0
33676,0.0
33677,0.0
33678,0.0
33679,0.0
33680,0.0
33681,0.0
33682,0.0
33683,0.0
33684,0.0
33685,0.0
33686,0.0
33687,0.0
33688,0.0
33689,0.0
33690,0.0
33691,0.0
33692,0.0
33693,0.0
33694,0.0
33695,0.0
33696,0.0
33697,0.0
33698,0.0
33699,0.0
33700,0.0
33701,0.0
33702,0.0
33703,0.0
33704,0.0
33705,0.0
33706,0.0
33707,0.0
33708,0.0
33709,0.0
33710,0.0
33711,0.0
33712,0.0
33713,0.0
33714,0.0
33715,0.0
33716,0.0
33717,0.0
33718,0.0
33719,0.0
33720,1701.6326904296875
33721,0.0
33722,0.0
33723,0.0
33724,0.0
33725,0.0
33726,0.0
33727,0.0
33728,0.0
33729,0.0
33730,0.0
33731,0.0
33732,0.0
33733,0.0
33734,6530.73681640625
33735,0.0
33736,0.0
33737,0.0
33738,0.0
33739,0.0
33740,0.0
33741,0.0
33742,0.0
33743,0.0
33744,0.0
33745,0.0
33746,0.0
33747,0.0
33748,0.0
33749,0.0
33750,0.0
33751,0.0
33752,0.0
33753,0.0
33754,0.0
33755,0.0
33756,0.0
33757,0.0
33758,0.0
33759,0.0
33760,0.0
33761,0.0
33762,0.0
33763,0.0
33764,0.0
33765,0.0
33766,0.0
33767,0.0
33768,0.0
33769,0.0
33770,0.0
33771,0.0
33772,0.0
33773,0.0
33774,0.0
33775,0.0
33776,0.0
33777,7981.0693359375
33778,0.0
33779,0.0
33780,0.0
33781,0.0
33782,0.0
33783,0.0
33784,0.0
33785,0.0
33786,0.0
33787,2376.353271484375
33788,0.0
33789,0.0
33790,0.0
33791,6556.76904296875
33792,0.0
33793,0.0
33794,0.0
33795,0.0
33796,0.0
33797,0.0
33798,0.0
33799,0.0
33800,0.0
33801,0.0
33802,0.0
33803,0.0
33804,0.0
33805,0.0
33806,0.0
33807,0.0
33808,0.0
33809,0.0
33810,0.0
33811,0.0
33812,0.0
33813,0.0
33814,0.0
33815,0.0
33816,0.0
33817,0.0
33818,19696.068359375
33819,0.0
33820,0.0
33821,0.0
33822,0.0
33823,0.0
33824,0.0
33825,0.0
33826,0.0
33827,0.0
33828,0.0
33829,0.0
33830,0.0
33831,0.0
33832,5304.3583984375
33833,0.0
33834,0.0
33835,0.0
33836,0.0
33837,0.0
33838,0.0
33839,0.0
33840,0.0
33841,0.0
33842,0.0
33843,0.0
33844,0.0
33845,0.0
33846,0.0
33847,0.0
33848,0.0
33849,0.0
33850,0.0
33851,0.0
33852,0.0
33853,0.0
33854,0.0
33855,0.0
33856,0.0
33857,0.0
33858,0.0
33859,0.0
33860,0.0
33861,0.0
33862,0.0
33863,0.0
33864,0.0
33865,0.0
33866,0.0
33867,0.0
33868,0.0
33869,0.0
33870,0.0
33871,0.0
33872,0.0
33873,0.0
33874,0.0
33875,0.0
33876,0.0
33877,0.0
33878,0.0
33879,0.0
33880,0.0
33881,0.0
33882,0.0
33883,0.0
33884,0.0
33885,0.0
33886,0.0
33887,0.0
33888,0.0
33889,0.0
33890,0.0
33891,0.0
33892,0.0
33893,0.0
33894,0.0
33895,0.0
33896,0.0
33897,0.0
33898,0.0
33899,0.0
33900,0.0
33901,0.0
33902,0.0
33903,0.0
33904,0.0
33905,0.0
33906,0.0
33907,12285.1328125
33908,0.0
33909,0.0
33910,0.0
33911,0.0
33912,0.0
33913,0.0
33914,0.0
33915,0.0
33916,0.0
33917,0.0
33918,0.0
33919,0.0
33920,0.0
33921,0.0
33922,0.0
33923,0.0
33924,0.0
33925,0.0
33926,0.0
33927,0.0
33928,0.0
33929,0.0
33930,0.0
33931,0.0
33932,0.0
33933,0.0
33934,0.0
33935,0.0
33936,0.0
33937,0.0
33938,0.0
33939,0.0
33940,0.0
33941,0.0
33942,0.0
33943,0.0
33944,0.0
33945,0.0
33946,0.0
33947,0.0
33948,0.0
33949,0.0
33950,0.0
33951,5399.0849609375
33952,15763.2099609375
33953,0.0
33954,0.0
33955,0.0
33956,0.0
33957,0.0
33958,0.0
33959,0.0
33960,0.0
33961,0.0
33962,0.0
33963,0.0
33964,0.0
33965,0.0
33966,0.0
33967,0.0
33968,0.0
33969,0.0
33970,0.0
33971,0.0
33972,0.0
33973,0.0
33974,0.0
33975,0.0
33976,0.0
33977,0.0
33978,0.0
33979,0.0
33980,11606.701171875
33981,0.0
33982,0.0
33983,0.0
33984,0.0
33985,0.0
33986,0.0
33987,0.0
33988,0.0
33989,0.0
33990,0.0
33991,0.0
33992,0.0
33993,0.0
33994,0.0
33995,0.0
33996,0.0
33997,0.0
33998,0.0
33999,0.0
34000,0.0
34001,0.0
34002,0.0
34003,0.0
34004,0.0
34005,0.0
34006,0.0
34007,0.0
34008,0.0
34009,0.0
34010,0.0
34011,0.0
34012,0.0
34013,0.0
34014,0.0
34015,0.0
34016,0.0
34017,0.0
34018,0.0
34019,0.0
34020,0.0
34021,0.0
34022,0.0
34023,0.0
34024,0.0
34025,0.0
34026,0.0
34027,0.0
34028,0.0
34029,0.0
34030,0.0
34031,0.0
34032,0.0
34033,0.0
34034,0.0
34035,0.0
34036,0.0
34037,0.0
34038,0.0
34039,0.0
34040,0.0
34041,0.0
34042,0.0
34043,0.0
34044,0.0
34045,0.0
34046,0.0
34047,0.0
34048,0.0
34049,0.0
34050,3165.804443359375
34051,0.0
34052,0.0
34053,0.0
34054,2829.78857421875
34055,0.0
34056,0.0
34057,0.0
34058,0.0
34059,0.0
34060,0.0
34061,0.0
34062,0.0
34063,0.0
34064,0.0
34065,0.0
34066,0.0
34067,0.0
34068,0.0
34069,0.0
34070,0.0
34071,0.0
34072,0.0
34073,0.0
34074,0.0
34075,0.0
34076,0.0
34077,0.0
34078,0.0
34079,0.0
34080,0.0
34081,0.0
34082,0.0
34083,0.0
34084,0.0
34085,0.0
34086,0.0
34087,0.0
34088,0.0
34089,0.0
34090,0.0
34091,0.0
34092,0.0
34093,0.0
34094,0.0
34095,0.0
34096,0.0
34097,0.0
34098,0.0
34099,0.0
34100,0.0
34101,0.0
34102,0.0
34103,0.0
34104,0.0
34105,4423.17822265625
34106,0.0
34107,0.0
34108,0.0
34109,0.0
34110,0.0
34111,0.0
34112,0.0
34113,0.0
34114,0.0
34115,0.0
34116,0.0
34117,0.0
34118,0.0
34119,0.0
34120,11055.029296875
34121,0.0
34122,0.0
34123,0.0
34124,0.0
34125,0.0
34126,0.0
34127,0.0
34128,0.0
34129,0.0
34130,0.0
34131,0.0
34132,0.0
34133,0.0
34134,0.0
34135,0.0
34136,0.0
34137,0.0
34138,0.0
34139,0.0
34140,0.0
34141,0.0
34142,0.0
34143,0.0
34144,0.0
34145,0.0
34146,0.0
34147,0.0
34148,0.0
34149,0.0
34150,0.0
34151,0.0
34152,0.0
34153,0.0
34154,0.0
34155,0.0
34156,0.0
34157,0.0
34158,0.0
34159,0.0
34160,0.0
34161,0.0
34162,0.0
34163,0.0
34164,0.0
34165,0.0
34166,0.0
34167,0.0
34168,0.0
34169,0.0
34170,0.0
34171,0.0
34172,0.0
34173,0.0
34174,0.0
34175,0.0
34176,0.0
34177,0.0
34178,0.0
34179,0.0
34180,0.0
34181,0.0
34182,0.0
34183,0.0
34184,4880.923828125
34185,0.0
34186,0.0
34187,0.0
34188,0.0
34189,0.0
34190,0.0
34191,0.0
34192,0.0
34193,0.0
34194,0.0
34195,0.0
34196,0.0
34197,0.0
34198,0.0
34199,0.0
34200,0.0
34201,0.0
34202,0.0
34203,0.0
34204,0.0
34205,0.0
34206,0.0
34207,0.0
34208,0.0
34209,0.0
34210,0.0
34211,0.0
34212,0.0
34213,0.0
34214,0.0
34215,0.0
34216,0.0
34217,0.0
34218,0.0
34219,0.0
34220,0.0
34221,0.0
34222,0.0
34223,0.0
34224,0.0
34225,13041.189453125
34226,6697.5244140625
34227,0.0
34228,0.0
34229,0.0
34230,0.0
34231,0.0
34232,0.0
34233,0.0
34234,0.0
34235,0.0
34236,0.0
34237,0.0
34238,0.0
34239,0.0
34240,0.0
34241,3562.08642578125
34242,3920.05322265625
34243,7418.90234375
34244,3383.3251953125
34245,5542.21728515625
34246,4804.7294921875
34247,5704.40087890625
34248,5780.74609375
34249,0.0
34250,3632.788818359375
34251,5709.447265625
34252,5135.826171875
34253,4373.87158203125
34254,6090.9345703125
34255,5887.4248046875
34256,3406.980712890625
34257,4962.61279296875
34258,7003.17822265625
34259,8095.64111328125
34260,5684.2900390625
34261,7020.52490234375
34262,3185.422119140625
34263,6338.53857421875
34264,0.0
34265,8300.4501953125
34266,7769.927734375
34267,8625.611328125
34268,6266.6318359375
34269,3016.953857421875
34270,4950.22119140625
34271,5790.365234375
34272,7963.64990234375
34273,3734.72021484375
34274,5675.216796875
34275,4744.712890625
34276,5624.81982421875
34277,2181.616455078125
34278,7885.22265625
34279,4967.65283203125
34280,8163.94580078125
34281,5970.39892578125
34282,4494.06396484375
34283,7775.53759765625
34284,5875.63427734375
34285,6122.4970703125
34286,3735.739501953125
34287,7419.7353515625
34288,10933.802734375
34289,6177.45458984375
34290,5409.6357421875
34291,7979.7080078125
34292,7660.98095703125
34293,6066.10400390625
34294,5093.0498046875
34295,1724.5369873046875
34296,2478.0029296875
34297,4502.2587890625
34298,7051.453125
34299,8512.080078125
34300,7311.78515625
34301,4060.03662109375
34302,8614.7080078125
34303,6298.267578125
34304,5861.21630859375
34305,2835.892333984375
34306,9695.427734375
34307,2720.40966796875
34308,4588.505859375
34309,7304.68701171875
34310,3317.33154296875
34311,5149.17431640625
34312,3286.5107421875
34313,6199.3701171875
34314,4900.0537109375
34315,4964.1533203125
34316,8975.884765625
34317,7314.55224609375
34318,4824.81787109375
34319,3404.095947265625
34320,7229.6962890625
34321,12258.2314453125
34322,5507.4541015625
34323,4228.00830078125
34324,6607.1689453125
34325,5361.43603515625
34326,6447.67138671875
34327,10152.3232421875
34328,2424.980224609375
34329,7638.802734375
34330,5439.435546875
34331,5430.3984375
34332,9377.353515625
34333,2167.427001953125
34334,4509.56982421875
34335,5237.6142578125
34336,8131.4052734375
34337,6877.4638671875
34338,3788.935302734375
34339,4683.783203125
34340,7283.92333984375
34341,6758.9892578125
34342,4804.22998046875
34343,3929.142333984375
34344,4280.0419921875
34345,6100.7373046875
34346,4396.70361328125
34347,3037.83251953125
34348,5272.783203125
34349,6354.73291015625
34350,0.0
34351,7444.41552734375
34352,8064.181640625
34353,3950.6396484375
34354,6601.75830078125
34355,3018.401611328125
34356,3832.792724609375
34357,7896.31591796875
34358,6329.29541015625
34359,6902.04931640625
34360,10317.810546875
34361,7289.677734375
34362,5052.443359375
34363,5542.75244140625
34364,6820.5791015625
34365,3959.973388671875
34366,2911.8369140625
34367,5947.3828125
34368,4842.60693359375
34369,5709.6533203125
34370,2562.802490234375
34371,5201.0546875
34372,7148.091796875
34373,6477.16845703125
34374,6041.1572265625
34375,2605.92529296875
34376,5709.33642578125
34377,7175.576171875
34378,4110.923828125
34379,5373.4365234375
34380,3327.312255859375
34381,5356.01123046875
34382,3467.526123046875
34383,4596.77490234375
34384,5125.93017578125
34385,7470.38671875
34386,6109.96435546875
34387,6887.22607421875
34388,13074.25
34389,4210.58154296875
34390,5052.66357421875
34391,9318.4892578125
34392,5433.1962890625
34393,8229.22265625
34394,5449.55126953125
34395,5714.6220703125
34396,6924.77587890625
34397,4538.31982421875
34398,4519.52392578125
34399,8370.380859375
34400,5108.87109375
34401,5268.8330078125
34402,3654.71630859375
34403,7190.8994140625
34404,8206.5693359375
34405,0.0
34406,5568.17431640625
34407,4552.36572265625
34408,1907.0753173828125
34409,1726.59814453125
34410,3290.630126953125
34411,6251.3359375
34412,7658.33544921875
34413,4573.6923828125
34414,4697.06103515625
34415,8293.8671875
34416,8318.197265625
34417,6979.12109375
34418,5599.88623046875
34419,8448.3935546875
34420,8598.4873046875
34421,3219.114501953125
34422,5270.75
34423,5096.271484375
34424,6441.51025390625
34425,3991.10986328125
34426,5369.427734375
34427,3800.6005859375
34428,8964.58984375
34429,5878.19287109375
34430,7190.494140625
34431,6849.55712890625
34432,4781.91259765625
34433,10209.0751953125
34434,16014.61328125
34435,8193.6171875
34436,4304.046875
34437,3412.603759765625
34438,6392.88671875
34439,6794.53759765625
34440,4893.33056640625
34441,8043.2646484375
34442,18303.787109375
34443,6014.57763671875
34444,2946.859619140625
34445,10181.3017578125
34446,2894.239990234375
34447,4295.91259765625
34448,3776.6650390625
34449,6213.029296875
34450,4063.17431640625
34451,6799.5361328125
34452,5506.48974609375
34453,5239.12646484375
34454,8065.03466796875
34455,6695.0390625
34456,5673.04443359375
34457,6731.2734375
34458,5880.80126953125
34459,6028.57763671875
34460,8998.2060546875
34461,4698.96240234375
34462,6317.677734375
34463,4263.23095703125
34464,3206.322265625
34465,5815.4072265625
34466,5128.0732421875
34467,4775.0751953125
34468,8138.1416015625
34469,10426.0693359375
34470,7438.88037109375
34471,4599.9091796875
34472,4501.873046875
34473,4553.341796875
34474,4654.09716796875
34475,5731.326171875
34476,2805.8818359375
34477,5392.50146484375
34478,5381.591796875
34479,7445.34033203125
34480,5687.091796875
34481,4367.36767578125
34482,3008.0732421875
34483,3463.529296875
34484,8173.2861328125
34485,5755.82470703125
34486,5259.67041015625
34487,10816.7158203125
34488,8039.8193359375
34489,3921.373291015625
34490,5376.23095703125
34491,2383.552001953125
34492,3883.32763671875
34493,3655.524658203125
34494,3399.106689453125
34495,8113.6513671875
34496,4774.6884765625
34497,9014.0498046875
34498,9643.642578125
34499,5973.71435546875
34500,5313.796875
34501,4803.20361328125
34502,5216.330078125
34503,4683.45458984375
34504,10697.798828125
34505,6069.39599609375
34506,6503.49072265625
34507,3730.938720703125
34508,5639.85888671875
34509,6124.9609375
34510,7873.7861328125
34511,6867.99755859375
34512,5381.00439453125
34513,6574.1435546875
34514,4614.91845703125
34515,8104.32373046875
34516,7018.2294921875
34517,7503.89599609375
34518,8013.78369140625
34519,6953.9453125
34520,7758.81884765625
34521,3758.18994140625
34522,0.0
34523,4814.458984375
34524,8947.845703125
34525,7541.66259765625
34526,7242.3564453125
34527,6391.47802734375
34528,7242.982421875
34529,5646.9765625
34530,6595.818359375
34531,6456.841796875
34532,3127.5400390625
34533,10835.4287109375
34534,15532.54296875
34535,6765.58203125
34536,6396.67626953125
34537,6888.98583984375
34538,7610.224609375
34539,7522.8974609375
34540,2712.40380859375
34541,4285.3349609375
34542,5480.56787109375
34543,8167.00439453125
34544,2577.248779296875
34545,4406.08056640625
34546,4838.0830078125
34547,5017.04345703125
34548,4304.23681640625
34549,3235.97314453125
34550,2937.721923828125
34551,7588.9130859375
34552,4198.00146484375
34553,4344.2783203125
34554,5321.01611328125
34555,4744.61669921875
34556,9112.244140625
34557,11258.12109375
34558,6086.1669921875
34559,7186.07421875
34560,5899.611328125
34561,8894.0390625
34562,4742.1630859375
34563,2647.871337890625
34564,5404.9228515625
34565,14224.0751953125
34566,3983.531005859375
34567,6391.80078125
34568,2027.8665771484375
34569,3628.57421875
34570,5457.23046875
34571,6419.29833984375
34572,5068.55419921875
34573,9153.669921875
34574,8766.318359375
34575,6519.5986328125
34576,4429.71533203125
34577,8995.9306640625
34578,1798.38037109375
34579,3576.349365234375
34580,6414.86181640625
34581,4580.40380859375
34582,10149.6630859375
34583,1699.52880859375
34584,4869.19580078125
34585,5139.7509765625
34586,7458.79150390625
34587,9326.2255859375
34588,4730.93701171875
34589,2837.954345703125
34590,11156.3505859375
34591,10326.375
34592,4232.82177734375
34593,5728.05322265625
34594,8538.615234375
34595,6770.97216796875
34596,5284.9912109375
34597,3775.572998046875
34598,7486.72216796875
34599,4238.92041015625
34600,12004.2314453125
34601,8288.9208984375
34602,11794.736328125
34603,6544.44091796875
34604,3950.1328125
34605,2005.969482421875
34606,5754.8427734375
34607,6106.02294921875
34608,5237.5048828125
34609,9217.826171875
34610,5605.8046875
34611,2603.289306640625
34612,6527.30029296875
34613,4293.4287109375
34614,7951.23779296875
34615,6887.90771484375
34616,6835.4697265625
34617,7475.35546875
34618,4645.8798828125
34619,7152.17041015625
34620,6702.92919921875
34621,5297.9443359375
34622,6613.69189453125
34623,3395.37451171875
34624,10290.2412109375
34625,5774.71044921875
34626,2730.126708984375
34627,3622.7275390625
34628,7006.9501953125
34629,5627.5693359375
34630,4498.861328125
34631,4871.5908203125
34632,5336.7431640625
34633,4513.31396484375
34634,5004.2333984375
34635,8517.54296875
34636,4284.03369140625
34637,3845.190185546875
34638,5229.59130859375
34639,4913.0556640625
34640,3717.24365234375
34641,5197.77392578125
34642,7764.99267578125
34643,7347.095703125
34644,9845.775390625
34645,8591.1572265625
34646,8520.8125
34647,7681.52197265625
34648,4150.94970703125
34649,9511.021484375
34650,8207.876953125
34651,7103.310546875
34652,5133.89404296875
34653,5032.32763671875
34654,4967.6767578125
34655,2548.52685546875
34656,8751.8720703125
34657,6434.3408203125
34658,5984.0751953125
34659,4722.66357421875
34660,1146.1552734375
34661,7885.6181640625
34662,5810.365234375
34663,4948.85107421875
34664,3548.073486328125
34665,4747.72607421875
34666,5035.0771484375
34667,4104.41796875
34668,9130.953125
34669,5103.69287109375
34670,5163.74951171875
34671,2947.509033203125
34672,3156.447021484375
34673,5101.4072265625
34674,13226.1767578125
34675,4188.7607421875
34676,5682.84326171875
34677,4687.373046875
34678,3560.26611328125
34679,2581.072265625
34680,5854.01611328125
34681,2764.653076171875
34682,10069.6826171875
34683,6320.345703125
34684,2347.854736328125
34685,8208.7470703125
34686,1782.48583984375
34687,3857.0712890625
34688,8755.4072265625
34689,7260.17333984375
34690,8764.5595703125
34691,2388.034912109375
34692,4306.51123046875
34693,4335.4599609375
34694,3633.41357421875
34695,12904.3310546875
34696,11187.21875
34697,5650.81396484375
34698,3238.74951171875
34699,5693.11669921875
34700,4473.10498046875
34701,2482.26611328125
34702,8425.0615234375
34703,4552.44287109375
34704,5980.22021484375
34705,6733.71533203125
34706,4603.6162109375
34707,4849.0908203125
34708,5423.48486328125
34709,6392.54638671875
34710,7481.24853515625
34711,2785.6982421875
34712,5853.421875
34713,6462.69140625
34714,7422.66748046875
34715,5588.3017578125
34716,7165.3935546875
34717,2378.114990234375
34718,9179.1630859375
34719,5032.7939453125
34720,3620.78515625
34721,3959.758056640625
34722,4242.4794921875
34723,4442.15380859375
34724,7209.615234375
34725,4013.80224609375
34726,5500.23095703125
34727,4943.18994140625
34728,6910.65185546875
34729,7933.39697265625
34730,5384.9677734375
34731,7525.86865234375
34732,5361.767578125
34733,2726.139404296875
34734,10628.7177734375
34735,3451.544921875
34736,2893.025634765625
34737,5834.05810546875
34738,10341.1611328125
34739,10241.509765625
34740,3837.59765625
34741,4666.58984375
34742,6402.0556640625
34743,6577.67236328125
34744,4742.9541015625
34745,7402.3046875
34746,3254.515869140625
34747,4081.41748046875
34748,3645.189697265625
34749,3513.066162109375
34750,3620.11474609375
34751,7068.89794921875
34752,6012.8388671875
34753,5695.9775390625
34754,4471.66650390625
34755,7739.13623046875
34756,7708.787109375
34757,5516.63427734375
34758,0.0
34759,5501.13134765625
34760,7296.5859375
34761,4113.919921875
34762,1942.685791015625
34763,6034.91162109375
34764,6556.87939453125
34765,4690.2275390625
34766,5341.7607421875
34767,3273.64892578125
34768,8696.1064453125
34769,3087.352294921875
34770,8628.15625
34771,4646.21044921875
34772,4312.8828125
34773,7838.38525390625
34774,4071.7578125
34775,4018.95849609375
34776,8421.8828125
34777,2505.78173828125
34778,7066.32373046875
34779,9042.8603515625
34780,6371.5634765625
34781,2534.59228515625
34782,4807.04296875
34783,4323.68603515625
34784,1939.465576171875
34785,4712.21533203125
34786,6119.734375
34787,5128.53857421875
34788,4936.70947265625
34789,5362.7138671875
34790,4561.486328125
34791,8100.9169921875
34792,5488.833984375
34793,5741.9189453125
34794,3369.40576171875
34795,5423.8974609375
34796,5878.119140625
34797,6361.77392578125
34798,8524.9921875
34799,7488.75244140625
34800,8415.0390625
34801,5786.494140625
34802,5333.1083984375
34803,3527.629150390625
34804,5626.11376953125
34805,6990.96728515625
34806,6412.9111328125
34807,8855.1982421875
34808,13074.84375
34809,3177.61181640625
34810,4615.294921875
34811,3569.9150390625
34812,7693.5341796875
34813,9999.1455078125
34814,7384.14111328125
34815,7284.11328125
34816,7426.6279296875
34817,6496.37353515625
34818,6486.9033203125
34819,4890.3828125
34820,3265.030517578125
34821,4676.52685546875
34822,2879.995849609375
34823,2879.133056640625
34824,6441.95068359375
34825,17588.24609375
34826,5703.14013671875
34827,4077.72119140625
34828,4539.28955078125
34829,4230.9775390625
34830,5550.76416015625
34831,2596.2705078125
34832,7474.24609375
34833,6835.42431640625
34834,4128.82958984375
34835,10259.7626953125
34836,10541.689453125
34837,5926.00146484375
34838,4889.2216796875
34839,3602.38671875
34840,3450.20166015625
34841,4771.2373046875
34842,8436.193359375
34843,3188.23583984375
34844,4763.12646484375
34845,3365.02734375
34846,5086.59375
34847,4593.724609375
34848,7812.146484375
34849,3196.222412109375
34850,8377.091796875
34851,6566.66943359375
34852,4528.01806640625
34853,3987.0107421875
34854,3440.80322265625
34855,4996.06005859375
34856,4232.06494140625
34857,9278.2265625
34858,4423.95458984375
34859,4592.95263671875
34860,6228.08349609375
34861,5521.96240234375
34862,5976.03515625
34863,4508.80712890625
34864,5420.328125
34865,9149.9794921875
34866,6352.8115234375
34867,6075.12890625
34868,5441.302734375
34869,5004.5517578125
34870,5951.52294921875
34871,3514.24609375
34872,4176.4775390625
34873,4644.09765625
34874,11193.4404296875
34875,7419.556640625
34876,5405.59521484375
34877,5918.44091796875
34878,5635.4541015625
34879,6362.951171875
34880,5295.955078125
34881,8450.57421875
34882,6973.451171875
34883,5062.6865234375
34884,2892.4189453125
34885,4179.52978515625
34886,4230.6171875
34887,20567.396484375
34888,1890.304443359375
34889,5097.02294921875
34890,5738.0
34891,6428.0966796875
34892,5638.81787109375
34893,8490.7265625
34894,5501.3291015625
34895,6060.81884765625
34896,3590.061767578125
34897,8239.4453125
34898,4475.20849609375
34899,6559.3837890625
34900,7836.26513671875
34901,4855.6552734375
34902,8166.681640625
34903,6751.23095703125
34904,3279.96533203125
34905,5980.8837890625
34906,7233.85009765625
34907,2781.701171875
34908,8159.6162109375
34909,6524.11669921875
34910,5891.5634765625
34911,8719.7724609375
34912,8371.1513671875
34913,5637.21044921875
34914,4624.900390625
34915,3668.4345703125
34916,6152.6337890625
34917,3583.338134765625
34918,6491.15625
34919,2806.240234375
34920,5373.4970703125
34921,2821.585693359375
34922,5952.2509765625
34923,5401.41357421875
34924,4995.27001953125
34925,5658.775390625
34926,7730.91943359375
34927,5436.89208984375
34928,6650.92138671875
34929,4980.1572265625
34930,6120.162109375
34931,9202.810546875
34932,7217.8720703125
34933,3975.022705078125
34934,5825.14111328125
34935,5758.87939453125
34936,3741.06591796875
34937,12634.4248046875
34938,5420.3701171875
34939,6261.5205078125
34940,8702.5419921875
34941,6249.69580078125
34942,2318.80126953125
34943,0.0
34944,8803.6884765625
34945,6322.353515625
34946,7482.55615234375
34947,6627.66259765625
34948,7937.28955078125
34949,5622.87841796875
34950,3857.406494140625
34951,0.0
34952,5224.70703125
34953,6772.29931640625
34954,2570.69384765625
34955,7901.474609375
34956,5951.0537109375
34957,4742.873046875
34958,6706.9482421875
34959,4967.82275390625
34960,6542.3857421875
34961,5229.2177734375
34962,5151.134765625
34963,4587.9072265625
34964,3938.484130859375
34965,6318.49951171875
34966,6319.05322265625
34967,6652.92138671875
34968,5827.0400390625
34969,3983.89892578125
34970,6030.57666015625
34971,7072.27587890625
34972,7473.76123046875
34973,3178.221923828125
34974,2523.208984375
34975,8119.84765625
34976,6064.85302734375
34977,3925.948974609375
34978,7256.85009765625
34979,6520.60693359375
34980,5167.84228515625
34981,4744.23681640625
34982,1180.9609375
34983,6451.921875
34984,5799.5673828125
34985,4865.17138671875
34986,8067.5859375
34987,7411.0732421875
34988,3805.3798828125
34989,4950.01318359375
34990,3424.044921875
34991,1234.92919921875
34992,4772.24462890625
34993,7554.5986328125
34994,5554.46484375
34995,4460.19091796875
34996,2484.1376953125
34997,4050.2578125
34998,6965.361328125
34999,5768.71044921875
35000,8143.1201171875
35001,3620.47705078125
35002,4740.474609375
35003,3320.58447265625
35004,6349.15625
35005,3249.912109375
35006,2559.7373046875
35007,5140.962890625
35008,4132.58837890625
35009,6627.9521484375
35010,4434.60693359375
35011,4913.72998046875
35012,5244.72802734375
35013,7334.76953125
35014,4942.427734375
35015,4114.533203125
35016,9398.9560546875
35017,5768.49560546875
35018,6074.65185546875
35019,1612.5831298828125
35020,4697.5380859375
35021,5267.59033203125
35022,3251.709228515625
35023,7393.06982421875
35024,8722.4765625
35025,6218.2412109375
35026,5380.740234375
35027,5250.12255859375
35028,6881.841796875
35029,9231.0419921875
35030,2833.988525390625
35031,4018.263427734375
35032,4922.703125
35033,5042.82373046875
35034,5835.6494140625
35035,8223.76171875
35036,5201.05712890625
35037,5619.4423828125
35038,2336.7734375
35039,5727.33642578125
35040,9932.30078125
35041,3098.9794921875
35042,6378.31591796875
35043,3206.5234375
35044,5427.697265625
35045,5569.05517578125
35046,5098.42578125
35047,4992.87939453125
35048,4736.5361328125
35049,4959.59619140625
35050,6316.03466796875
35051,4395.388671875
35052,7961.42578125
35053,5362.54443359375
35054,8328.5234375
35055,5554.09521484375
35056,3556.34326171875
35057,7927.1162109375
35058,2618.95751953125
35059,8367.0341796875
35060,6295.7841796875
35061,4817.0576171875
35062,6675.83349609375
35063,4363.83642578125
35064,4139.66357421875
35065,7373.25537109375
35066,2922.66845703125
35067,2974.249267578125
35068,5576.0654296875
35069,6243.03955078125
35070,9753.9921875
35071,5914.451171875
35072,4840.4111328125
35073,3658.460205078125
35074,5916.552734375
35075,2590.555419921875
35076,8768.5380859375
35077,7365.30810546875
35078,11326.6982421875
35079,5713.12109375
35080,4972.01220703125
35081,8081.384765625
35082,8529.689453125
35083,3041.324951171875
35084,7506.87744140625
35085,6378.12353515625
35086,5731.212890625
35087,5078.7314453125
35088,4841.46826171875
35089,2954.843994140625
35090,5170.76220703125
35091,3335.422607421875
35092,2980.597412109375
35093,6137.021484375
35094,5376.0283203125
35095,22474.791015625
35096,7041.13623046875
35097,4521.59765625
35098,7775.416015625
35099,12316.919921875
35100,6164.0048828125
35101,7344.99072265625
35102,6211.46533203125
35103,8322.1044921875
35104,7885.701171875
35105,5554.3046875
35106,5755.4404296875
35107,7844.23779296875
35108,8237.478515625
35109,7040.4091796875
35110,8070.32568359375
35111,7450.2197265625
35112,5100.84765625
35113,7831.2216796875
35114,10282.95703125
35115,10274.1142578125
35116,9444.01953125
35117,7696.6376953125
35118,4288.724609375
35119,6413.6640625
35120,4418.31982421875
35121,8600.3740234375
35122,11218.3515625
35123,9417.7880859375
35124,5858.62451171875
35125,5959.32568359375
35126,4779.46337890625
35127,5969.83837890625
35128,10343.267578125
35129,6790.48974609375
35130,5344.62109375
35131,5759.88330078125
35132,6790.4951171875
35133,3663.333984375
35134,7724.92041015625
35135,5284.12890625
35136,7219.94482421875
35137,6443.25341796875
35138,5714.03662109375
35139,8531.5830078125
35140,6872.19580078125
35141,5480.3583984375
35142,6529.9208984375
35143,7775.9208984375
35144,12911.71484375
35145,7281.87939453125
35146,7186.88623046875
35147,7474.92724609375
35148,11134.666015625
35149,7434.287109375
35150,10353.5537109375
35151,4793.69677734375
35152,4374.4765625
35153,5868.21826171875
35154,6613.2705078125
35155,10415.3779296875
35156,8904.8408203125
35157,6016.5966796875
35158,8506.0654296875
35159,6639.373046875
35160,10708.1259765625
35161,3913.4619140625
35162,12839.58984375
35163,4695.05419921875
35164,6006.1845703125
35165,8773.9873046875
35166,5616.7958984375
35167,7151.927734375
35168,7578.0302734375
35169,7678.4150390625
35170,6077.66064453125
35171,5362.888671875
35172,8646.939453125
35173,8653.826171875
35174,6908.48974609375
35175,4967.64111328125
35176,7615.62353515625
35177,12832.2822265625
35178,6665.626953125
35179,4398.84228515625
35180,7748.455078125
35181,6166.97119140625
35182,7031.3525390625
35183,8566.357421875
35184,4301.62109375
35185,8268.49609375
35186,6293.57470703125
35187,7989.9921875
35188,10103.69921875
35189,4830.98876953125
35190,6631.6591796875
35191,6575.47998046875
35192,9319.3857421875
35193,9181.166015625
35194,5408.26171875
35195,5360.8798828125
35196,7104.353515625
35197,7102.087890625
35198,6152.41357421875
35199,6419.7578125
35200,7283.33642578125
35201,7912.0693359375
35202,5986.60791015625
35203,5425.3193359375
35204,6948.5771484375
35205,8193.6669921875
35206,8140.26123046875
35207,8675.546875
35208,8336.6220703125
35209,5977.34033203125
35210,9546.103515625
35211,5759.39013671875
35212,7171.158203125
35213,9267.3662109375
35214,7589.74951171875
35215,9622.5966796875
35216,9195.2177734375
35217,8262.478515625
35218,6428.0986328125
35219,6962.1337890625
35220,8735.8193359375
35221,6302.7734375
35222,3943.76806640625
35223,6440.20166015625
35224,8607.8486328125
35225,5550.0830078125
35226,4553.1103515625
35227,8059.10107421875
35228,6277.7646484375
35229,6815.3251953125
35230,6755.42333984375
35231,5138.9833984375
35232,7043.85205078125
35233,7402.53662109375
35234,8242.3837890625
35235,6031.91796875
35236,6108.08056640625
35237,6398.845703125
35238,3864.063232421875
35239,7329.31103515625
35240,6058.7373046875
35241,9129.9384765625
35242,7719.16943359375
35243,6489.8447265625
35244,13728.171875
35245,5159.97900390625
35246,5522.42578125
35247,10064.3046875
35248,7467.59912109375
35249,9165.412109375
35250,8298.4091796875
35251,6260.54248046875
35252,7093.67431640625
35253,5410.443359375
35254,7841.53857421875
35255,11118.33984375
35256,7406.21240234375
35257,4419.59033203125
35258,4610.49951171875
35259,8604.11328125
35260,9035.3359375
35261,7255.90087890625
35262,7299.03564453125
35263,5413.20068359375
35264,4331.728515625
35265,3419.27587890625
35266,5072.28125
35267,6647.8779296875
35268,8182.46484375
35269,6621.47900390625
35270,6622.11962890625
35271,8910.2509765625
35272,10097.736328125
35273,6627.89453125
35274,5947.318359375
35275,9861.958984375
35276,10739.1298828125
35277,6176.05810546875
35278,7683.15576171875
35279,5517.0458984375
35280,6820.966796875
35281,4550.5888671875
35282,6738.5712890625
35283,5865.31494140625
35284,8936.0927734375
35285,7988.73388671875
35286,9418.236328125
35287,7867.6142578125
35288,5704.00634765625
35289,9791.8916015625
35290,18022.2578125
35291,11363.494140625
35292,5102.94873046875
35293,2794.413818359375
35294,7381.9423828125
35295,8750.4228515625
35296,7894.07177734375
35297,11798.9443359375
35298,21248.19921875
35299,4928.427734375
35300,6149.2744140625
35301,9162.07421875
35302,5204.35302734375
35303,6960.42919921875
35304,6840.32666015625
35305,7861.181640625
35306,5839.43603515625
35307,6079.44140625
35308,7224.0947265625
35309,7786.56005859375
35310,9606.4091796875
35311,7580.50244140625
35312,6662.8662109375
35313,7342.87109375
35314,6082.85595703125
35315,5706.98876953125
35316,8018.4287109375
35317,6561.814453125
35318,6689.48291015625
35319,7263.0908203125
35320,6243.16943359375
35321,6026.25341796875
35322,7330.4765625
35323,7363.57177734375
35324,10418.669921875
35325,10276.4775390625
35326,8752.3837890625
35327,6664.89013671875
35328,4437.669921875
35329,8855.0322265625
35330,8586.0185546875
35331,6422.796875
35332,4740.119140625
35333,8244.2900390625
35334,7314.7333984375
35335,9947.5224609375
35336,6811.53759765625
35337,6268.53759765625
35338,5593.89453125
35339,4897.44384765625
35340,10753.1982421875
35341,6923.6044921875
35342,9492.966796875
35343,13494.873046875
35344,8555.8017578125
35345,4885.3125
35346,5991.4833984375
35347,5481.2255859375
35348,8540.033203125
35349,3815.1884765625
35350,6116.841796875
35351,10551.19921875
35352,5789.51708984375
35353,14865.98828125
35354,12547.958984375
35355,6176.1865234375
35356,7134.2490234375
35357,5411.84619140625
35358,7223.04052734375
35359,5785.74072265625
35360,11840.8681640625
35361,8225.771484375
35362,9282.240234375
35363,5452.20361328125
35364,7784.1865234375
35365,6309.6318359375
35366,9619.9892578125
35367,7999.8525390625
35368,6799.3330078125
35369,7132.15869140625
35370,5836.7900390625
35371,9192.376953125
35372,9868.271484375
35373,7477.48681640625
35374,10416.0244140625
35375,6788.5029296875
35376,9034.0419921875
35377,6071.1259765625
35378,6644.0927734375
35379,5618.05615234375
35380,10651.2275390625
35381,6822.63818359375
35382,8997.96875
35383,8043.96875
35384,8767.3583984375
35385,5765.6923828125
35386,9026.0
35387,6790.25830078125
35388,4425.17919921875
35389,11875.7548828125
35390,17386.87890625
35391,8321.201171875
35392,7618.37353515625
35393,11164.4521484375
35394,10155.2705078125
35395,10626.541015625
35396,5949.2763671875
35397,7183.33837890625
35398,6407.5244140625
35399,9457.173828125
35400,4770.65087890625
35401,6789.43017578125
35402,6071.673828125
35403,6301.306640625
35404,6944.34375
35405,4951.85888671875
35406,4505.51611328125
35407,8194.759765625
35408,4870.046875
35409,5665.2294921875
35410,6399.6318359375
35411,6815.71533203125
35412,10369.486328125
35413,10142.2255859375
35414,8496.6630859375
35415,6968.5048828125
35416,6332.11279296875
35417,10322.5458984375
35418,7023.0966796875
35419,6046.8310546875
35420,4978.10791015625
35421,12574.8271484375
35422,4657.953125
35423,7091.30810546875
35424,3326.54931640625
35425,5016.380859375
35426,6886.072265625
35427,7866.544921875
35428,7345.44384765625
35429,10146.9951171875
35430,10025.5302734375
35431,11249.7900390625
35432,6170.77880859375
35433,10774.4228515625
35434,2985.107177734375
35435,5948.8837890625
35436,6886.71728515625
35437,5265.0048828125
35438,9170.9794921875
35439,5743.65673828125
35440,5167.21728515625
35441,8871.8896484375
35442,9375.4208984375
35443,8625.783203125
35444,6801.07080078125
35445,5773.83447265625
35446,12535.8349609375
35447,9320.8408203125
35448,5984.42919921875
35449,6542.94677734375
35450,8037.02783203125
35451,10703.3564453125
35452,6052.3505859375
35453,5573.8505859375
35454,8857.361328125
35455,8696.5849609375
35456,13066.5849609375
35457,6959.3779296875
35458,11874.5751953125
35459,7301.69384765625
35460,5573.34619140625
35461,3106.256103515625
35462,6668.86962890625
35463,7422.7568359375
35464,5830.35498046875
35465,8624.251953125
35466,5202.3076171875
35467,4582.3701171875
35468,7917.68701171875
35469,4868.91162109375
35470,7424.03125
35471,7235.09521484375
35472,8295.5771484375
35473,8952.40234375
35474,5945.2841796875
35475,9694.3388671875
35476,5936.2412109375
35477,5951.75537109375
35478,5575.126953125
35479,4987.5888671875
35480,11444.2939453125
35481,6492.67138671875
35482,4744.6162109375
35483,6463.9375
35484,9310.1513671875
35485,7801.0625
35486,7231.9111328125
35487,8783.7041015625
35488,6097.93408203125
35489,5924.4287109375
35490,6475.8544921875
35491,10383.5732421875
35492,4796.2119140625
35493,6895.35009765625
35494,6176.4150390625
35495,6720.32568359375
35496,4505.18310546875
35497,6677.90576171875
35498,8308.86328125
35499,8866.33984375
35500,11056.736328125
35501,12214.3759765625
35502,9432.28515625
35503,8317.4970703125
35504,4661.96533203125
35505,10298.1669921875
35506,11631.529296875
35507,8819.1396484375
35508,8369.6953125
35509,8748.044921875
35510,5910.462890625
35511,4807.14404296875
35512,9134.482421875
35513,6921.8251953125
35514,6867.3876953125
35515,6217.64892578125
35516,3285.771240234375
35517,11610.931640625
35518,7083.154296875
35519,6109.2001953125
35520,4976.64501953125
35521,5117.00244140625
35522,6522.65625
35523,7999.13134765625
35524,7627.76171875
35525,5516.18310546875
35526,5338.330078125
35527,3806.50244140625
35528,4416.31396484375
35529,7760.00390625
35530,17429.857421875
35531,4679.30029296875
35532,6272.63232421875
35533,6564.59326171875
35534,6122.3173828125
35535,5422.818359375
35536,5501.9384765625
35537,4432.06005859375
35538,8925.2109375
35539,8246.521484375
35540,4065.56787109375
35541,9940.1201171875
35542,5766.70556640625
35543,4883.44287109375
35544,11004.255859375
35545,8122.6298828125
35546,10739.5673828125
35547,5640.31396484375
35548,6885.17236328125
35549,5121.82470703125
35550,5250.0546875
35551,11994.7734375
35552,12663.3154296875
35553,7092.5498046875
35554,5579.861328125
35555,5385.34033203125
35556,6319.626953125
35557,4532.80908203125
35558,8580.728515625
35559,5926.798828125
35560,5613.025390625
35561,8347.3828125
35562,4839.62890625
35563,6597.2412109375
35564,7240.650390625
35565,8091.26318359375
35566,8439.7265625
35567,4432.03369140625
35568,5303.193359375
35569,6695.5185546875
35570,9301.7783203125
35571,8225.224609375
35572,7711.3271484375
35573,3953.82080078125
35574,8521.5849609375
35575,6686.4296875
35576,4714.013671875
35577,7590.0087890625
35578,7247.9833984375
35579,6390.58154296875
35580,7248.49267578125
35581,6400.76708984375
35582,6894.6025390625
35583,5432.88427734375
35584,7090.388671875
35585,7036.888671875
35586,6862.6025390625
35587,9889.7353515625
35588,6455.45458984375
35589,5640.056640625
35590,12162.1474609375
35591,5524.47509765625
35592,3952.22900390625
35593,7975.63916015625
35594,10515.326171875
35595,11753.228515625
35596,4707.3408203125
35597,6576.96044921875
35598,6224.2041015625
35599,7132.666015625
35600,6152.16357421875
35601,8153.07373046875
35602,3468.09716796875
35603,6105.283203125
35604,7136.572265625
35605,5578.56982421875
35606,5352.96826171875
35607,6653.65478515625
35608,8288.09375
35609,5905.24853515625
35610,8107.68408203125
35611,8018.9765625
35612,9154.2900390625
35613,6693.57373046875
35614,7410.64794921875
35615,6774.95654296875
35616,8672.296875
35617,8056.65185546875
35618,4237.25732421875
35619,8936.2197265625
35620,7886.33056640625
35621,7688.37158203125
35622,5108.63818359375
35623,4274.9482421875
35624,8761.5888671875
35625,6774.869140625
35626,8949.068359375
35627,7598.06201171875
35628,5900.27978515625
35629,8717.2392578125
35630,6039.44970703125
35631,6973.021484375
35632,7918.72265625
35633,6218.75341796875
35634,9921.6044921875
35635,11211.546875
35636,8295.43359375
35637,4733.3623046875
35638,6623.53857421875
35639,4612.82373046875
35640,3294.975830078125
35641,8284.40234375
35642,6555.3095703125
35643,9331.96484375
35644,5265.00830078125
35645,6998.751953125
35646,6126.3642578125
35647,8812.4873046875
35648,5778.5185546875
35649,5251.787109375
35650,5217.0908203125
35651,7493.87939453125
35652,4644.33740234375
35653,7936.365234375
35654,8534.953125
35655,8616.48046875
35656,8703.3603515625
35657,7262.9853515625
35658,6281.01123046875
35659,5971.85791015625
35660,5968.42529296875
35661,10464.4599609375
35662,9713.5966796875
35663,9645.81640625
35664,15285.0458984375
35665,6972.85498046875
35666,5917.00927734375
35667,6591.40087890625
35668,9136.439453125
35669,10269.0341796875
35670,7851.73828125
35671,7903.40234375
35672,8345.3330078125
35673,6487.00390625
35674,6949.478515625
35675,5953.44287109375
35676,5948.83154296875
35677,5135.033203125
35678,4079.929443359375
35679,5379.34716796875
35680,7495.93505859375
35681,18303.794921875
35682,6958.95947265625
35683,5456.57666015625
35684,8225.9248046875
35685,4481.0087890625
35686,6322.77685546875
35687,4720.7763671875
35688,9373.7177734375
35689,7288.01708984375
35690,7359.25
35691,13132.0830078125
35692,12044.91796875
35693,6124.27685546875
35694,7350.84033203125
35695,3777.72314453125
35696,5397.99169921875
35697,5994.8935546875
35698,9205.767578125
35699,4723.15478515625
35700,5502.0107421875
35701,4684.41455078125
35702,6245.458984375
35703,8065.35205078125
35704,7662.974609375
35705,3528.04052734375
35706,9764.935546875
35707,8909.5205078125
35708,7790.07763671875
35709,5893.0068359375
35710,4393.82177734375
35711,8157.63427734375
35712,4372.42724609375
35713,9866.560546875
35714,4976.7705078125
35715,6359.32421875
35716,7556.96240234375
35717,6816.046875
35718,5820.46826171875
35719,7129.9853515625
35720,7477.029296875
35721,9158.341796875
35722,10681.8037109375
35723,6386.552734375
35724,5523.11328125
35725,6167.24365234375
35726,6691.29541015625
35727,4916.7841796875
35728,6543.5546875
35729,6072.33837890625
35730,11962.990234375
35731,7961.6279296875
35732,6787.5478515625
35733,7478.70263671875
35734,6332.16845703125
35735,9241.078125
35736,6048.890625
35737,12789.8271484375
35738,7255.26123046875
35739,6580.98876953125
35740,5560.86474609375
35741,4551.20556640625
35742,6726.06640625
35743,21745.658203125
35744,4247.01611328125
35745,5969.95166015625
35746,9789.0546875
35747,6484.3310546875
35748,7632.47412109375
35749,8947.384765625
35750,6783.919921875
35751,5988.14697265625
35752,4424.37451171875
35753,11036.3017578125
35754,6309.5810546875
35755,7998.60888671875
35756,8317.0390625
35757,5509.53955078125
35758,8064.90576171875
35759,7494.4658203125
35760,4011.18994140625
35761,9336.8408203125
35762,10538.0234375
35763,4016.11962890625
35764,8052.94091796875
35765,8134.099609375
35766,6127.623046875
35767,10201.8349609375
35768,7736.0380859375
35769,7342.83447265625
35770,5082.5263671875
35771,5901.0361328125
35772,6909.521484375
35773,4597.47802734375
35774,8702.7890625
35775,4818.849609375
35776,6509.6953125
35777,4947.93994140625
35778,7114.39892578125
35779,5997.5
35780,7486.3720703125
35781,8175.7119140625
35782,8794.9833984375
35783,6939.57763671875
35784,6996.3828125
35785,5903.8583984375
35786,9499.248046875
35787,10352.6181640625
35788,8327.79296875
35789,4419.79736328125
35790,7150.97119140625
35791,7537.99365234375
35792,4284.2802734375
35793,11947.3173828125
35794,5284.44970703125
35795,8475.7861328125
35796,11089.689453125
35797,6443.0146484375
35798,4692.8115234375
35799,10786.5654296875
35800,10723.6025390625
35801,6215.90380859375
35802,9336.857421875
35803,9661.7861328125
35804,7411.783203125
35805,6147.78759765625
35806,6900.4833984375
35807,5562.0048828125
35808,5023.9013671875
35809,7760.62841796875
35810,5003.2109375
35811,8196.2724609375
35812,7808.35693359375
35813,6666.4013671875
35814,8358.1650390625
35815,5688.73291015625
35816,6713.12060546875
35817,5978.5146484375
35818,9091.1240234375
35819,7354.94970703125
35820,6394.5849609375
35821,9046.390625
35822,7841.21875
35823,9124.9443359375
35824,6311.03271484375
35825,5281.46826171875
35826,6879.8857421875
35827,7698.7041015625
35828,7938.9775390625
35829,4395.15283203125
35830,4703.515625
35831,7290.7265625
35832,7730.7998046875
35833,6718.31494140625
35834,8244.6162109375
35835,6749.4091796875
35836,7069.0185546875
35837,5609.19091796875
35838,2413.30419921875
35839,7308.80126953125
35840,7106.19873046875
35841,6876.95703125
35842,8492.09375
35843,8616.4267578125
35844,4744.1337890625
35845,7005.93896484375
35846,3937.77294921875
35847,2935.29736328125
35848,6935.81396484375
35849,10521.6025390625
35850,8377.775390625
35851,7157.58837890625
35852,4568.75341796875
35853,6675.90478515625
35854,8503.6171875
35855,6765.11669921875
35856,7104.9560546875
35857,4886.21337890625
35858,6688.1767578125
35859,5603.5224609375
35860,5899.53125
35861,5389.10205078125
35862,5813.34521484375
35863,5704.55810546875
35864,5001.0341796875
35865,7830.09619140625
35866,8277.2177734375
35867,6096.994140625
35868,6426.9482421875
35869,7706.23779296875
35870,5813.11962890625
35871,7963.06005859375
35872,9171.0146484375
35873,7126.8193359375
35874,6242.74853515625
35875,4049.912353515625
35876,12831.4794921875
35877,6995.0078125
35878,5855.49658203125
35879,8702.279296875
35880,8648.1259765625
35881,7139.41748046875
35882,6282.29541015625
35883,7052.35888671875
35884,10364.0732421875
35885,11408.7265625
35886,5022.03076171875
35887,5725.40869140625
35888,5562.88330078125
35889,6268.77880859375
35890,6920.03759765625
35891,7674.32373046875
35892,8759.6572265625
35893,5743.93408203125
35894,3696.156005859375
35895,6938.76416015625
35896,10518.3876953125
35897,5293.35791015625
35898,8782.9765625
35899,6076.2060546875
35900,7815.58544921875
35901,8751.3359375
35902,7176.11865234375
35903,8112.95361328125
35904,7446.59326171875
35905,5004.06591796875
35906,6206.7265625
35907,7966.55859375
35908,9141.203125
35909,7254.19873046875
35910,8759.701171875
35911,7068.67138671875
35912,4460.0224609375
35913,9352.20703125
35914,4670.33837890625
35915,8703.4443359375
35916,6935.4306640625
35917,4980.830078125
35918,7434.87353515625
35919,6700.60693359375
35920,7408.79833984375
35921,8652.455078125
35922,4337.232421875
35923,4725.7119140625
35924,8314.708984375
35925,10402.5830078125
35926,10284.4521484375
35927,6532.8076171875
35928,6006.6845703125
35929,7244.65576171875
35930,7513.99072265625
35931,5085.53173828125
35932,10278.4384765625
35933,9085.7763671875
35934,11951.3896484375
35935,4448.84912109375
35936,6271.69384765625
35937,9729.08203125
35938,10052.1044921875
35939,5967.01025390625
35940,9916.4931640625
35941,6396.67236328125
35942,6426.19970703125
35943,5854.5302734375
35944,6778.95654296875
35945,5364.28515625
35946,6367.79248046875
35947,5226.07958984375
35948,6836.50830078125
35949,8381.2265625
35950,7025.02294921875
35951,24252.69921875
35952,7228.58837890625
35953,4441.1884765625
35954,7976.275390625
35955,12146.05859375
35956,6875.80615234375
35957,7420.603515625
35958,6033.990234375
35959,8491.203125
35960,8287.2861328125
35961,6024.4423828125
35962,5847.0498046875
35963,7838.0791015625
35964,8333.892578125
35965,7459.869140625
35966,9632.68359375
35967,6718.00341796875
35968,4758.54296875
35969,7410.20068359375
35970,10314.5888671875
35971,11620.4775390625
35972,9742.666015625
35973,7792.31982421875
35974,4951.51025390625
35975,6363.4267578125
35976,4818.11083984375
35977,8597.994140625
35978,11059.2841796875
35979,9352.4580078125
35980,5697.64404296875
35981,5819.21240234375
35982,5742.935546875
35983,6002.296875
35984,10795.8125
35985,6808.41845703125
35986,5456.53564453125
35987,5119.3662109375
35988,7415.8056640625
35989,3654.647705078125
35990,7083.8427734375
35991,5368.49267578125
35992,7613.001953125
35993,7534.94189453125
35994,6125.58154296875
35995,8476.79296875
35996,6464.544921875
35997,5845.9951171875
35998,6454.91943359375
35999,7749.2119140625
36000,12710.3798828125
36001,6777.138671875
36002,7917.10791015625
36003,7555.98583984375
36004,10748.55859375
36005,7199.6201171875
36006,9318.7978515625
36007,4690.83251953125
36008,4838.24609375
36009,6284.3740234375
36010,6813.99755859375
36011,10330.2705078125
36012,8519.1376953125
36013,5680.1435546875
36014,8174.55078125
36015,5667.64501953125
36016,12189.052734375
36017,3380.26708984375
36018,13387.8037109375
36019,4370.67138671875
36020,5962.56640625
36021,8705.40625
36022,5314.76025390625
36023,7568.40185546875
36024,6417.5732421875
36025,7760.4140625
36026,6306.92822265625
36027,5336.4365234375
36028,8307.400390625
36029,8412.9775390625
36030,7079.189453125
36031,4872.34033203125
36032,7325.0947265625
36033,11567.625
36034,6534.40673828125
36035,6625.60009765625
36036,7641.78125
36037,6197.49951171875
36038,6356.408203125
36039,7818.32568359375
36040,4030.158203125
36041,8294.1806640625
36042,6547.99658203125
36043,7474.47705078125
36044,11741.4560546875
36045,3570.002685546875
36046,6617.49462890625
36047,5982.1142578125
36048,9988.357421875
36049,8847.7099609375
36050,5612.26220703125
36051,5453.67333984375
36052,7002.2548828125
36053,7323.30517578125
36054,6429.78076171875
36055,5683.94775390625
36056,6995.5869140625
36057,8925.7177734375
36058,5781.77783203125
36059,4835.0830078125
36060,6797.841796875
36061,8472.1171875
36062,9017.31640625
36063,8140.271484375
36064,7991.3818359375
36065,5998.53564453125
36066,9522.7822265625
36067,5385.82763671875
36068,6779.80517578125
36069,9327.01171875
36070,7065.591796875
36071,10166.265625
36072,8856.9990234375
36073,7812.11376953125
36074,5867.33349609375
36075,6815.13232421875
36076,9032.1103515625
36077,6362.43896484375
36078,3948.45458984375
36079,7010.07568359375
36080,8270.701171875
36081,6037.15625
36082,4528.3896484375
36083,8283.05859375
36084,6045.587890625
36085,6110.2431640625
36086,6190.26611328125
36087,5032.2890625
36088,7636.498046875
36089,7849.62939453125
36090,8400.1806640625
36091,6039.3974609375
36092,5817.822265625
36093,6473.70849609375
36094,3473.84912109375
36095,6652.45166015625
36096,6382.40380859375
36097,8894.2724609375
36098,7387.38818359375
36099,6348.5771484375
36100,12061.5732421875
36101,5894.84130859375
36102,5311.6171875
36103,9981.353515625
36104,6878.8671875
36105,8970.7197265625
36106,7482.79736328125
36107,6052.7861328125
36108,6881.09228515625
36109,5301.5283203125
36110,8736.51171875
36111,11890.048828125
36112,8206.8193359375
36113,4445.08251953125
36114,4845.3955078125
36115,8680.1708984375
36116,8228.412109375
36117,6703.9580078125
36118,7681.19189453125
36119,5068.837890625
36120,4844.94482421875
36121,3626.02783203125
36122,5208.54052734375
36123,6335.5791015625
36124,8118.45068359375
36125,6716.00927734375
36126,5639.953125
36127,9106.8125
36128,9473.3134765625
36129,6712.55517578125
36130,5749.92822265625
36131,9652.1396484375
36132,10151.921875
36133,6520.88720703125
36134,8025.3349609375
36135,5658.58056640625
36136,6328.15673828125
36137,4751.970703125
36138,7383.03759765625
36139,5237.22119140625
36140,9302.283203125
36141,7784.81787109375
36142,8611.9033203125
36143,8523.1650390625
36144,5764.48681640625
36145,10088.56640625
36146,19774.72265625
36147,11543.2919921875
36148,6313.51953125
36149,2643.649169921875
36150,7325.97607421875
36151,8968.826171875
36152,6880.982421875
36153,12635.7919921875
36154,19956.2578125
36155,5149.84228515625
36156,6251.46337890625
36157,11291.0908203125
36158,4952.99951171875
36159,7400.44921875
36160,6551.515625
36161,8121.0439453125
36162,5959.39697265625
36163,5367.419921875
36164,6755.01171875
36165,8260.3388671875
36166,9462.4921875
36167,7205.478515625
36168,6577.65673828125
36169,7292.7119140625
36170,5983.08642578125
36171,5119.064453125
36172,6961.779296875
36173,6521.10888671875
36174,6184.8544921875
36175,7142.841796875
36176,6080.26953125
36177,6238.1474609375
36178,7713.06005859375
36179,7353.33349609375
36180,9512.9580078125
36181,11078.4287109375
36182,8780.4306640625
36183,6462.3935546875
36184,4365.669921875
36185,7667.87353515625
36186,7596.72998046875
36187,6115.67578125
36188,4754.1787109375
36189,8253.4619140625
36190,8011.7431640625
36191,9979.845703125
36192,7148.37646484375
36193,6117.40478515625
36194,5481.62255859375
36195,5683.36572265625
36196,10120.763671875
36197,6044.91064453125
36198,9043.7900390625
36199,15206.712890625
36200,8223.212890625
36201,6924.94677734375
36202,5844.22705078125
36203,5101.33935546875
36204,7535.1083984375
36205,4165.32763671875
36206,6688.43408203125
36207,11293.5078125
36208,5832.55419921875
36209,16039.3779296875
36210,13574.19140625
36211,5674.837890625
36212,7090.0078125
36213,5905.60595703125
36214,6967.314453125
36215,5595.28173828125
36216,10815.390625
36217,7867.1806640625
36218,9675.669921875
36219,5604.099609375
36220,7478.71044921875
36221,6079.12939453125
36222,8919.220703125
36223,7638.0556640625
36224,6365.84619140625
36225,7051.29833984375
36226,6237.0068359375
36227,8338.849609375
36228,10584.2822265625
36229,7155.04150390625
36230,9997.16015625
36231,6680.01318359375
36232,9832.6181640625
36233,5758.43017578125
36234,6412.05322265625
36235,5836.27294921875
36236,10917.7626953125
36237,6800.638671875
36238,9184.158203125
36239,8049.02783203125
36240,8036.26416015625
36241,5537.78076171875
36242,9200.6064453125
36243,7587.9140625
36244,4395.521484375
36245,12139.068359375
36246,18253.263671875
36247,7162.01953125
36248,7321.80712890625
36249,11101.587890625
36250,10329.126953125
36251,11148.65234375
36252,5616.0888671875
36253,7293.57080078125
36254,6268.73193359375
36255,8667.7802734375
36256,4538.1376953125
36257,7174.54443359375
36258,5492.73583984375
36259,5874.2353515625
36260,6597.3173828125
36261,5547.45556640625
36262,4745.3505859375
36263,7909.72998046875
36264,4381.2734375
36265,5167.25439453125
36266,6599.0419921875
36267,6938.04345703125
36268,9926.7578125
36269,9119.8720703125
36270,8844.896484375
36271,7197.22998046875
36272,6810.29296875
36273,11086.787109375
36274,7580.88623046875
36275,5334.49755859375
36276,4901.3134765625
36277,12461.560546875
36278,4401.58251953125
36279,6626.451171875
36280,3731.209228515625
36281,5195.6123046875
36282,7599.05029296875
36283,7885.02294921875
36284,6383.669921875
36285,9579.671875
36286,10316.8095703125
36287,12276.1025390625
36288,6932.47900390625
36289,9684.166015625
36290,3200.784423828125
36291,5494.5849609375
36292,6837.79248046875
36293,5949.33447265625
36294,8615.9306640625
36295,5630.521484375
36296,5511.220703125
36297,8797.6513671875
36298,10871.451171875
36299,11951.6611328125
36300,6575.1318359375
36301,6050.75927734375
36302,14413.8486328125
36303,9427.5947265625
36304,6893.34130859375
36305,5838.125
36306,7162.63427734375
36307,11422.580078125
36308,5877.1220703125
36309,6107.9033203125
36310,8500.51171875
36311,8323.9189453125
36312,14146.728515625
36313,7657.24560546875
36314,11753.0595703125
36315,7771.7763671875
36316,5719.67822265625
36317,3578.592529296875
36318,6163.6513671875
36319,7206.67919921875
36320,6114.1376953125
36321,7788.38720703125
36322,5137.24267578125
36323,5126.57177734375
36324,7932.93701171875
36325,5032.55908203125
36326,6889.9267578125
36327,7152.529296875
36328,8247.9091796875
36329,9040.357421875
36330,6369.86865234375
36331,9450.7236328125
36332,5685.6923828125
36333,6273.73974609375
36334,5948.56201171875
36335,5354.67822265625
36336,12069.0
36337,7022.921875
36338,5381.8203125
36339,6407.0537109375
36340,8942.0673828125
36341,7706.02197265625
36342,7066.615234375
36343,8645.6953125
36344,6201.3408203125
36345,5441.53955078125
36346,6839.84326171875
36347,9095.55859375
36348,7030.486328125
36349,7240.76171875
36350,6024.43505859375
36351,6479.908203125
36352,4879.0517578125
36353,5700.796875
36354,8009.40625
36355,9453.9765625
36356,10624.09765625
36357,12437.150390625
36358,9202.0546875
36359,8328.1650390625
36360,5095.294921875
36361,10725.3046875
36362,11446.7607421875
36363,8178.24951171875
36364,8580.2978515625
36365,8075.94482421875
36366,5815.52490234375
36367,4921.83447265625
36368,8676.283203125
36369,7330.1416015625
36370,7008.5146484375
36371,6348.779296875
36372,3612.219482421875
36373,11465.5703125
36374,6912.2783203125
36375,5921.0341796875
36376,4528.47216796875
36377,4804.9775390625
36378,6653.24169921875
36379,8581.798828125
36380,7219.46240234375
36381,5641.0869140625
36382,5277.8681640625
36383,3951.170654296875
36384,4562.21484375
36385,7475.05859375
36386,17778.33984375
36387,5273.68701171875
36388,6286.87841796875
36389,6697.564453125
36390,5690.091796875
36391,5731.00439453125
36392,5346.615234375
36393,4197.18994140625
36394,7794.0615234375
36395,7963.9296875
36396,4063.837646484375
36397,9552.1416015625
36398,5805.06201171875
36399,5019.52734375
36400,10407.3291015625
36401,8263.275390625
36402,11008.69921875
36403,5859.98095703125
36404,7418.3984375
36405,5263.12548828125
36406,5372.88037109375
36407,12918.166015625
36408,11518.2041015625
36409,7046.24560546875
36410,6188.701171875
36411,4967.22216796875
36412,6079.4814453125
36413,5329.091796875
36414,11782.8330078125
36415,5818.63232421875
36416,5738.33251953125
36417,7968.591796875
36418,4773.0244140625
36419,6682.7744140625
36420,7995.33984375
36421,7713.60791015625
36422,7944.4521484375
36423,4032.98974609375
36424,5107.3525390625
36425,6961.283203125
36426,9459.7353515625
36427,8481.3388671875
36428,7423.94287109375
36429,4147.5576171875
36430,7842.34521484375
36431,6362.0498046875
36432,4686.70361328125
36433,7508.0068359375
36434,7785.1181640625
36435,6645.65283203125
36436,7164.0908203125
36437,6454.470703125
36438,7237.40478515625
36439,5556.46728515625
36440,6690.2744140625
36441,6830.169921875
36442,6868.7568359375
36443,10224.439453125
36444,5671.4033203125
36445,4896.474609375
36446,12136.669921875
36447,6228.17431640625
36448,4669.5146484375
36449,7798.75341796875
36450,8911.0302734375
36451,12337.283203125
36452,5093.4375
36453,6435.10009765625
36454,6237.369140625
36455,7027.625
36456,6573.501953125
36457,8378.990234375
36458,5056.185546875
36459,6682.60205078125
36460,7389.6123046875
36461,5800.14599609375
36462,5289.79736328125
36463,6629.9013671875
36464,8026.76123046875
36465,6082.39013671875
36466,8735.9990234375
36467,8234.0263671875
36468,8990.5888671875
36469,6355.60791015625
36470,7440.71337890625
36471,7051.73876953125
36472,8821.0517578125
36473,6976.556640625
36474,5220.759765625
36475,9336.2548828125
36476,8201.8212890625
36477,7602.236328125
36478,4980.38232421875
36479,4838.45849609375
36480,8669.078125
36481,7035.0
36482,8946.7900390625
36483,7162.6220703125
36484,6086.87060546875
36485,9130.1455078125
36486,6198.4453125
36487,7608.35205078125
36488,8099.5732421875
36489,6309.69873046875
36490,10125.5830078125
36491,10651.708984375
36492,8214.7197265625
36493,4870.21875
36494,6380.697265625
36495,4466.61767578125
36496,2943.128662109375
36497,8090.8515625
36498,5960.322265625
36499,8882.462890625
36500,4939.75341796875
36501,6409.23388671875
36502,6322.53564453125
36503,9517.21484375
36504,5227.2099609375
36505,4988.255859375
36506,5797.19384765625
36507,7115.89697265625
36508,5468.30517578125
36509,7654.85302734375
36510,8357.1328125
36511,8850.5380859375
36512,8735.427734375
36513,7440.2470703125
36514,6446.65185546875
36515,5428.46142578125
36516,5995.8505859375
36517,9844.66796875
36518,9972.177734375
36519,11035.2724609375
36520,14737.5673828125
36521,7110.826171875
36522,6504.05712890625
36523,6605.39208984375
36524,8825.38671875
36525,10416.4765625
36526,7611.8994140625
36527,8480.3095703125
36528,8360.83203125
36529,6848.96240234375
36530,7155.7265625
36531,5996.3232421875
36532,5494.0625
36533,4989.0380859375
36534,4002.318115234375
36535,5581.85986328125
36536,8689.046875
36537,17348.001953125
36538,7028.814453125
36539,5900.86474609375
36540,8890.3046875
36541,4634.654296875
36542,6765.2109375
36543,4706.6044921875
36544,9650.5869140625
36545,6993.8447265625
36546,6666.87744140625
36547,13368.03515625
36548,11112.4912109375
36549,6479.6787109375
36550,7148.12353515625
36551,3955.64453125
36552,5367.37939453125
36553,6646.89453125
36554,8980.5390625
36555,4691.04345703125
36556,5487.80419921875
36557,4740.5185546875
36558,6156.69873046875
36559,7764.6318359375
36560,7746.77783203125
36561,3965.62744140625
36562,8091.4658203125
36563,8733.6845703125
36564,8121.62060546875
36565,5625.28076171875
36566,4935.6826171875
36567,8813.0244140625
36568,4301.09130859375
36569,9735.32421875
36570,4964.193359375
36571,6484.35498046875
36572,7590.75732421875
36573,6900.6943359375
36574,6184.4580078125
36575,6567.73779296875
36576,7736.4453125
36577,8713.4775390625
36578,10279.623046875
36579,6229.27294921875
36580,5513.904296875
36581,5921.5087890625
36582,6309.55126953125
36583,5063.58984375
36584,7345.2958984375
36585,6304.3876953125
36586,11369.236328125
36587,9093.8349609375
36588,6808.033203125
36589,7916.9375
36590,5933.40478515625
36591,9454.2685546875
36592,6331.39599609375
36593,13401.62109375
36594,7520.11376953125
36595,6447.71728515625
36596,5075.37451171875
36597,3993.036865234375
36598,7322.6767578125
36599,19434.142578125
36600,3994.96533203125
36601,5106.47412109375
36602,10311.9189453125
36603,7481.39013671875
36604,7508.64013671875
36605,8955.853515625
36606,6360.22900390625
36607,5605.912109375
36608,4734.77099609375
36609,10663.3232421875
36610,6375.61865234375
36611,7836.6767578125
36612,8125.64697265625
36613,5278.556640625
36614,8287.6630859375
36615,6083.55859375
36616,4625.39306640625
36617,9124.1767578125
36618,10028.8681640625
36619,4454.14306640625
36620,8248.583984375
36621,8006.765625
36622,6034.564453125
36623,9870.80859375
36624,7067.80078125
36625,7471.85595703125
36626,4843.642578125
36627,5812.9970703125
36628,7353.64990234375
36629,5215.1572265625
36630,8588.0810546875
36631,5183.50341796875
36632,6166.9833984375
36633,4539.75439453125
36634,7154.12890625
36635,6007.7451171875
36636,7607.861328125
36637,8135.85498046875
36638,8084.220703125
36639,6542.3955078125
36640,7075.46826171875
36641,6393.59375
36642,8598.5888671875
36643,10161.322265625
36644,8498.1806640625
36645,3972.560546875
36646,6275.27587890625
36647,7963.19140625
36648,3663.68408203125
36649,11501.3369140625
36650,5490.5537109375
36651,8937.1201171875
36652,10946.818359375
36653,6699.03076171875
36654,4753.9072265625
36655,11640.3740234375
36656,10308.814453125
36657,5974.7978515625
36658,9245.3134765625
36659,10268.224609375
36660,6367.8251953125
36661,6444.701171875
36662,6959.68359375
36663,5775.4541015625
36664,5062.0048828125
36665,6950.767578125
36666,4822.95751953125
36667,7276.45263671875
36668,7660.615234375
36669,6450.064453125
36670,8355.93359375
36671,6085.9619140625
36672,7010.95263671875
36673,6347.5517578125
36674,8255.662109375
36675,6794.103515625
36676,6484.638671875
36677,8133.482421875
36678,7703.08984375
36679,8654.74609375
36680,5767.83935546875
36681,5312.62060546875
36682,7090.0498046875
36683,7491.7041015625
36684,7842.63037109375
36685,4455.9892578125
36686,4809.85595703125
36687,7515.69970703125
36688,7924.5791015625
36689,6417.6123046875
36690,8093.0478515625
36691,6023.38232421875
36692,7641.40771484375
36693,5471.5048828125
36694,3823.469970703125
36695,7781.99072265625
36696,6481.85986328125
36697,6754.98388671875
36698,10013.0625
36699,8606.4462890625
36700,4530.12841796875
36701,8308.7451171875
36702,4401.15576171875
36703,3822.0927734375
36704,7521.72802734375
36705,10709.5830078125
36706,8319.404296875
36707,7101.44775390625
36708,4911.771484375
36709,6119.03466796875
36710,8819.1025390625
36711,7310.986328125
36712,7370.56494140625
36713,5300.58642578125
36714,6122.962890625
36715,5483.29736328125
36716,5427.291015625
36717,4951.244140625
36718,5490.14306640625
36719,6077.42333984375
36720,4509.4560546875
36721,7435.46875
36722,7555.5380859375
36723,5848.09130859375
36724,6458.775390625
36725,7444.8232421875
36726,5794.783203125
36727,7751.24755859375
36728,9555.8076171875
36729,7262.833984375
36730,6157.978515625
36731,4064.858154296875
36732,11877.970703125
36733,6867.2431640625
36734,5938.654296875
36735,8408.6181640625
36736,7879.12646484375
36737,7470.74853515625
36738,6532.72607421875
36739,6981.583984375
36740,9338.8037109375
36741,11277.5439453125
36742,5315.24755859375
36743,5742.10107421875
36744,5404.97216796875
36745,7089.83740234375
36746,6693.1533203125
36747,8239.9326171875
36748,9327.9306640625
36749,5811.04052734375
36750,3628.848876953125
36751,7021.8408203125
36752,12757.189453125
36753,4753.44287109375
36754,8611.1806640625
36755,5781.99951171875
36756,7754.05029296875
36757,9322.30859375
36758,7082.65380859375
36759,8411.5615234375
36760,7176.63232421875
36761,4740.0439453125
36762,6869.02685546875
36763,7456.02197265625
36764,9136.609375
36765,7197.43017578125
36766,8287.09765625
36767,7083.7978515625
36768,4251.525390625
36769,10098.0390625
36770,4381.88330078125
36771,8769.525390625
36772,6884.24951171875
36773,4586.2568359375
36774,7726.32080078125
36775,6778.85107421875
36776,7490.08544921875
36777,8542.091796875
36778,4847.57958984375
36779,4488.7802734375
36780,8471.4609375
36781,9429.64453125
36782,9695.3955078125
36783,5884.5537109375
36784,6241.07763671875
36785,7712.39013671875
36786,7849.625
36787,5166.740234375
36788,9764.8486328125
36789,8816.4130859375
36790,11153.8642578125
36791,4602.7294921875
36792,6055.78955078125
36793,10440.9990234375
36794,10774.1982421875
36795,5092.8505859375
36796,9525.888671875
36797,6658.65185546875
36798,6288.78759765625
36799,5590.5078125
36800,6780.00634765625
36801,5633.2333984375
36802,6196.94189453125
36803,5109.74169921875
36804,6506.9013671875
36805,8843.4375
36806,7734.56396484375
36807,24213.205078125
36808,7116.4404296875
36809,5061.0859375
36810,8243.6181640625
36811,11537.11328125
36812,6597.6845703125
36813,7375.67529296875
36814,5808.86669921875
36815,8947.3076171875
36816,8718.1904296875
36817,7525.21435546875
36818,5476.8291015625
36819,7189.68408203125
36820,8534.021484375
36821,7501.15576171875
36822,9121.98046875
36823,6412.7421875
36824,4934.150390625
36825,7977.16650390625
36826,10981.1103515625
36827,11905.7021484375
36828,10387.8447265625
36829,8033.30615234375
36830,5378.423828125
36831,6179.853515625
36832,5440.263671875
36833,8893.87890625
36834,11612.4326171875
36835,10139.2578125
36836,6409.98388671875
36837,6928.81494140625
36838,6190.64111328125
36839,6014.5478515625
36840,12190.4775390625
36841,7394.1083984375
36842,5142.9169921875
36843,5439.45263671875
36844,8095.10009765625
36845,3598.714599609375
36846,8242.986328125
36847,5262.89404296875
36848,7327.15380859375
36849,7309.70703125
36850,6681.162109375
36851,8302.5927734375
36852,7392.6298828125
36853,7267.99169921875
36854,7270.32666015625
36855,7689.64013671875
36856,11689.9990234375
36857,7305.86767578125
36858,8992.4912109375
36859,9076.63671875
36860,11283.4091796875
36861,7519.87353515625
36862,10961.2451171875
36863,5359.5546875
36864,5049.7744140625
36865,6985.20947265625
36866,6419.46484375
36867,9888.689453125
36868,8800.0126953125
36869,6096.9736328125
36870,7979.87158203125
36871,6740.86328125
36872,11672.6796875
36873,3979.570068359375
36874,14997.9931640625
36875,5002.21484375
36876,5961.75048828125
36877,9361.5068359375
36878,5860.13671875
36879,8585.2421875
36880,6407.59765625
36881,8294.095703125
36882,6543.44091796875
36883,5976.61669921875
36884,7992.74560546875
36885,7908.60791015625
36886,7875.546875
36887,5460.86865234375
36888,7492.70166015625
36889,11815.1083984375
36890,6918.712890625
36891,5866.57958984375
36892,7813.39404296875
36893,6462.17822265625
36894,6175.14208984375
36895,8404.21875
36896,3810.835205078125
36897,8442.7294921875
36898,7385.5791015625
36899,8399.48828125
36900,11955.1396484375
36901,4337.2392578125
36902,6960.14111328125
36903,6591.41650390625
36904,9719.2255859375
36905,9060.5068359375
36906,5835.115234375
36907,5373.2333984375
36908,7345.0654296875
36909,7052.17578125
36910,6533.16796875
36911,6341.8857421875
36912,7105.9306640625
36913,8430.5625
36914,5791.02392578125
36915,5276.01123046875
36916,7107.48583984375
36917,8354.8994140625
36918,9598.2998046875
36919,8135.42626953125
36920,8838.33203125
36921,6130.9736328125
36922,9537.142578125
36923,6562.4765625
36924,7065.7099609375
36925,9883.203125
36926,7189.12744140625
36927,10489.828125
36928,9575.3544921875
36929,7873.166015625
36930,6094.73291015625
36931,7172.98095703125
36932,9067.6650390625
36933,6518.9833984375
36934,4537.19921875
36935,6365.3525390625
36936,9139.8603515625
36937,6196.4375
36938,4913.56494140625
36939,8271.486328125
36940,6258.642578125
36941,6522.9697265625
36942,6385.01904296875
36943,5450.92919921875
36944,8125.73291015625
36945,7686.2822265625
36946,8717.5498046875
36947,6072.548828125
36948,6494.27099609375
36949,6715.4326171875
36950,3334.242431640625
36951,6505.3642578125
36952,6628.6953125
36953,9210.6025390625
36954,8053.63232421875
36955,6636.27490234375
36956,12420.83984375
36957,7385.70458984375
36958,5549.6982421875
36959,11122.826171875
36960,7328.548828125
36961,8867.013671875
36962,8315.388671875
36963,5946.9130859375
36964,7058.19091796875
36965,5505.697265625
36966,8528.9814453125
36967,12858.740234375
36968,7657.69921875
36969,5560.1572265625
36970,5756.47607421875
36971,8656.9736328125
36972,8759.216796875
36973,7259.04638671875
36974,7854.4013671875
36975,5014.83642578125
36976,4928.88720703125
36977,3630.9052734375
36978,5266.64892578125
36979,6537.2890625
36980,8221.2998046875
36981,6889.74609375
36982,6260.2197265625
36983,8509.845703125
36984,10029.8046875
36985,7178.1669921875
36986,6032.236328125
36987,10188.3544921875
36988,11436.5400390625
36989,6738.1533203125
36990,9421.0458984375
36991,5281.16552734375
36992,6656.146484375
36993,4683.00537109375
36994,7919.2734375
36995,6034.53369140625
36996,9799.244140625
36997,7579.30859375
36998,9005.501953125
36999,8654.7353515625
37000,5461.96923828125
37001,10156.78125
37002,20267.64453125
37003,11989.5068359375
37004,7271.279296875
37005,3136.53125
37006,7267.71337890625
37007,9761.55859375
37008,6517.54345703125
37009,12463.11328125
37010,19997.427734375
37011,5368.04345703125
37012,6440.4326171875
37013,9098.9541015625
37014,5663.45263671875
37015,8190.46826171875
37016,7332.35498046875
37017,8470.36328125
37018,5589.70458984375
37019,5861.62451171875
37020,6851.0986328125
37021,8308.9130859375
37022,9203.9189453125
37023,7736.67138671875
37024,6504.90234375
37025,7947.2177734375
37026,6481.337890625
37027,5535.7451171875
37028,8504.6875
37029,6564.5185546875
37030,6532.67431640625
37031,7852.98583984375
37032,6426.2646484375
37033,6519.00244140625
37034,8124.49658203125
37035,7653.03564453125
37036,9148.189453125
37037,10657.0146484375
37038,8980.251953125
37039,6171.56494140625
37040,4355.13525390625
37041,8072.75048828125
37042,7750.10986328125
37043,6138.82373046875
37044,5006.74365234375
37045,8758.046875
37046,7823.1982421875
37047,10153.515625
37048,7397.546875
37049,6285.984375
37050,5683.72265625
37051,5089.146484375
37052,10086.0634765625
37053,6389.8798828125
37054,9108.267578125
37055,16138.5400390625
37056,7785.0302734375
37057,5551.8427734375
37058,5589.96826171875
37059,5523.86474609375
37060,7608.88720703125
37061,3597.120361328125
37062,6722.91259765625
37063,10726.08203125
37064,5386.91162109375
37065,17157.46484375
37066,14738.306640625
37067,5514.24560546875
37068,7926.6494140625
37069,6171.17724609375
37070,7446.81005859375
37071,5837.134765625
37072,11729.369140625
37073,7424.90478515625
37074,10033.1328125
37075,5551.51708984375
37076,8158.36669921875
37077,5889.505859375
37078,9298.3583984375
37079,8034.47802734375
37080,6236.30224609375
37081,6960.626953125
37082,6164.50830078125
37083,8781.423828125
37084,10095.9365234375
37085,7046.4267578125
37086,10513.998046875
37087,6880.15771484375
37088,10739.328125
37089,6324.12451171875
37090,6689.93994140625
37091,6062.02490234375
37092,11069.1865234375
37093,6819.16259765625
37094,8282.056640625
37095,9318.880859375
37096,8100.09228515625
37097,5071.484375
37098,8744.744140625
37099,7589.8349609375
37100,4264.9755859375
37101,13699.4033203125
37102,17955.162109375
37103,7688.9501953125
37104,7771.8974609375
37105,11111.609375
37106,10698.9443359375
37107,12150.0234375
37108,5888.32275390625
37109,7746.00390625
37110,6556.19482421875
37111,8753.2431640625
37112,4283.3662109375
37113,7468.93994140625
37114,5889.77978515625
37115,6437.357421875
37116,7170.9716796875
37117,5820.86767578125
37118,5480.62646484375
37119,8520.0859375
37120,4590.08935546875
37121,5717.80517578125
37122,6371.15478515625
37123,8214.6298828125
37124,10287.9580078125
37125,9570.51953125
37126,8418.6787109375
37127,6937.49365234375
37128,6816.37939453125
37129,10776.48828125
37130,7809.220703125
37131,5604.22265625
37132,5373.55126953125
37133,12211.6748046875
37134,4298.04541015625
37135,7158.94921875
37136,3237.27685546875
37137,5965.5986328125
37138,8402.7802734375
37139,7806.97021484375
37140,6867.55078125
37141,9447.19921875
37142,10106.6337890625
37143,12578.951171875
37144,7045.22412109375
37145,10251.4541015625
37146,3126.83349609375
37147,5391.0419921875
37148,6660.5869140625
37149,6135.845703125
37150,9041.2255859375
37151,5982.3994140625
37152,5585.791015625
37153,9417.87890625
37154,12336.853515625
37155,9532.576171875
37156,6450.6640625
37157,5551.646484375
37158,14983.8955078125
37159,9841.9736328125
37160,6643.8955078125
37161,5865.79150390625
37162,7687.71484375
37163,10676.1689453125
37164,6377.841796875
37165,6401.28076171875
37166,8652.0888671875
37167,9429.8603515625
37168,13904.95703125
37169,7922.05078125
37170,12278.3974609375
37171,7674.02880859375
37172,5807.60205078125
37173,3285.60791015625
37174,7138.0654296875
37175,7298.69970703125
37176,5794.54541015625
37177,7471.962890625
37178,5362.00537109375
37179,5246.904296875
37180,7553.3359375
37181,3814.1474609375
37182,7660.375
37183,7288.77587890625
37184,8568.359375
37185,9145.833984375
37186,6234.77783203125
37187,10128.728515625
37188,6280.1533203125
37189,6647.6962890625
37190,5665.34033203125
37191,6585.2314453125
37192,11943.8388671875
37193,6943.51953125
37194,5848.34619140625
37195,8314.734375
37196,8890.6943359375
37197,8033.22705078125
37198,7821.435546875
37199,9337.4970703125
37200,6414.26220703125
37201,6183.6611328125
37202,6856.51806640625
37203,8691.7578125
37204,6318.69091796875
37205,6999.015625
37206,5979.31884765625
37207,6559.75830078125
37208,4959.24609375
37209,5765.103515625
37210,7588.6611328125
37211,9723.0458984375
37212,11269.8642578125
37213,12606.11328125
37214,8857.5869140625
37215,8644.0615234375
37216,4917.77294921875
37217,11249.8076171875
37218,11830.765625
37219,8738.3095703125
37220,8923.498046875
37221,8423.6455078125
37222,6355.82373046875
37223,4795.2060546875
37224,9123.0302734375
37225,7437.46728515625
37226,7452.6982421875
37227,6256.6123046875
37228,3380.03173828125
37229,12454.8134765625
37230,7387.35205078125
37231,6404.76025390625
37232,5013.6494140625
37233,5484.88623046875
37234,6709.93798828125
37235,9978.1923828125
37236,7158.52099609375
37237,6236.40185546875
37238,5442.29345703125
37239,5163.0439453125
37240,4299.34619140625
37241,7528.01708984375
37242,17417.484375
37243,5373.89697265625
37244,5984.50146484375
37245,7549.74853515625
37246,6305.57958984375
37247,5909.7451171875
37248,5391.82373046875
37249,4520.1611328125
37250,7715.69384765625
37251,7711.15869140625
37252,4588.63818359375
37253,9870.4111328125
37254,5885.01416015625
37255,5094.265625
37256,10954.693359375
37257,8659.9462890625
37258,10811.822265625
37259,6268.1171875
37260,7579.7841796875
37261,5723.27734375
37262,5133.30322265625
37263,14542.8701171875
37264,12382.6416015625
37265,6883.69677734375
37266,6073.61767578125
37267,4970.24658203125
37268,6346.8759765625
37269,4754.1767578125
37270,9770.119140625
37271,6530.15380859375
37272,5811.0185546875
37273,8181.708984375
37274,4891.53564453125
37275,6981.802734375
37276,8427.5712890625
37277,7529.05615234375
37278,7975.6611328125
37279,4283.8759765625
37280,5654.41845703125
37281,6543.53369140625
37282,9693.71875
37283,9063.2890625
37284,7548.53369140625
37285,4937.87939453125
37286,8618.2783203125
37287,7437.90185546875
37288,4717.107421875
37289,7487.83447265625
37290,7537.82275390625
37291,6694.09765625
37292,7474.7734375
37293,6905.30078125
37294,6705.0810546875
37295,5715.0791015625
37296,7133.7578125
37297,7165.8896484375
37298,7174.458984375
37299,9853.4677734375
37300,5711.41015625
37301,5287.69287109375
37302,12717.80859375
37303,6150.7705078125
37304,5171.646484375
37305,7935.53662109375
37306,9607.01171875
37307,13120.0107421875
37308,5027.85400390625
37309,6669.86328125
37310,6398.435546875
37311,7943.6171875
37312,5791.07421875
37313,8314.23828125
37314,4852.05712890625
37315,7686.58251953125
37316,7418.13818359375
37317,6022.345703125
37318,5391.24462890625
37319,7092.28515625
37320,8718.474609375
37321,6098.9033203125
37322,9781.4248046875
37323,8384.859375
37324,8864.0595703125
37325,6590.6904296875
37326,8125.09423828125
37327,7663.537109375
37328,8938.54296875
37329,8135.9912109375
37330,4616.0859375
37331,8709.2138671875
37332,8445.1904296875
37333,7967.64794921875
37334,5386.4541015625
37335,4922.58642578125
37336,8983.72265625
37337,7698.865234375
37338,9361.7900390625
37339,6948.96875
37340,6449.1552734375
37341,8045.568359375
37342,6704.68603515625
37343,7390.6328125
37344,8056.61279296875
37345,6528.79931640625
37346,9984.63671875
37347,11337.4736328125
37348,8398.1943359375
37349,4985.33642578125
37350,6623.6669921875
37351,4514.54541015625
37352,3787.3662109375
37353,8282.2353515625
37354,6054.49609375
37355,8910.607421875
37356,5115.61328125
37357,6573.15087890625
37358,6388.7978515625
37359,10880.591796875
37360,5558.3994140625
37361,5429.14111328125
37362,6479.54052734375
37363,7453.80078125
37364,4837.33349609375
37365,7819.54443359375
37366,8208.513671875
37367,9245.6064453125
37368,8619.984375
37369,7422.5654296875
37370,6032.59521484375
37371,5758.166015625
37372,6066.609375
37373,11494.1875
37374,10933.8603515625
37375,10810.287109375
37376,14887.7392578125
37377,7006.0048828125
37378,6435.42626953125
37379,6873.91845703125
37380,9009.107421875
37381,10719.74609375
37382,7970.1806640625
37383,8405.5693359375
37384,8631.6181640625
37385,7299.98828125
37386,7332.1796875
37387,5923.1552734375
37388,5700.77099609375
37389,5258.8798828125
37390,4059.96484375
37391,5996.2099609375
37392,8108.6005859375
37393,18211.67578125
37394,7046.10009765625
37395,5503.29541015625
37396,8817.2158203125
37397,4249.5712890625
37398,6206.7509765625
37399,5122.6884765625
37400,9988.4052734375
37401,7354.18017578125
37402,6871.05126953125
37403,13553.1943359375
37404,12324.33203125
37405,6866.8623046875
37406,7210.810546875
37407,4161.02001953125
37408,5822.53369140625
37409,6476.4794921875
37410,8686.30078125
37411,4907.64892578125
37412,5500.8564453125
37413,5467.720703125
37414,6235.93017578125
37415,7967.26171875
37416,7497.7783203125
37417,3885.826904296875
37418,8365.7880859375
37419,8749.7255859375
37420,8141.77197265625
37421,5928.154296875
37422,5493.75634765625
37423,8924.2958984375
37424,4817.45849609375
37425,10200.744140625
37426,5144.84326171875
37427,6348.9482421875
37428,7401.0087890625
37429,7154.44970703125
37430,5902.75732421875
37431,6769.857421875
37432,8279.5185546875
37433,9497.4697265625
37434,10876.40234375
37435,6602.9951171875
37436,4156.08251953125
37437,5808.88818359375
37438,6941.03759765625
37439,5010.5078125
37440,7496.18896484375
37441,6291.85791015625
37442,12209.7978515625
37443,9260.1982421875
37444,6705.09814453125
37445,8379.04296875
37446,6923.40625
37447,9337.1953125
37448,6606.5966796875
37449,14235.525390625
37450,7748.61328125
37451,6715.23876953125
37452,6349.25
37453,4358.962890625
37454,7774.15625
37455,19732.591796875
37456,4965.744140625
37457,5400.07861328125
37458,10259.875
37459,7132.72412109375
37460,8133.650390625
37461,9180.9111328125
37462,7089.81787109375
37463,5839.0009765625
37464,4587.0556640625
37465,11164.919921875
37466,7135.43505859375
37467,8055.9765625
37468,8605.630859375
37469,5514.3330078125
37470,8931.7509765625
37471,7869.50146484375
37472,4603.044921875
37473,9859.185546875
37474,9889.275390625
37475,5194.3037109375
37476,8034.5361328125
37477,7677.68017578125
37478,6056.2314453125
37479,9773.525390625
37480,6964.12060546875
37481,7349.1240234375
37482,4753.31884765625
37483,5561.83056640625
37484,8434.6845703125
37485,4020.48876953125
37486,8654.1494140625
37487,4700.93017578125
37488,6035.27392578125
37489,4752.6953125
37490,7326.1044921875
37491,6477.96826171875
37492,7543.166015625
37493,8245.177734375
37494,8385.162109375
37495,7140.01318359375
37496,8435.0830078125
37497,7314.0810546875
37498,10110.5966796875
37499,10212.572265625
37500,8578.888671875
37501,4190.26904296875
37502,6647.9501953125
37503,7448.0712890625
37504,4810.1787109375
37505,12198.9384765625
37506,5580.0166015625
37507,9228.54296875
37508,12221.310546875
37509,7373.81884765625
37510,5423.2939453125
37511,12735.548828125
37512,10934.8955078125
37513,6163.90673828125
37514,10475.5810546875
37515,10076.603515625
37516,6375.76806640625
37517,6850.04736328125
37518,7220.49609375
37519,6580.3681640625
37520,5735.8212890625
37521,6935.294921875
37522,5155.9072265625
37523,8255.5244140625
37524,7939.97314453125
37525,7331.71142578125
37526,8869.2451171875
37527,6272.8896484375
37528,7449.1572265625
37529,6028.73193359375
37530,8768.220703125
37531,7322.97998046875
37532,6423.6376953125
37533,9484.2431640625
37534,7969.560546875
37535,8609.8330078125
37536,6044.70654296875
37537,5920.798828125
37538,7093.21240234375
37539,7833.56689453125
37540,8433.880859375
37541,4791.69775390625
37542,5061.40185546875
37543,8988.06640625
37544,7694.2080078125
37545,6129.998046875
37546,8252.4716796875
37547,6754.1611328125
37548,8829.666015625
37549,5477.6015625
37550,3298.968505859375
37551,7654.03564453125
37552,6970.529296875
37553,6872.84716796875
37554,9442.0732421875
37555,10307.583984375
37556,4592.7255859375
37557,7371.96630859375
37558,4720.2392578125
37559,4096.65625
37560,7831.73974609375
37561,11976.107421875
37562,8117.28515625
37563,7496.89453125
37564,5202.4833984375
37565,6425.48779296875
37566,8833.0625
37567,7853.0732421875
37568,7282.6064453125
37569,5551.4453125
37570,5764.58837890625
37571,5951.62451171875
37572,5514.21728515625
37573,5213.068359375
37574,6111.04736328125
37575,5645.76953125
37576,5324.869140625
37577,8023.75146484375
37578,7829.833984375
37579,6129.54248046875
37580,6450.7724609375
37581,7350.640625
37582,6196.84033203125
37583,7847.3798828125
37584,8855.6943359375
37585,7894.6162109375
37586,6561.1728515625
37587,4592.23681640625
37588,11227.671875
37589,7323.2783203125
37590,6658.564453125
37591,8550.2314453125
37592,8860.1875
37593,7930.9990234375
37594,6276.89794921875
37595,7395.33251953125
37596,10353.162109375
37597,13445.7734375
37598,5296.85205078125
37599,5576.00341796875
37600,5096.314453125
37601,6942.1748046875
37602,5992.45703125
37603,9800.23046875
37604,9499.3837890625
37605,6233.255859375
37606,4331.98974609375
37607,6497.88720703125
37608,11559.615234375
37609,5179.28662109375
37610,8749.0
37611,5950.470703125
37612,7816.64111328125
37613,9484.0625
37614,7666.1025390625
37615,9448.02734375
37616,7757.0986328125
37617,5215.36083984375
37618,6158.08056640625
37619,8404.3701171875
37620,8952.775390625
37621,7524.93408203125
37622,8237.912109375
37623,6846.35693359375
37624,4573.421875
37625,10604.4296875
37626,4666.1484375
37627,9530.109375
37628,6854.65380859375
37629,5001.03125
37630,7349.97607421875
37631,6704.61572265625
37632,7979.9736328125
37633,9086.5888671875
37634,4395.45361328125
37635,4738.322265625
37636,8484.6669921875
37637,10427.85546875
37638,10464.388671875
37639,6527.9921875
37640,6503.40625
37641,7800.9599609375
37642,7353.0986328125
37643,5880.27001953125
37644,10166.0712890625
37645,9000.87109375
37646,12256.5478515625
37647,4520.05224609375
37648,6654.85205078125
37649,10014.8310546875
37650,9938.5654296875
37651,6436.49267578125
37652,9338.4541015625
37653,7100.068359375
37654,6656.25048828125
37655,5978.66845703125
37656,7242.3544921875
37657,5650.34765625
37658,7066.21044921875
37659,5871.56298828125
37660,7357.9677734375
37661,10178.4765625
37662,7677.91064453125
37663,25911.5
37664,7313.88720703125
37665,5462.23486328125
37666,8766.2490234375
37667,12856.6201171875
37668,7251.91162109375
37669,7874.80224609375
37670,6471.166015625
37671,8716.7001953125
37672,8465.5791015625
37673,5768.34326171875
37674,5602.54052734375
37675,7235.73583984375
37676,8740.8857421875
37677,7786.84423828125
37678,9257.451171875
37679,6862.4521484375
37680,4954.24658203125
37681,7152.73974609375
37682,11113.3173828125
37683,11114.18359375
37684,10422.15625
37685,8398.1728515625
37686,5866.8369140625
37687,6410.45068359375
37688,4872.07861328125
37689,8353.7080078125
37690,12251.619140625
37691,8974.1259765625
37692,6239.16845703125
37693,7088.16943359375
37694,5797.18896484375
37695,5766.90869140625
37696,10940.54296875
37697,7450.03759765625
37698,5173.14501953125
37699,5471.94140625
37700,7349.02685546875
37701,3291.976806640625
37702,7989.482421875
37703,4958.62646484375
37704,6774.77880859375
37705,7281.15380859375
37706,6377.4921875
37707,8061.8310546875
37708,7750.15087890625
37709,6683.51806640625
37710,7593.7529296875
37711,8116.361328125
37712,12248.0380859375
37713,6987.76904296875
37714,9198.505859375
37715,7413.7099609375
37716,11198.6904296875
37717,8161.576171875
37718,10631.6943359375
37719,5126.4814453125
37720,5155.6748046875
37721,6773.5322265625
37722,6318.80908203125
37723,10238.5361328125
37724,8767.7685546875
37725,6450.48291015625
37726,8939.767578125
37727,6517.611328125
37728,12042.478515625
37729,3998.19384765625
37730,14743.1328125
37731,4572.81640625
37732,6428.03564453125
37733,9179.5244140625
37734,6081.68505859375
37735,8342.8759765625
37736,5994.69775390625
37737,7853.9228515625
37738,5375.982421875
37739,5608.69189453125
37740,7958.1455078125
37741,8928.1201171875
37742,8069.66845703125
37743,5245.8115234375
37744,7390.82568359375
37745,12255.1806640625
37746,6740.9189453125
37747,6004.79248046875
37748,7685.5947265625
37749,5930.8984375
37750,6341.1962890625
37751,8168.12841796875
37752,4188.7705078125
37753,8710.8818359375
37754,7234.65625
37755,8115.216796875
37756,11620.048828125
37757,4193.505859375
37758,6925.33349609375
37759,6587.7041015625
37760,10151.19921875
37761,9569.8916015625
37762,5120.95361328125
37763,4440.41943359375
37764,7596.3671875
37765,6659.70068359375
37766,5813.330078125
37767,5583.4970703125
37768,7047.1806640625
37769,8121.62255859375
37770,6516.69189453125
37771,4656.43603515625
37772,8317.4814453125
37773,7633.6689453125
37774,9317.1416015625
37775,8296.638671875
37776,8815.765625
37777,6436.46240234375
37778,9503.521484375
37779,6150.44921875
37780,6874.07958984375
37781,9086.2197265625
37782,7481.3076171875
37783,11464.203125
37784,8993.1875
37785,8710.8330078125
37786,6468.55615234375
37787,7671.18603515625
37788,8727.7216796875
37789,6967.25244140625
37790,3499.302978515625
37791,6440.20068359375
37792,9331.2744140625
37793,6525.26025390625
37794,4636.19580078125
37795,8900.7744140625
37796,6109.26806640625
37797,6199.708984375
37798,6400.453125
37799,5491.26416015625
37800,8823.962890625
37801,7808.57421875
37802,9091.9931640625
37803,6814.3896484375
37804,8048.45458984375
37805,7249.11572265625
37806,3864.712158203125
37807,8079.05322265625
37808,7026.81298828125
37809,9601.3193359375
37810,8363.00390625
37811,6624.48779296875
37812,12830.685546875
37813,6942.70458984375
37814,5688.8115234375
37815,11754.408203125
37816,7301.54541015625
37817,9299.4619140625
37818,8087.0927734375
37819,5519.97216796875
37820,6898.921875
37821,5912.46142578125
37822,8705.5498046875
37823,13682.2900390625
37824,7718.94091796875
37825,4782.896484375
37826,4213.77197265625
37827,9622.5419921875
37828,9027.7861328125
37829,8300.8388671875
37830,8061.27978515625
37831,4934.96044921875
37832,5784.84521484375
37833,3256.07763671875
37834,5863.974609375
37835,6942.7001953125
37836,7936.9267578125
37837,7344.7138671875
37838,6362.392578125
37839,9080.552734375
37840,10516.3408203125
37841,7404.14501953125
37842,6204.4892578125
37843,10672.4287109375
37844,12644.623046875
37845,6849.78515625
37846,8829.619140625
37847,5740.24658203125
37848,7225.88134765625
37849,5101.0263671875
37850,7741.01904296875
37851,6107.83447265625
37852,10039.80859375
37853,7702.56201171875
37854,9912.78125
37855,8701.763671875
37856,5870.71337890625
37857,11126.2255859375
37858,20492.91015625
37859,12983.6123046875
37860,7068.14599609375
37861,3181.385498046875
37862,8321.48828125
37863,10012.7509765625
37864,6621.2783203125
37865,12776.525390625
37866,19576.880859375
37867,4852.43896484375
37868,6550.12841796875
37869,9814.28125
37870,5194.49169921875
37871,8545.7734375
37872,6976.666015625
37873,9026.734375
37874,5551.58544921875
37875,6612.03173828125
37876,7225.51318359375
37877,8547.5078125
37878,10630.35546875
37879,7346.482421875
37880,6946.41845703125
37881,7716.06591796875
37882,6840.7109375
37883,5567.35693359375
37884,8496.146484375
37885,6486.52001953125
37886,6839.2001953125
37887,8667.6240234375
37888,7190.5234375
37889,7306.728515625
37890,8199.95703125
37891,8345.287109375
37892,8472.7763671875
37893,10821.083984375
37894,9361.6650390625
37895,5618.49072265625
37896,4637.76806640625
37897,7391.31201171875
37898,8102.69091796875
37899,6374.04052734375
37900,4998.40673828125
37901,9089.291015625
37902,8439.986328125
37903,10203.0751953125
37904,8013.18505859375
37905,6153.52001953125
37906,6022.61962890625
37907,5026.53369140625
37908,11000.6455078125
37909,5871.93896484375
37910,8549.5244140625
37911,17304.390625
37912,7618.7763671875
37913,6270.93359375
37914,5437.107421875
37915,5657.9873046875
37916,8072.2021484375
37917,3662.09765625
37918,5906.17626953125
37919,11682.7666015625
37920,5422.48828125
37921,17610.2890625
37922,15290.4248046875
37923,5191.02880859375
37924,7507.01611328125
37925,6942.2998046875
37926,8029.7783203125
37927,6319.55615234375
37928,11644.859375
37929,6923.23876953125
37930,10951.484375
37931,5842.5810546875
37932,8635.8388671875
37933,5983.94873046875
37934,8886.986328125
37935,7957.576171875
37936,5963.7666015625
37937,6984.60888671875
37938,5797.86669921875
37939,9687.0146484375
37940,10641.1083984375
37941,7225.623046875
37942,10759.4384765625
37943,6762.50439453125
37944,10489.9326171875
37945,5850.734375
37946,6538.73681640625
37947,6084.10986328125
37948,10983.375
37949,6872.00439453125
37950,8734.79296875
37951,8807.3857421875
37952,7977.91259765625
37953,5573.69970703125
37954,10858.666015625
37955,7965.8603515625
37956,4546.67041015625
37957,13557.28125
37958,17009.947265625
37959,7632.59716796875
37960,7688.1923828125
37961,11537.712890625
37962,11146.8115234375
37963,12400.0087890625
37964,6165.255859375
37965,7976.92578125
37966,6574.125
37967,8927.3857421875
37968,4311.86474609375
37969,8038.01025390625
37970,5882.4638671875
37971,6171.5009765625
37972,7029.76611328125
37973,5836.88037109375
37974,5083.90576171875
37975,8332.2021484375
37976,4455.265625
37977,5142.37744140625
37978,7060.35205078125
37979,7986.75048828125
37980,10308.9384765625
37981,10107.9169921875
37982,8882.859375
37983,6966.23681640625
37984,6968.4365234375
37985,11884.7080078125
37986,7746.029296875
37987,6049.92822265625
37988,5106.96484375
37989,12320.3330078125
37990,4529.2646484375
37991,7229.7939453125
37992,3344.019775390625
37993,5872.8896484375
37994,9070.927734375
37995,8050.453125
37996,6348.63134765625
37997,9380.2529296875
37998,10328.4970703125
37999,12386.853515625
38000,7507.39990234375
38001,9838.1923828125
38002,3019.2353515625
38003,5180.39990234375
38004,6970.076171875
38005,5705.7470703125
38006,8964.015625
38007,6733.0849609375
38008,5780.60107421875
38009,9451.8330078125
38010,12780.9365234375
38011,9311.33984375
38012,6723.4248046875
38013,5973.0791015625
38014,15203.1923828125
38015,9182.0380859375
38016,7387.359375
38017,6294.8779296875
38018,8135.3681640625
38019,11934.6083984375
38020,5511.85302734375
38021,6509.58837890625
38022,9104.544921875
38023,9311.9970703125
38024,15239.201171875
38025,8167.36962890625
38026,12655.4052734375
38027,7031.9462890625
38028,5690.9384765625
38029,3145.259765625
38030,7076.79052734375
38031,6991.228515625
38032,6460.37841796875
38033,7262.16943359375
38034,5757.6181640625
38035,5588.029296875
38036,7743.25634765625
38037,5067.4287109375
38038,7557.25830078125
38039,7798.36474609375
38040,8604.119140625
38041,10105.322265625
38042,6083.58447265625
38043,10229.794921875
38044,6017.73779296875
38045,6536.87353515625
38046,5842.763671875
38047,5485.9404296875
38048,11702.146484375
38049,7102.99267578125
38050,5492.64111328125
38051,6437.8525390625
38052,8830.0224609375
38053,8420.9169921875
38054,7739.39404296875
38055,9434.6240234375
38056,6141.26708984375
38057,6493.00390625
38058,7115.17529296875
38059,9094.2763671875
38060,6732.884765625
38061,7439.0830078125
38062,5677.04052734375
38063,5877.07763671875
38064,5248.53076171875
38065,5307.40869140625
38066,8297.5732421875
38067,10631.4697265625
38068,12099.291015625
38069,12912.298828125
38070,9316.361328125
38071,9264.626953125
38072,4964.900390625
38073,11453.4423828125
38074,11751.6435546875
38075,8785.8974609375
38076,8917.6455078125
38077,10589.5615234375
38078,6738.35693359375
38079,5270.29638671875
38080,9315.521484375
38081,7935.0263671875
38082,8289.8818359375
38083,6659.68603515625
38084,3263.060791015625
38085,12135.134765625
38086,7018.35791015625
38087,7179.60498046875
38088,4671.140625
38089,5493.5498046875
38090,7799.74609375
38091,10020.5576171875
38092,7412.595703125
38093,5883.38134765625
38094,4911.71240234375
38095,4919.50634765625
38096,4697.63525390625
38097,8089.3935546875
38098,17926.5859375
38099,5522.85302734375
38100,6255.73681640625
38101,8409.9873046875
38102,5656.30029296875
38103,5467.18017578125
38104,5535.8056640625
38105,4881.72705078125
38106,7978.240234375
38107,7209.14599609375
38108,4633.4755859375
38109,10552.5888671875
38110,6110.60205078125
38111,5205.86328125
38112,11226.8388671875
38113,9072.40625
38114,11130.1259765625
38115,6745.9716796875
38116,7683.978515625
38117,5777.65673828125
38118,5447.87646484375
38119,14092.7919921875
38120,10526.529296875
38121,7357.46240234375
38122,6429.15869140625
38123,5104.49462890625
38124,6511.22314453125
38125,5104.99560546875
38126,10712.96875
38127,6560.1611328125
38128,6202.04638671875
38129,8392.5595703125
38130,4705.994140625
38131,7273.64599609375
38132,8619.9970703125
38133,7465.24609375
38134,7556.92822265625
38135,4694.5234375
38136,5996.97607421875
38137,6539.38330078125
38138,10484.2041015625
38139,9177.4052734375
38140,7983.53662109375
38141,4494.384765625
38142,8038.1943359375
38143,6907.21484375
38144,4405.86376953125
38145,7679.09033203125
38146,8035.30419921875
38147,7005.73486328125
38148,8286.8046875
38149,7109.33740234375
38150,7262.44384765625
38151,6116.98046875
38152,7005.8974609375
38153,6340.52490234375
38154,7834.986328125
38155,10531.076171875
38156,6320.55126953125
38157,5323.6796875
38158,13325.4033203125
38159,6222.6875
38160,5189.14990234375
38161,7985.66259765625
38162,9291.2861328125
38163,13650.9775390625
38164,5138.759765625
38165,6802.16064453125
38166,6069.93017578125
38167,7429.34814453125
38168,6439.8955078125
38169,8517.71484375
38170,4112.6689453125
38171,7312.8857421875
38172,7534.93017578125
38173,6170.7861328125
38174,5345.9853515625
38175,7201.294921875
38176,9714.087890625
38177,6826.24755859375
38178,9670.5927734375
38179,9176.8173828125
38180,9510.583984375
38181,6138.77880859375
38182,8087.49853515625
38183,8452.34375
38184,9154.7607421875
38185,8222.7919921875
38186,4710.81298828125
38187,9235.6484375
38188,8039.7822265625
38189,8159.09375
38190,5616.033203125
38191,5126.84423828125
38192,9887.61328125
38193,7606.2041015625
38194,10050.7236328125
38195,7145.00439453125
38196,7010.35595703125
38197,9006.7060546875
38198,7675.86767578125
38199,8067.37353515625
38200,8802.7431640625
38201,6412.6025390625
38202,10354.0166015625
38203,11591.2841796875
38204,8876.9892578125
38205,6080.99462890625
38206,6882.9560546875
38207,4084.17333984375
38208,3909.208740234375
38209,8915.166015625
38210,6177.96044921875
38211,10384.294921875
38212,5363.0439453125
38213,6200.04345703125
38214,6749.02001953125
38215,9867.0908203125
38216,5701.6123046875
38217,5630.5751953125
38218,6618.5634765625
38219,7256.2509765625
38220,5475.4892578125
38221,7926.5009765625
38222,7749.39306640625
38223,9270.9150390625
38224,8671.74609375
38225,8242.705078125
38226,6686.29931640625
38227,5782.037109375
38228,5692.8427734375
38229,11647.7802734375
38230,9854.85546875
38231,11181.375
38232,15542.001953125
38233,7484.13720703125
38234,6570.36328125
38235,7800.8154296875
38236,9686.7080078125
38237,10832.6015625
38238,8169.55908203125
38239,9493.9853515625
38240,9184.2099609375
38241,7201.203125
38242,7557.16259765625
38243,6213.14697265625
38244,6189.8955078125
38245,5531.66455078125
38246,4051.145751953125
38247,6265.548828125
38248,8801.1455078125
38249,18423.912109375
38250,7813.44091796875
38251,5830.75439453125
38252,10312.57421875
38253,4570.6708984375
38254,6373.11962890625
38255,4622.19775390625
38256,9564.7919921875
38257,6764.98193359375
38258,7068.78857421875
38259,14189.5576171875
38260,12598.5185546875
38261,7613.26513671875
38262,7236.15283203125
38263,3522.22119140625
38264,5345.4775390625
38265,6655.39306640625
38266,9161.2568359375
38267,5264.458984375
38268,5427.12939453125
38269,6129.67724609375
38270,6394.14208984375
38271,8358.9091796875
38272,7835.3837890625
38273,3948.18701171875
38274,8663.5126953125
38275,9916.283203125
38276,7585.38720703125
38277,6463.3251953125
38278,5595.5166015625
38279,9882.7099609375
38280,5002.14208984375
38281,10594.0361328125
38282,4975.162109375
38283,6857.41796875
38284,7108.8427734375
38285,6995.97021484375
38286,5894.990234375
38287,6667.13818359375
38288,8336.6240234375
38289,9311.2529296875
38290,11188.7763671875
38291,6112.462890625
38292,4487.392578125
38293,5542.79052734375
38294,7065.3837890625
38295,5092.71630859375
38296,7609.19677734375
38297,6275.26953125
38298,12558.2880859375
38299,8987.4453125
38300,6956.10302734375
38301,8391.970703125
38302,7210.5
38303,9894.59765625
38304,6529.48291015625
38305,15863.953125
38306,7558.162109375
38307,6263.25634765625
38308,5245.38037109375
38309,4243.8349609375
38310,7479.193359375
38311,17647.298828125
38312,4180.74658203125
38313,5431.9931640625
38314,10073.916015625
38315,7758.806640625
38316,8315.4951171875
38317,9126.9580078125
38318,7564.17333984375
38319,5876.94091796875
38320,5206.50048828125
38321,11751.8505859375
38322,6815.8837890625
38323,8121.02001953125
38324,8863.3994140625
38325,5531.111328125
38326,9293.828125
38327,7609.46435546875
38328,4530.9775390625
38329,10081.37890625
38330,10846.06640625
38331,4553.8671875
38332,8302.3427734375
38333,7603.82421875
38334,6154.86572265625
38335,9563.8740234375
38336,6897.58349609375
38337,7796.67626953125
38338,5157.20751953125
38339,5997.8427734375
38340,8000.87646484375
38341,3775.97119140625
38342,9197.939453125
38343,5490.6416015625
38344,6884.6083984375
38345,4976.17138671875
38346,7638.93603515625
38347,6220.03173828125
38348,7806.33740234375
38349,7866.73876953125
38350,8143.2939453125
38351,6974.5029296875
38352,8308.84375
38353,7443.77294921875
38354,10279.3349609375
38355,10345.75
38356,8960.736328125
38357,3291.77587890625
38358,7434.361328125
38359,8445.298828125
38360,4298.07080078125
38361,11752.005859375
38362,5542.15576171875
38363,9641.7041015625
38364,12548.373046875
38365,7338.6591796875
38366,4502.5830078125
38367,12739.515625
38368,10654.94921875
38369,6174.7041015625
38370,10629.353515625
38371,10911.3828125
38372,6050.43408203125
38373,7383.42919921875
38374,7613.88232421875
38375,6097.5810546875
38376,5739.70654296875
38377,7460.32275390625
38378,5052.7900390625
38379,7601.439453125
38380,7179.4384765625
38381,7706.56982421875
38382,9449.7333984375
38383,6752.43603515625
38384,7797.25439453125
38385,6382.560546875
38386,8613.935546875
38387,7901.66650390625
38388,6755.6923828125
38389,9671.515625
38390,8331.2451171875
38391,9521.875
38392,6462.529296875
38393,6273.04931640625
38394,7610.6533203125
38395,7589.8134765625
38396,9244.3759765625
38397,4729.2421875
38398,5197.0849609375
38399,7341.93798828125
38400,7736.79638671875
38401,7274.00439453125
38402,8653.478515625
38403,6537.185546875
38404,8297.21484375
38405,5740.2998046875
38406,2541.28125
38407,8636.2021484375
38408,7454.44384765625
38409,8325.8193359375
38410,9575.7890625
38411,10078.80078125
38412,5069.3271484375
38413,8582.0498046875
38414,5114.84228515625
38415,3508.901123046875
38416,8389.0087890625
38417,12402.1923828125
38418,8490.306640625
38419,8038.2275390625
38420,5598.58056640625
38421,7115.51123046875
38422,9078.33984375
38423,7926.7978515625
38424,7941.10986328125
38425,5460.90185546875
38426,6274.22705078125
38427,6517.63330078125
38428,5577.8671875
38429,5851.42822265625
38430,6089.98779296875
38431,5822.48974609375
38432,5259.86279296875
38433,7937.00244140625
38434,9021.9453125
38435,6307.83740234375
38436,7000.81591796875
38437,7713.396484375
38438,6395.51318359375
38439,9169.369140625
38440,8432.6962890625
38441,7676.38427734375
38442,5859.591796875
38443,4645.13037109375
38444,14850.02734375
38445,6925.69140625
38446,7472.6572265625
38447,9011.4384765625
38448,9182.7041015625
38449,8212.88671875
38450,6077.00390625
38451,7509.158203125
38452,11470.58984375
38453,13641.8369140625
38454,5786.98681640625
38455,6543.54248046875
38456,4554.96728515625
38457,7168.43994140625
38458,5998.453125
38459,8800.181640625
38460,10238.01953125
38461,6019.27099609375
38462,4577.431640625
38463,6582.94189453125
38464,12064.646484375
38465,5662.3515625
38466,9016.2294921875
38467,6440.609375
38468,8229.0146484375
38469,10654.5615234375
38470,7852.85009765625
38471,9512.609375
38472,7729.30615234375
38473,5623.818359375
38474,6831.25732421875
38475,9061.6162109375
38476,9093.4833984375
38477,7577.6572265625
38478,8492.509765625
38479,8251.2998046875
38480,4598.60791015625
38481,10944.7158203125
38482,4919.8369140625
38483,10337.6201171875
38484,6846.47119140625
38485,5321.88330078125
38486,8219.3232421875
38487,6972.3427734375
38488,8458.0615234375
38489,9223.5712890625
38490,4883.89599609375
38491,5470.14453125
38492,9816.0751953125
38493,11030.5498046875
38494,10401.755859375
38495,6418.92138671875
38496,6951.65478515625
38497,8823.3046875
38498,8105.06640625
38499,6151.02880859375
38500,10433.4462890625
38501,9475.732421875
38502,14271.3798828125
38503,4619.43017578125
38504,6390.16650390625
38505,10501.2724609375
38506,10374.8076171875
38507,6478.81201171875
38508,9967.923828125
38509,7380.3173828125
38510,7809.71728515625
38511,5800.3212890625
38512,7683.93798828125
38513,5794.3388671875
38514,7555.6162109375
38515,6227.8056640625
38516,7862.6982421875
38517,9720.498046875
38518,6546.0107421875
38519,24965.09765625
38520,8039.26708984375
38521,6099.3759765625
38522,9313.048828125
38523,15752.595703125
38524,9107.146484375
38525,11135.595703125
38526,7577.31298828125
38527,10388.732421875
38528,11353.7431640625
38529,8146.2060546875
38530,7543.41845703125
38531,10075.201171875
38532,11166.0087890625
38533,10354.640625
38534,11728.08984375
38535,10134.23828125
38536,6959.1630859375
38537,9125.5302734375
38538,14854.3837890625
38539,13276.2431640625
38540,13942.6142578125
38541,12808.4150390625
38542,7658.59375
38543,8147.17431640625
38544,5608.98388671875
38545,11339.240234375
38546,17407.955078125
38547,12404.69140625
38548,9580.97265625
38549,11814.3662109375
38550,5552.82080078125
38551,8047.87451171875
38552,14788.2001953125
38553,9943.5380859375
38554,8008.0146484375
38555,8205.2578125
38556,10277.7919921875
38557,5054.9833984375
38558,10171.3408203125
38559,7038.4140625
38560,9856.033203125
38561,10481.087890625
38562,8822.9443359375
38563,10725.234375
38564,10170.341796875
38565,7172.47509765625
38566,9196.931640625
38567,10011.5986328125
38568,15532.798828125
38569,8657.9140625
38570,12578.7109375
38571,10439.955078125
38572,13505.4921875
38573,11075.7431640625
38574,13278.5693359375
38575,7404.78759765625
38576,6571.31103515625
38577,9032.953125
38578,8675.806640625
38579,12382.912109375
38580,11016.54296875
38581,8406.185546875
38582,10714.4775390625
38583,8576.1240234375
38584,14794.8212890625
38585,4774.21337890625
38586,17964.919921875
38587,6036.95751953125
38588,8026.1123046875
38589,11276.5576171875
38590,8381.8056640625
38591,11027.5439453125
38592,7220.513671875
38593,11424.0869140625
38594,8059.732421875
38595,7078.59521484375
38596,10039.8046875
38597,10735.6435546875
38598,9988.5126953125
38599,7007.67431640625
38600,9895.916015625
38601,16588.447265625
38602,8585.54296875
38603,8372.2255859375
38604,9985.490234375
38605,8140.89697265625
38606,8087.37255859375
38607,11238.140625
38608,5210.95654296875
38609,13000.14453125
38610,9356.705078125
38611,10537.3408203125
38612,15530.783203125
38613,5280.5654296875
38614,8738.919921875
38615,8472.91796875
38616,12915.3837890625
38617,11665.732421875
38618,7134.06982421875
38619,6473.857421875
38620,9781.1875
38621,8510.75
38622,8064.8505859375
38623,8562.93359375
38624,9726.3203125
38625,10462.6884765625
38626,8322.0107421875
38627,5576.76123046875
38628,10872.626953125
38629,11145.123046875
38630,10988.8544921875
38631,12544.4365234375
38632,12062.43359375
38633,8097.02490234375
38634,12847.3544921875
38635,7718.1552734375
38636,9151.537109375
38637,13791.130859375
38638,9438.5205078125
38639,14295.9716796875
38640,10427.1865234375
38641,11359.748046875
38642,8297.974609375
38643,9444.1015625
38644,12423.0986328125
38645,8604.083984375
38646,4616.99462890625
38647,8206.8076171875
38648,11863.5849609375
38649,8107.23095703125
38650,6276.2412109375
38651,12605.6806640625
38652,7428.27734375
38653,7399.4130859375
38654,7892.5234375
38655,7795.40771484375
38656,11649.5078125
38657,10310.5078125
38658,10842.0087890625
38659,9320.39453125
38660,9951.5576171875
38661,9937.8173828125
38662,5664.7763671875
38663,9329.6962890625
38664,8936.5126953125
38665,12027.12890625
38666,9733.9560546875
38667,8313.2021484375
38668,16089.5126953125
38669,8676.642578125
38670,6017.15087890625
38671,14888.58984375
38672,8603.310546875
38673,12636.5283203125
38674,9514.2822265625
38675,7486.5791015625
38676,9493.83984375
38677,8536.52734375
38678,10952.056640625
38679,18527.279296875
38680,9862.3642578125
38681,5453.4384765625
38682,6667.5478515625
38683,12265.5849609375
38684,10697.1181640625
38685,9080.478515625
38686,10132.5439453125
38687,6043.26220703125
38688,7330.142578125
38689,4692.2734375
38690,6417.072265625
38691,9141.90625
38692,12094.5302734375
38693,8561.95703125
38694,7828.12744140625
38695,10006.76953125
38696,13757.4072265625
38697,9839.7958984375
38698,7597.0703125
38699,12461.4296875
38700,17356.49609375
38701,8509.6376953125
38702,10979.7060546875
38703,7952.64111328125
38704,8712.2314453125
38705,7259.4931640625
38706,9709.7509765625
38707,8594.013671875
38708,11771.9365234375
38709,9831.4580078125
38710,12544.4462890625
38711,11491.83203125
38712,7773.94677734375
38713,14556.71484375
38714,24414.451171875
38715,16033.9912109375
38716,11016.1474609375
38717,5211.96484375
38718,9068.2802734375
38719,12210.9033203125
38720,9089.0546875
38721,14206.8984375
38722,20486.59765625
38723,6683.3681640625
38724,8907.6611328125
38725,11468.32421875
38726,6917.43359375
38727,12563.677734375
38728,9380.4697265625
38729,12225.482421875
38730,5604.6474609375
38731,9369.8076171875
38732,8333.8125
38733,10869.84765625
38734,15349.2822265625
38735,9599.2578125
38736,8904.2607421875
38737,9418.3212890625
38738,8054.45263671875
38739,6588.63134765625
38740,10729.4384765625
38741,8845.578125
38742,9570.7705078125
38743,10635.23828125
38744,8214.0703125
38745,8087.22705078125
38746,9607.1796875
38747,10963.93359375
38748,12035.7314453125
38749,14606.5546875
38750,9424.365234375
38751,7565.55419921875
38752,6469.25390625
38753,8885.79296875
38754,9685.173828125
38755,8381.6669921875
38756,6209.44921875
38757,9862.7001953125
38758,10808.939453125
38759,13852.9482421875
38760,9210.0234375
38761,8812.6005859375
38762,7114.93896484375
38763,7406.86962890625
38764,15253.9130859375
38765,8047.6494140625
38766,9841.8359375
38767,20494.263671875
38768,9911.3837890625
38769,7349.88720703125
38770,7099.8046875
38771,6124.875
38772,10145.66015625
38773,5157.1396484375
38774,7859.978515625
38775,13318.439453125
38776,8200.9873046875
38777,20279.1484375
38778,17834.431640625
38779,7420.9111328125
38780,11205.087890625
38781,8035.42724609375
38782,10422.138671875
38783,8014.38037109375
38784,15402.765625
38785,10637.05859375
38786,13413.8154296875
38787,7042.048828125
38788,10403.0810546875
38789,7377.47705078125
38790,11015.0888671875
38791,10155.06640625
38792,8694.0791015625
38793,9370.03125
38794,6059.09619140625
38795,13160.291015625
38796,13285.123046875
38797,9440.6953125
38798,14292.8037109375
38799,9008.2333984375
38800,13291.4765625
38801,6971.11181640625
38802,7816.12451171875
38803,9344.2197265625
38804,15363.8896484375
38805,9043.9267578125
38806,11690.4736328125
38807,11032.2294921875
38808,11898.333984375
38809,6541.25439453125
38810,10955.5732421875
38811,9915.7490234375
38812,5943.1923828125
38813,16812.837890625
38814,21411.25
38815,10691.0126953125
38816,10938.3583984375
38817,15144.0703125
38818,15181.263671875
38819,14582.43359375
38820,8793.3662109375
38821,11667.6748046875
38822,9261.31640625
38823,11650.0888671875
38824,5817.3359375
38825,9033.3212890625
38826,8049.5361328125
38827,7533.72509765625
38828,9060.1416015625
38829,7843.4931640625
38830,7877.76953125
38831,11375.2333984375
38832,5266.0029296875
38833,6493.88134765625
38834,8610.3359375
38835,9644.9091796875
38836,14731.30078125
38837,11172.6826171875
38838,11376.6630859375
38839,9073.3212890625
38840,9242.7080078125
38841,14620.873046875
38842,9395.6865234375
38843,7045.95361328125
38844,7464.1728515625
38845,14610.8798828125
38846,5630.45263671875
38847,9339.9560546875
38848,4801.6259765625
38849,6900.43310546875
38850,10632.521484375
38851,10069.87109375
38852,9385.4228515625
38853,11763.849609375
38854,13139.46875
38855,13924.7646484375
38856,9096.6982421875
38857,12467.068359375
38858,3690.087158203125
38859,6597.93115234375
38860,8517.857421875
38861,6554.76416015625
38862,9943.23046875
38863,7304.255859375
38864,7711.220703125
38865,12122.1279296875
38866,17250.3046875
38867,11992.3837890625
38868,8615.3408203125
38869,7908.873046875
38870,18174.345703125
38871,10558.408203125
38872,9106.1513671875
38873,8011.681640625
38874,9656.1103515625
38875,12751.884765625
38876,8099.37060546875
38877,8623.7783203125
38878,12395.96875
38879,11392.935546875
38880,18881.23828125
38881,9688.5771484375
38882,15462.669921875
38883,9644.16015625
38884,7430.16064453125
38885,4907.05029296875
38886,8067.93701171875
38887,10028.8271484375
38888,8485.740234375
38889,9984.25390625
38890,7089.076171875
38891,6934.52294921875
38892,9795.3388671875
38893,7316.6181640625
38894,9447.53125
38895,9812.2646484375
38896,10453.7548828125
38897,13129.662109375
38898,8071.212890625
38899,12071.5146484375
38900,7703.2470703125
38901,8837.275390625
38902,7496.36767578125
38903,7349.21728515625
38904,13316.279296875
38905,10018.6796875
38906,6183.98828125
38907,9117.8720703125
38908,12759.76953125
38909,11146.330078125
38910,9726.5927734375
38911,12134.552734375
38912,8304.71484375
38913,6626.78369140625
38914,9362.9189453125
38915,11231.232421875
38916,9465.291015625
38917,10296.755859375
38918,8360.7099609375
38919,8388.1591796875
38920,6962.08642578125
38921,7172.47314453125
38922,10658.8701171875
38923,13677.4208984375
38924,14064.2939453125
38925,16974.931640625
38926,12149.3974609375
38927,11275.240234375
38928,6176.22119140625
38929,14229.0029296875
38930,16435.572265625
38931,11242.8896484375
38932,11202.59765625
38933,11776.4482421875
38934,8731.6240234375
38935,6096.26025390625
38936,11365.7900390625
38937,10067.443359375
38938,11845.751953125
38939,8128.806640625
38940,5031.2333984375
38941,15550.2587890625
38942,11446.5625
38943,9087.1484375
38944,6347.27783203125
38945,7534.00146484375
38946,9155.841796875
38947,13538.09375
38948,9147.5986328125
38949,7415.4375
38950,7185.615234375
38951,5981.146484375
38952,5128.92724609375
38953,10336.64453125
38954,21102.091796875
38955,6846.18798828125
38956,8164.0185546875
38957,11323.4287109375
38958,7019.96240234375
38959,6878.2158203125
38960,7475.2802734375
38961,6047.0009765625
38962,11381.986328125
38963,10331.4921875
38964,6167.95556640625
38965,13325.19140625
38966,8660.4052734375
38967,7062.240234375
38968,14016.421875
38969,11852.78125
38970,13061.2646484375
38971,8510.3671875
38972,10069.1796875
38973,6595.1572265625
38974,7054.5029296875
38975,18459.712890625
38976,16118.01171875
38977,10016.5615234375
38978,8031.81103515625
38979,7344.5654296875
38980,7629.5390625
38981,6462.681640625
38982,12930.96484375
38983,7474.51904296875
38984,7709.95947265625
38985,10551.6630859375
38986,6363.947265625
38987,8245.4970703125
38988,9270.978515625
38989,10875.5625
38990,10256.994140625
38991,6007.2568359375
38992,8257.15625
38993,9830.369140625
38994,13070.51171875
38995,11232.5654296875
38996,10438.697265625
38997,5572.23291015625
38998,10969.41796875
38999,7794.732421875
39000,7427.486328125
39001,9603.5625
39002,10800.4521484375
39003,9669.2099609375
39004,10335.2900390625
39005,9575.5908203125
39006,9435.939453125
39007,8448.9697265625
39008,8696.9091796875
39009,8380.08984375
39010,10514.2529296875
39011,12231.34375
39012,7514.98974609375
39013,6675.853515625
39014,17938.0859375
39015,8076.8310546875
39016,6054.7822265625
39017,9674.59375
39018,12281.1142578125
39019,16118.640625
39020,6030.12255859375
39021,8954.17578125
39022,7766.8125
39023,9800.7490234375
39024,8398.05859375
39025,12983.5556640625
39026,5436.04443359375
39027,9622.548828125
39028,9747.353515625
39029,7680.8447265625
39030,7537.07568359375
39031,9436.1962890625
39032,12424.2333984375
39033,8317.4189453125
39034,11118.15625
39035,11540.7626953125
39036,13334.9091796875
39037,8478.7822265625
39038,8854.453125
39039,9504.341796875
39040,11475.0751953125
39041,10629.2177734375
39042,5874.08642578125
39043,9115.0830078125
39044,10717.5498046875
39045,10683.6162109375
39046,6622.8505859375
39047,5896.73583984375
39048,13004.8076171875
39049,9776.1630859375
39050,11942.357421875
39051,10019.947265625
39052,8257.61328125
39053,11543.7421875
39054,11745.7998046875
39055,12601.6171875
39056,10671.3525390625
39057,8944.5927734375
39058,12781.0556640625
39059,15107.9306640625
39060,9119.9677734375
39061,7040.8291015625
39062,9707.478515625
39063,5143.5302734375
39064,5566.73095703125
39065,12731.255859375
39066,8182.97998046875
39067,13766.439453125
39068,7069.36181640625
39069,8244.5791015625
39070,8718.232421875
39071,12349.6279296875
39072,7071.67529296875
39073,7518.81494140625
39074,9276.4599609375
39075,9103.11328125
39076,7289.3203125
39077,9776.1787109375
39078,9498.4853515625
39079,11850.54296875
39080,10857.7509765625
39081,10685.75390625
39082,8848.9619140625
39083,6807.896484375
39084,6524.4423828125
39085,15452.142578125
39086,12235.3955078125
39087,13924.9755859375
39088,17718.958984375
39089,9285.1982421875
39090,7587.79345703125
39091,9274.8212890625
39092,11847.08203125
39093,13568.6669921875
39094,10333.486328125
39095,11482.41796875
39096,12772.8515625
39097,9119.203125
39098,9695.8330078125
39099,8411.40234375
39100,8455.1484375
39101,6750.6953125
39102,5573.509765625
39103,8477.373046875
39104,12473.9892578125
39105,22135.205078125
39106,9775.794921875
39107,8047.77294921875
39108,11696.1162109375
39109,6034.31005859375
39110,9512.849609375
39111,5305.8251953125
39112,14524.9140625
39113,9167.638671875
39114,9662.03125
39115,19148.833984375
39116,13875.7119140625
39117,10023.3662109375
39118,9465.712890625
39119,4769.7353515625
39120,6308.767578125
39121,8343.7548828125
39122,11766.533203125
39123,7364.47216796875
39124,7052.482421875
39125,7616.7265625
39126,8146.01025390625
39127,10755.4892578125
39128,11064.12890625
39129,5025.68798828125
39130,11010.99609375
39131,11061.4638671875
39132,9807.53125
39133,9253.658203125
39134,7608.4228515625
39135,11757.171875
39136,6372.7509765625
39137,13687.1806640625
39138,7115.49853515625
39139,9638.46484375
39140,9632.08203125
39141,9051.443359375
39142,6888.44287109375
39143,8914.978515625
39144,10473.8427734375
39145,11593.892578125
39146,15088.6640625
39147,8600.83203125
39148,5698.50341796875
39149,7271.17822265625
39150,9101.197265625
39151,6314.5361328125
39152,10140.830078125
39153,8306.080078125
39154,15662.59765625
39155,12003.1220703125
39156,9138.08984375
39157,10087.5546875
39158,7693.68115234375
39159,12654.08984375
39160,7880.478515625
39161,17472.376953125
39162,9166.1689453125
39163,8338.986328125
39164,7844.052734375
39165,5705.93017578125
39166,9389.0966796875
39167,24194.8828125
39168,5949.4052734375
39169,6463.73486328125
39170,14890.9072265625
39171,9546.6953125
39172,10356.083984375
39173,11890.0302734375
39174,9665.498046875
39175,7517.81689453125
39176,6440.859375
39177,14514.9609375
39178,7928.76513671875
39179,9759.697265625
39180,10240.322265625
39181,7595.9462890625
39182,11047.7978515625
39183,8386.6826171875
39184,5781.34716796875
39185,12465.06640625
39186,12375.0693359375
39187,5255.8349609375
39188,10520.80078125
39189,9446.9541015625
39190,7901.82080078125
39191,12804.84765625
39192,8992.228515625
39193,9284.724609375
39194,6930.70849609375
39195,7505.38134765625
39196,9978.931640625
39197,5582.19970703125
39198,11197.5244140625
39199,6493.28076171875
39200,7618.98095703125
39201,6342.1728515625
39202,10020.1279296875
39203,7028.18115234375
39204,9796.1474609375
39205,10125.1845703125
39206,11290.9892578125
39207,9923.7861328125
39208,10739.0556640625
39209,8648.2490234375
39210,12725.1298828125
39211,13387.3232421875
39212,10273.9912109375
39213,3711.658447265625
39214,8678.466796875
39215,11516.80078125
39216,6843.67138671875
39217,15678.451171875
39218,7710.96533203125
39219,11973.6220703125
39220,14372.7216796875
39221,7948.78125
39222,6248.45751953125
39223,13521.0263671875
39224,14815.384765625
39225,7633.81689453125
39226,12609.6044921875
39227,12864.1025390625
39228,8836.2509765625
39229,7312.41162109375
39230,9669.5234375
39231,7502.67333984375
39232,7104.80712890625
39233,9506.9423828125
39234,6984.07421875
39235,8552.4375
39236,10404.4326171875
39237,9552.666015625
39238,12345.7294921875
39239,8256.947265625
39240,10017.1962890625
39241,6884.75439453125
39242,9072.2783203125
39243,9719.5810546875
39244,8665.052734375
39245,12202.60546875
39246,10145.0166015625
39247,12793.5244140625
39248,8356.1767578125
39249,7455.18798828125
39250,9610.4150390625
39251,9389.625
39252,10448.486328125
39253,6139.10400390625
39254,6609.2158203125
39255,8712.931640625
39256,7911.64013671875
39257,8922.5869140625
39258,11449.140625
39259,8174.34326171875
39260,9674.1982421875
39261,7854.14501953125
39262,4073.625244140625
39263,9802.1318359375
39264,9327.646484375
39265,10525.578125
39266,11632.623046875
39267,12248.94921875
39268,6806.67138671875
39269,10430.23828125
39270,6529.66943359375
39271,4123.45654296875
39272,12026.466796875
39273,14733.279296875
39274,10664.556640625
39275,10814.43359375
39276,7705.0478515625
39277,9592.728515625
39278,12549.6708984375
39279,9900.123046875
39280,8919.576171875
39281,7176.46044921875
39282,7685.41259765625
39283,7037.6591796875
39284,7114.58740234375
39285,6867.5908203125
39286,8268.0361328125
39287,9811.181640625
39288,5537.76318359375
39289,9814.359375
39290,10366.697265625
39291,8383.7001953125
39292,8246.0712890625
39293,10051.185546875
39294,8787.73046875
39295,8985.5361328125
39296,12954.720703125
39297,10084.65625
39298,7680.14404296875
39299,6349.91650390625
39300,17673.01953125
39301,8804.515625
39302,9930.171875
39303,13058.4541015625
39304,11215.017578125
39305,12365.673828125
39306,7878.62646484375
39307,8984.3017578125
39308,13577.16015625
39309,16391.412109375
39310,7595.7001953125
39311,8571.9892578125
39312,6501.75732421875
39313,9596.1083984375
39314,8726.4501953125
39315,9943.3203125
39316,12531.2001953125
39317,8186.1025390625
39318,5718.5859375
39319,8804.0
39320,15326.3408203125
39321,6254.11669921875
39322,11677.005859375
39323,6566.43017578125
39324,10044.9619140625
39325,11548.7763671875
39326,9797.7900390625
39327,12502.5107421875
39328,9341.9658203125
39329,7380.3720703125
39330,8222.6953125
39331,10705.7119140625
39332,11511.4697265625
39333,10104.875
39334,11210.439453125
39335,9223.0517578125
39336,6990.1875
39337,13035.1630859375
39338,5540.419921875
39339,12769.27734375
39340,8540.6171875
39341,7945.619140625
39342,10702.78125
39343,8250.3076171875
39344,9726.8681640625
39345,11732.2861328125
39346,6367.18701171875
39347,6763.708984375
39348,12349.765625
39349,12710.681640625
39350,13120.41015625
39351,7110.3671875
39352,7447.07958984375
39353,10988.8447265625
39354,9166.615234375
39355,7231.9755859375
39356,13804.3388671875
39357,13361.458984375
39358,16969.634765625
39359,6695.68408203125
39360,8934.08203125
39361,11064.9658203125
39362,15672.2158203125
39363,8325.6064453125
39364,14459.375
39365,8831.716796875
39366,8752.3798828125
39367,8261.3369140625
39368,9025.4462890625
39369,6763.9794921875
39370,9170.5146484375
39371,7665.10205078125
39372,9294.9892578125
39373,14110.16796875
39374,10535.0
39375,28180.5625
39376,10514.8740234375
39377,0.0
39378,0.0
39379,0.0
39380,0.0
39381,0.0
39382,0.0
39383,0.0
39384,0.0
39385,0.0
39386,0.0
39387,0.0
39388,0.0
39389,0.0
39390,0.0
39391,0.0
39392,0.0
39393,0.0
39394,0.0
39395,0.0
39396,0.0
39397,0.0
39398,0.0
39399,0.0
39400,0.0
39401,0.0
39402,0.0
39403,0.0
39404,0.0
39405,0.0
39406,0.0
39407,0.0
39408,0.0
39409,0.0
39410,0.0
39411,0.0
39412,0.0
39413,0.0
39414,0.0
39415,0.0
39416,0.0
39417,0.0
39418,0.0
39419,0.0
39420,0.0
39421,0.0
39422,0.0
39423,0.0
39424,0.0
39425,0.0
39426,0.0
39427,0.0
39428,0.0
39429,0.0
39430,0.0
39431,0.0
39432,0.0
39433,0.0
39434,0.0
39435,0.0
39436,0.0
39437,0.0
39438,0.0
39439,0.0
39440,0.0
39441,0.0
39442,0.0
39443,0.0
39444,0.0
39445,0.0
39446,0.0
39447,0.0
39448,0.0
39449,0.0
39450,0.0
39451,0.0
39452,0.0
39453,0.0
39454,0.0
39455,0.0
39456,0.0
39457,0.0
39458,0.0
39459,0.0
39460,0.0
39461,0.0
39462,0.0
39463,0.0
39464,0.0
39465,0.0
39466,0.0
39467,0.0
39468,5967.22607421875
39469,0.0
39470,0.0
39471,0.0
39472,0.0
39473,0.0
39474,0.0
39475,0.0
39476,0.0
39477,0.0
39478,0.0
39479,0.0
39480,0.0
39481,0.0
39482,0.0
39483,0.0
39484,0.0
39485,0.0
39486,0.0
39487,0.0
39488,0.0
39489,0.0
39490,0.0
39491,0.0
39492,0.0
39493,0.0
39494,0.0
39495,0.0
39496,0.0
39497,0.0
39498,0.0
39499,0.0
39500,0.0
39501,0.0
39502,0.0
39503,0.0
39504,0.0
39505,0.0
39506,0.0
39507,0.0
39508,0.0
39509,0.0
39510,0.0
39511,0.0
39512,0.0
39513,0.0
39514,0.0
39515,0.0
39516,0.0
39517,0.0
39518,0.0
39519,0.0
39520,0.0
39521,0.0
39522,0.0
39523,0.0
39524,0.0
39525,0.0
39526,0.0
39527,0.0
39528,0.0
39529,0.0
39530,0.0
39531,0.0
39532,0.0
39533,0.0
39534,0.0
39535,0.0
39536,3503.415771484375
39537,0.0
39538,0.0
39539,0.0
39540,0.0
39541,0.0
39542,0.0
39543,0.0
39544,0.0
39545,0.0
39546,0.0
39547,0.0
39548,0.0
39549,0.0
39550,0.0
39551,0.0
39552,0.0
39553,0.0
39554,0.0
39555,0.0
39556,0.0
39557,0.0
39558,0.0
39559,0.0
39560,0.0
39561,0.0
39562,0.0
39563,0.0
39564,0.0
39565,0.0
39566,0.0
39567,0.0
39568,0.0
39569,0.0
39570,0.0
39571,0.0
39572,0.0
39573,0.0
39574,0.0
39575,0.0
39576,0.0
39577,17554.9765625
39578,31001.6484375
39579,0.0
39580,0.0
39581,0.0
39582,0.0
39583,0.0
39584,0.0
39585,0.0
39586,6895.2138671875
39587,0.0
39588,0.0
39589,0.0
39590,0.0
39591,0.0
39592,0.0
39593,0.0
39594,0.0
39595,0.0
39596,0.0
39597,0.0
39598,0.0
39599,0.0
39600,0.0
39601,0.0
39602,0.0
39603,0.0
39604,0.0
39605,6512.451171875
39606,0.0
39607,0.0
39608,0.0
39609,0.0
39610,0.0
39611,0.0
39612,0.0
39613,0.0
39614,0.0
39615,3483.703857421875
39616,0.0
39617,0.0
39618,0.0
39619,0.0
39620,0.0
39621,0.0
39622,0.0
39623,0.0
39624,0.0
39625,0.0
39626,0.0
39627,0.0
39628,0.0
39629,0.0
39630,0.0
39631,0.0
39632,0.0
39633,7930.34716796875
39634,0.0
39635,0.0
39636,0.0
39637,0.0
39638,0.0
39639,0.0
39640,0.0
39641,0.0
39642,0.0
39643,0.0
39644,0.0
39645,0.0
39646,0.0
39647,0.0
39648,0.0
39649,0.0
39650,9111.0576171875
39651,0.0
39652,0.0
39653,0.0
39654,0.0
39655,0.0
39656,0.0
39657,0.0
39658,0.0
39659,0.0
39660,0.0
39661,0.0
39662,0.0
39663,0.0
39664,0.0
39665,0.0
39666,0.0
39667,0.0
39668,0.0
39669,0.0
39670,0.0
39671,0.0
39672,0.0
39673,0.0
39674,0.0
39675,0.0
39676,0.0
39677,0.0
39678,0.0
39679,0.0
39680,0.0
39681,0.0
39682,0.0
39683,0.0
39684,0.0
39685,0.0
39686,0.0
39687,0.0
39688,0.0
39689,0.0
39690,0.0
39691,0.0
39692,0.0
39693,0.0
39694,0.0
39695,0.0
39696,0.0
39697,0.0
39698,0.0
39699,0.0
39700,0.0
39701,0.0
39702,0.0
39703,0.0
39704,0.0
39705,0.0
39706,0.0
39707,0.0
39708,0.0
39709,0.0
39710,0.0
39711,0.0
39712,1593.9896240234375
39713,0.0
39714,0.0
39715,0.0
39716,0.0
39717,0.0
39718,0.0
39719,0.0
39720,0.0
39721,0.0
39722,0.0
39723,0.0
39724,0.0
39725,0.0
39726,8636.97265625
39727,0.0
39728,0.0
39729,0.0
39730,0.0
39731,0.0
39732,0.0
39733,0.0
39734,0.0
39735,0.0
39736,0.0
39737,0.0
39738,0.0
39739,0.0
39740,0.0
39741,0.0
39742,0.0
39743,0.0
39744,0.0
39745,0.0
39746,0.0
39747,0.0
39748,0.0
39749,0.0
39750,0.0
39751,0.0
39752,0.0
39753,0.0
39754,0.0
39755,0.0
39756,0.0
39757,0.0
39758,0.0
39759,-0.0
39760,0.0
39761,0.0
39762,0.0
39763,0.0
39764,0.0
39765,0.0
39766,0.0
39767,0.0
39768,0.0
39769,9109.4912109375
39770,0.0
39771,0.0
39772,0.0
39773,0.0
39774,0.0
39775,0.0
39776,0.0
39777,0.0
39778,0.0
39779,3116.71435546875
39780,0.0
39781,0.0
39782,0.0
39783,7023.7890625
39784,0.0
39785,0.0
39786,0.0
39787,0.0
39788,0.0
39789,0.0
39790,0.0
39791,0.0
39792,0.0
39793,0.0
39794,0.0
39795,0.0
39796,0.0
39797,0.0
39798,0.0
39799,0.0
39800,0.0
39801,0.0
39802,0.0
39803,0.0
39804,0.0
39805,0.0
39806,0.0
39807,0.0
39808,0.0
39809,0.0
39810,20318.9609375
39811,0.0
39812,0.0
39813,0.0
39814,0.0
39815,0.0
39816,0.0
39817,0.0
39818,0.0
39819,0.0
39820,0.0
39821,0.0
39822,0.0
39823,0.0
39824,4929.49853515625
39825,0.0
39826,0.0
39827,0.0
39828,0.0
39829,0.0
39830,0.0
39831,0.0
39832,0.0
39833,0.0
39834,0.0
39835,0.0
39836,0.0
39837,0.0
39838,0.0
39839,0.0
39840,0.0
39841,0.0
39842,0.0
39843,0.0
39844,0.0
39845,0.0
39846,0.0
39847,0.0
39848,0.0
39849,0.0
39850,0.0
39851,0.0
39852,0.0
39853,0.0
39854,0.0
39855,0.0
39856,0.0
39857,0.0
39858,0.0
39859,0.0
39860,0.0
39861,0.0
39862,0.0
39863,0.0
39864,0.0
39865,0.0
39866,0.0
39867,0.0
39868,0.0
39869,0.0
39870,0.0
39871,0.0
39872,0.0
39873,0.0
39874,0.0
39875,0.0
39876,0.0
39877,0.0
39878,0.0
39879,0.0
39880,0.0
39881,0.0
39882,0.0
39883,0.0
39884,0.0
39885,0.0
39886,0.0
39887,0.0
39888,0.0
39889,0.0
39890,0.0
39891,0.0
39892,0.0
39893,0.0
39894,0.0
39895,0.0
39896,0.0
39897,0.0
39898,0.0
39899,11918.2099609375
39900,0.0
39901,0.0
39902,0.0
39903,0.0
39904,0.0
39905,0.0
39906,0.0
39907,0.0
39908,0.0
39909,0.0
39910,0.0
39911,0.0
39912,0.0
39913,0.0
39914,0.0
39915,0.0
39916,0.0
39917,0.0
39918,0.0
39919,0.0
39920,-0.0
39921,0.0
39922,0.0
39923,0.0
39924,0.0
39925,0.0
39926,0.0
39927,0.0
39928,0.0
39929,0.0
39930,0.0
39931,0.0
39932,0.0
39933,0.0
39934,0.0
39935,0.0
39936,0.0
39937,0.0
39938,0.0
39939,0.0
39940,0.0
39941,0.0
39942,0.0
39943,5511.6337890625
39944,15599.7216796875
39945,0.0
39946,0.0
39947,0.0
39948,0.0
39949,0.0
39950,0.0
39951,0.0
39952,0.0
39953,0.0
39954,0.0
39955,0.0
39956,0.0
39957,0.0
39958,0.0
39959,0.0
39960,0.0
39961,0.0
39962,0.0
39963,0.0
39964,0.0
39965,0.0
39966,0.0
39967,0.0
39968,0.0
39969,0.0
39970,0.0
39971,0.0
39972,12734.6630859375
39973,0.0
39974,0.0
39975,0.0
39976,0.0
39977,0.0
39978,0.0
39979,0.0
39980,0.0
39981,0.0
39982,0.0
39983,0.0
39984,0.0
39985,-0.0
39986,0.0
39987,0.0
39988,0.0
39989,0.0
39990,0.0
39991,0.0
39992,0.0
39993,0.0
39994,0.0
39995,0.0
39996,0.0
39997,0.0
39998,0.0
39999,0.0
40000,0.0
40001,0.0
40002,0.0
40003,0.0
40004,0.0
40005,0.0
40006,0.0
40007,0.0
40008,0.0
40009,0.0
40010,0.0
40011,0.0
40012,0.0
40013,0.0
40014,0.0
40015,0.0
40016,0.0
40017,0.0
40018,0.0
40019,0.0
40020,0.0
40021,0.0
40022,0.0
40023,0.0
40024,0.0
40025,0.0
40026,0.0
40027,0.0
40028,0.0
40029,0.0
40030,0.0
40031,0.0
40032,0.0
40033,0.0
40034,0.0
40035,0.0
40036,0.0
40037,0.0
40038,0.0
40039,0.0
40040,0.0
40041,0.0
40042,2925.262451171875
40043,0.0
40044,0.0
40045,0.0
40046,1916.14453125
40047,0.0
40048,0.0
40049,0.0
40050,0.0
40051,0.0
40052,0.0
40053,0.0
40054,0.0
40055,0.0
40056,0.0
40057,0.0
40058,0.0
40059,0.0
40060,0.0
40061,0.0
40062,0.0
40063,0.0
40064,0.0
40065,0.0
40066,0.0
40067,0.0
40068,0.0
40069,0.0
40070,0.0
40071,0.0
40072,0.0
40073,0.0
40074,0.0
40075,0.0
40076,0.0
40077,0.0
40078,0.0
40079,0.0
40080,0.0
40081,0.0
40082,0.0
40083,0.0
40084,0.0
40085,0.0
40086,0.0
40087,0.0
40088,0.0
40089,0.0
40090,0.0
40091,0.0
40092,0.0
40093,0.0
40094,0.0
40095,0.0
40096,0.0
40097,4343.140625
40098,0.0
40099,0.0
40100,0.0
40101,0.0
40102,0.0
40103,0.0
40104,0.0
40105,0.0
40106,0.0
40107,0.0
40108,0.0
40109,0.0
40110,0.0
40111,0.0
40112,11138.49609375
40113,0.0
40114,0.0
40115,0.0
40116,0.0
40117,0.0
40118,0.0
40119,0.0
40120,0.0
40121,0.0
40122,0.0
40123,0.0
40124,0.0
40125,0.0
40126,0.0
40127,0.0
40128,0.0
40129,0.0
40130,0.0
40131,0.0
40132,0.0
40133,0.0
40134,0.0
40135,0.0
40136,0.0
40137,0.0
40138,0.0
40139,0.0
40140,0.0
40141,0.0
40142,0.0
40143,0.0
40144,0.0
40145,0.0
40146,0.0
40147,0.0
40148,0.0
40149,0.0
40150,0.0
40151,0.0
40152,0.0
40153,0.0
40154,0.0
40155,0.0
40156,0.0
40157,0.0
40158,0.0
40159,0.0
40160,0.0
40161,0.0
40162,0.0
40163,0.0
40164,0.0
40165,0.0
40166,0.0
40167,0.0
40168,0.0
40169,0.0
40170,0.0
40171,0.0
40172,0.0
40173,0.0
40174,0.0
40175,0.0
40176,5422.9951171875
40177,0.0
40178,0.0
40179,0.0
40180,0.0
40181,0.0
40182,0.0
40183,0.0
40184,0.0
40185,0.0
40186,0.0
40187,0.0
40188,0.0
40189,0.0
40190,0.0
40191,0.0
40192,0.0
40193,0.0
40194,0.0
40195,0.0
40196,0.0
40197,0.0
40198,0.0
40199,0.0
40200,0.0
40201,0.0
40202,0.0
40203,0.0
40204,0.0
40205,0.0
40206,0.0
40207,0.0
40208,0.0
40209,0.0
40210,0.0
40211,0.0
40212,0.0
40213,0.0
40214,0.0
40215,0.0
40216,0.0
40217,12574.8095703125
40218,6143.7548828125
40219,0.0
40220,0.0
40221,0.0
40222,0.0
40223,0.0
40224,0.0
40225,0.0
40226,0.0
40227,0.0
40228,0.0
40229,0.0
40230,0.0
40231,0.0
40232,0.0
40233,6176.74072265625
40234,5367.80078125
40235,7857.19384765625
40236,5041.67138671875
40237,6132.88525390625
40238,6854.34912109375
40239,5767.744140625
40240,4665.681640625
40241,4490.8623046875
40242,4254.05712890625
40243,6221.5654296875
40244,5228.2333984375
40245,4598.70654296875
40246,6622.802734375
40247,6656.4736328125
40248,3976.3505859375
40249,7537.79638671875
40250,7621.01025390625
40251,10200.115234375
40252,6667.29541015625
40253,7030.2646484375
40254,3644.80712890625
40255,6617.46923828125
40256,2611.201416015625
40257,8509.8427734375
40258,8615.150390625
40259,9777.9052734375
40260,7793.02392578125
40261,3753.702880859375
40262,5048.86474609375
40263,6034.22998046875
40264,7767.58642578125
40265,4975.68994140625
40266,6452.84912109375
40267,6434.77783203125
40268,5703.8583984375
40269,3598.14697265625
40270,7695.86767578125
40271,5829.4599609375
40272,8836.1435546875
40273,6739.474609375
40274,4099.9453125
40275,8287.19140625
40276,5592.953125
40277,6892.65869140625
40278,5031.53662109375
40279,8872.96875
40280,10558.298828125
40281,7173.96728515625
40282,5242.89990234375
40283,7793.85205078125
40284,8246.1396484375
40285,6007.03955078125
40286,5692.638671875
40287,2751.388916015625
40288,2020.278076171875
40289,5907.10791015625
40290,6553.72607421875
40291,9034.8779296875
40292,7522.2275390625
40293,5718.38525390625
40294,9999.859375
40295,7023.0419921875
40296,7719.2763671875
40297,3880.713134765625
40298,9986.427734375
40299,3257.67431640625
40300,5240.26318359375
40301,8486.2734375
40302,4951.31005859375
40303,6612.4228515625
40304,4125.365234375
40305,6008.5185546875
40306,6011.4375
40307,6730.98095703125
40308,9961.6396484375
40309,8246.5927734375
40310,5240.5234375
40311,3089.044189453125
40312,9490.0546875
40313,12821.4482421875
40314,5683.71142578125
40315,4401.16650390625
40316,7182.30615234375
40317,7197.220703125
40318,7211.951171875
40319,10900.810546875
40320,3087.723388671875
40321,8278.8271484375
40322,5060.3486328125
40323,6487.60205078125
40324,9476.466796875
40325,4083.779052734375
40326,5176.69091796875
40327,6960.716796875
40328,9304.392578125
40329,8527.4765625
40330,4983.5966796875
40331,5143.44482421875
40332,7622.41943359375
40333,7608.30712890625
40334,4099.58984375
40335,5282.0458984375
40336,5575.212890625
40337,6630.986328125
40338,4821.39599609375
40339,4463.5986328125
40340,7458.46337890625
40341,5481.2880859375
40342,8083.78466796875
40343,8322.3994140625
40344,8486.6279296875
40345,5613.19873046875
40346,7756.6513671875
40347,4361.53466796875
40348,5078.15087890625
40349,8080.38525390625
40350,7821.3232421875
40351,7558.041015625
40352,9274.115234375
40353,8987.01953125
40354,5294.6181640625
40355,6146.810546875
40356,7845.82275390625
40357,4944.98779296875
40358,4239.95068359375
40359,5273.5712890625
40360,5992.93701171875
40361,5606.439453125
40362,4050.5712890625
40363,6848.4052734375
40364,7040.92626953125
40365,6993.20556640625
40366,7769.99560546875
40367,4027.46875
40368,6224.7236328125
40369,8900.4951171875
40370,5232.1279296875
40371,6846.4599609375
40372,5662.1123046875
40373,5481.7939453125
40374,3511.68798828125
40375,4917.28515625
40376,6095.92724609375
40377,9273.9931640625
40378,6562.1875
40379,7619.90673828125
40380,12995.0654296875
40381,5328.47509765625
40382,5225.81005859375
40383,8657.1220703125
40384,6815.96044921875
40385,8489.486328125
40386,8094.00048828125
40387,6656.69580078125
40388,6675.17724609375
40389,5189.28564453125
40390,4555.3857421875
40391,9931.85546875
40392,4890.8271484375
40393,6369.75244140625
40394,3480.12060546875
40395,7671.9599609375
40396,8818.974609375
40397,6807.46484375
40398,7155.98974609375
40399,6053.63671875
40400,1880.080810546875
40401,2803.605712890625
40402,4397.3359375
40403,6259.58935546875
40404,7787.14892578125
40405,5752.4794921875
40406,5447.75244140625
40407,6936.4609375
40408,9439.8828125
40409,7820.21435546875
40410,6176.54833984375
40411,10472.8505859375
40412,11123.146484375
40413,4839.9228515625
40414,6444.90673828125
40415,5121.85986328125
40416,6311.1796875
40417,4487.57177734375
40418,6147.61279296875
40419,4056.490234375
40420,8889.677734375
40421,7352.46435546875
40422,7729.72265625
40423,7104.7509765625
40424,4704.4658203125
40425,11170.7919921875
40426,15796.0927734375
40427,7751.63037109375
40428,4612.8447265625
40429,4022.75830078125
40430,6888.1513671875
40431,6313.84423828125
40432,4848.443359375
40433,8853.216796875
40434,19977.0234375
40435,4698.8310546875
40436,3852.934814453125
40437,10975.3955078125
40438,4840.9560546875
40439,3547.51220703125
40440,4915.740234375
40441,6533.68994140625
40442,4297.17138671875
40443,7469.912109375
40444,5017.83447265625
40445,5371.43994140625
40446,9762.5498046875
40447,6835.666015625
40448,5587.15576171875
40449,6782.423828125
40450,5403.35009765625
40451,7807.4755859375
40452,9271.978515625
40453,5586.9130859375
40454,8138.67529296875
40455,6023.71728515625
40456,5318.28564453125
40457,6103.0244140625
40458,6433.3330078125
40459,6696.22021484375
40460,9142.822265625
40461,11004.70703125
40462,7921.66845703125
40463,4173.23095703125
40464,4831.97265625
40465,5706.732421875
40466,7491.49462890625
40467,5667.51513671875
40468,3303.23193359375
40469,6726.501953125
40470,6148.84375
40471,8071.8603515625
40472,5272.2021484375
40473,5686.478515625
40474,3247.958984375
40475,3409.5
40476,10978.703125
40477,6770.98974609375
40478,4721.15771484375
40479,13257.1630859375
40480,7819.0390625
40481,3853.577392578125
40482,6168.41845703125
40483,3536.880126953125
40484,4333.89794921875
40485,3276.7666015625
40486,2928.9912109375
40487,8750.732421875
40488,5632.28857421875
40489,8718.517578125
40490,12634.5703125
40491,6080.28564453125
40492,4723.85498046875
40493,4865.4677734375
40494,5191.14599609375
40495,5848.5263671875
40496,11421.64453125
40497,7293.22998046875
40498,8165.5888671875
40499,4150.8740234375
40500,5306.353515625
40501,6285.79150390625
40502,8478.0244140625
40503,7547.69775390625
40504,5398.1884765625
40505,6948.947265625
40506,4915.52197265625
40507,7876.3203125
40508,7759.673828125
40509,7185.939453125
40510,10176.4951171875
40511,7025.06103515625
40512,8224.1591796875
40513,3498.628662109375
40514,6457.6611328125
40515,5036.072265625
40516,9089.29296875
40517,7196.5625
40518,8897.009765625
40519,6907.32568359375
40520,7209.6142578125
40521,6000.2529296875
40522,6423.4208984375
40523,6275.81103515625
40524,4566.501953125
40525,11194.9326171875
40526,16043.8720703125
40527,8235.7412109375
40528,6717.13525390625
40529,7091.14453125
40530,9389.6064453125
40531,7905.2421875
40532,3144.1611328125
40533,5663.44140625
40534,5941.1533203125
40535,9378.421875
40536,3814.7041015625
40537,4500.921875
40538,5737.41455078125
40539,5469.54052734375
40540,5505.6376953125
40541,3552.4609375
40542,4399.42919921875
40543,7658.72607421875
40544,5067.18310546875
40545,5361.04833984375
40546,6138.513671875
40547,5233.4560546875
40548,9760.3291015625
40549,13329.76953125
40550,6017.79052734375
40551,8222.9931640625
40552,5384.53076171875
40553,8884.3681640625
40554,4406.7177734375
40555,3575.470947265625
40556,5560.15869140625
40557,14140.68359375
40558,3307.928466796875
40559,8800.3408203125
40560,1756.80517578125
40561,3785.3232421875
40562,5824.38818359375
40563,7254.32861328125
40564,4894.70849609375
40565,9421.572265625
40566,9356.7060546875
40567,7556.3603515625
40568,3991.183349609375
40569,9236.736328125
40570,2760.74951171875
40571,5010.66796875
40572,8317.8486328125
40573,5567.14208984375
40574,10063.697265625
40575,1652.30908203125
40576,4743.30908203125
40577,5164.44482421875
40578,8709.5107421875
40579,11802.3154296875
40580,5731.70263671875
40581,2690.445068359375
40582,11724.4345703125
40583,9934.1630859375
40584,3760.20751953125
40585,5663.2666015625
40586,10758.984375
40587,7207.23828125
40588,5547.18798828125
40589,4778.04638671875
40590,7539.44970703125
40591,4545.314453125
40592,11669.1162109375
40593,7988.63037109375
40594,11030.3720703125
40595,7759.2890625
40596,3977.43798828125
40597,2963.934326171875
40598,6966.6728515625
40599,6690.87646484375
40600,5110.7216796875
40601,8974.923828125
40602,6358.75390625
40603,2830.171630859375
40604,6813.9931640625
40605,3781.6240234375
40606,7981.4482421875
40607,6996.9052734375
40608,8688.2578125
40609,8699.9453125
40610,6455.0625
40611,7184.1962890625
40612,7032.9541015625
40613,5249.916015625
40614,7593.373046875
40615,3071.122802734375
40616,11844.06640625
40617,6721.83349609375
40618,3794.47802734375
40619,4843.94140625
40620,6799.90234375
40621,6064.6015625
40622,5193.24072265625
40623,5545.80517578125
40624,7466.3486328125
40625,5913.689453125
40626,5670.2666015625
40627,8879.0625
40628,3786.86181640625
40629,3413.92822265625
40630,5907.8154296875
40631,6056.16552734375
40632,3176.810791015625
40633,6783.6083984375
40634,8583.822265625
40635,8013.787109375
40636,9715.505859375
40637,9571.5927734375
40638,8140.1279296875
40639,7711.22998046875
40640,3798.646484375
40641,9811.224609375
40642,8473.103515625
40643,8615.142578125
40644,6608.255859375
40645,5154.4501953125
40646,6254.341796875
40647,3544.860107421875
40648,9859.193359375
40649,6811.00927734375
40650,6106.7314453125
40651,4949.66845703125
40652,2982.479736328125
40653,8263.0048828125
40654,6416.0361328125
40655,4666.95263671875
40656,3314.266845703125
40657,4975.2294921875
40658,6071.52392578125
40659,5468.97412109375
40660,12429.673828125
40661,4301.79931640625
40662,6364.0263671875
40663,3936.63427734375
40664,4254.38671875
40665,6839.4462890625
40666,14638.3623046875
40667,5054.8310546875
40668,6383.27734375
40669,4605.4482421875
40670,4155.40380859375
40671,3592.29248046875
40672,6708.267578125
40673,3933.1083984375
40674,12180.8154296875
40675,6688.19580078125
40676,2711.369140625
40677,10015.9912109375
40678,2980.211669921875
40679,4162.63134765625
40680,10115.0
40681,9089.8857421875
40682,7983.47412109375
40683,3113.93798828125
40684,5588.1884765625
40685,5407.01416015625
40686,4391.8916015625
40687,13397.7900390625
40688,13181.26171875
40689,5748.03076171875
40690,3316.74267578125
40691,5766.5234375
40692,4404.9794921875
40693,4009.681396484375
40694,8113.71923828125
40695,6227.5703125
40696,6858.70263671875
40697,7008.67822265625
40698,5656.42041015625
40699,5770.04345703125
40700,7435.77490234375
40701,7534.26904296875
40702,9134.123046875
40703,3776.500244140625
40704,6650.544921875
40705,6599.42431640625
40706,10141.55859375
40707,6558.470703125
40708,7674.2861328125
40709,3807.975830078125
40710,10176.9091796875
40711,5779.08349609375
40712,3454.80126953125
40713,5305.060546875
40714,3928.554443359375
40715,4644.4677734375
40716,7349.134765625
40717,4911.634765625
40718,7204.845703125
40719,5614.26171875
40720,8698.5576171875
40721,9278.701171875
40722,7148.9375
40723,7236.71533203125
40724,7189.51513671875
40725,4058.8447265625
40726,11281.724609375
40727,3262.14697265625
40728,5143.94482421875
40729,7750.9296875
40730,12957.2548828125
40731,12193.2978515625
40732,4858.68408203125
40733,4837.1015625
40734,6587.5166015625
40735,7949.86328125
40736,4041.35888671875
40737,6368.63720703125
40738,4284.5654296875
40739,5538.70458984375
40740,3931.824462890625
40741,5330.29345703125
40742,3464.4365234375
40743,7303.28125
40744,9274.525390625
40745,6080.96142578125
40746,5934.28515625
40747,10052.5283203125
40748,8274.18359375
40749,6324.0966796875
40750,6826.27392578125
40751,6320.61376953125
40752,7761.26611328125
40753,5442.95458984375
40754,2901.822998046875
40755,5849.7900390625
40756,7798.484375
40757,7522.923828125
40758,6971.21923828125
40759,2318.325439453125
40760,10248.380859375
40761,3514.891845703125
40762,8844.033203125
40763,6446.44384765625
40764,5502.923828125
40765,8232.021484375
40766,6517.27783203125
40767,4678.71337890625
40768,7625.61962890625
40769,3338.633056640625
40770,7209.27197265625
40771,10465.638671875
40772,7000.38818359375
40773,2879.21142578125
40774,6675.2314453125
40775,6220.791015625
40776,2913.65478515625
40777,5575.55908203125
40778,7151.92333984375
40779,5565.87060546875
40780,6333.39306640625
40781,6792.73828125
40782,6177.9462890625
40783,8821.74609375
40784,6068.06689453125
40785,7448.92138671875
40786,4119.2939453125
40787,7570.845703125
40788,6736.2529296875
40789,7015.638671875
40790,8634.205078125
40791,9333.2373046875
40792,9158.283203125
40793,5544.47802734375
40794,5035.65869140625
40795,5574.2412109375
40796,7841.65576171875
40797,8658.0751953125
40798,7117.34912109375
40799,8584.728515625
40800,14963.5048828125
40801,3514.912109375
40802,6024.29833984375
40803,3466.7763671875
40804,8117.28759765625
40805,10867.0869140625
40806,8765.4208984375
40807,7878.7705078125
40808,8283.7587890625
40809,7367.93603515625
40810,7479.150390625
40811,6740.37646484375
40812,4160.5341796875
40813,6220.26904296875
40814,4078.79248046875
40815,3877.40625
40816,6906.1435546875
40817,18451.142578125
40818,5249.8994140625
40819,3687.96484375
40820,4119.052734375
40821,4474.6064453125
40822,5235.734375
40823,2429.210205078125
40824,7732.90185546875
40825,6103.72021484375
40826,3812.914794921875
40827,11311.1181640625
40828,11912.4072265625
40829,5514.15185546875
40830,6106.177734375
40831,3181.48388671875
40832,4871.92724609375
40833,4655.3115234375
40834,8870.8310546875
40835,4584.3486328125
40836,5134.40966796875
40837,3840.6005859375
40838,6462.4638671875
40839,5722.04541015625
40840,7164.82470703125
40841,2627.1376953125
40842,8342.3671875
40843,9105.3017578125
40844,5891.17626953125
40845,5486.5478515625
40846,4696.8603515625
40847,4872.31103515625
40848,4714.07275390625
40849,9722.4248046875
40850,5595.98193359375
40851,5507.47900390625
40852,6097.140625
40853,6460.7529296875
40854,6261.45556640625
40855,6039.98974609375
40856,7021.1708984375
40857,11039.78125
40858,8621.369140625
40859,4808.201171875
40860,5795.28466796875
40861,6684.30224609375
40862,6109.51220703125
40863,2434.76708984375
40864,5313.67431640625
40865,4207.8310546875
40866,11424.123046875
40867,7241.583984375
40868,4892.91064453125
40869,7170.6748046875
40870,6092.0
40871,6644.03173828125
40872,6662.01123046875
40873,9226.9833984375
40874,7305.4560546875
40875,4840.71923828125
40876,3147.548095703125
40877,4709.80224609375
40878,5867.32568359375
40879,22021.04296875
40880,2386.71728515625
40881,6471.330078125
40882,5399.240234375
40883,6399.5634765625
40884,6055.5791015625
40885,8521.04296875
40886,5549.37255859375
40887,6007.98828125
40888,4639.5859375
40889,9075.5078125
40890,5581.81396484375
40891,7997.03759765625
40892,9008.9443359375
40893,5465.18798828125
40894,10241.595703125
40895,5505.927734375
40896,3769.586181640625
40897,6638.52880859375
40898,7182.05224609375
40899,3196.9609375
40900,7677.572265625
40901,7311.0751953125
40902,5538.93359375
40903,9485.8515625
40904,7995.26318359375
40905,5895.52978515625
40906,6340.0791015625
40907,4044.39453125
40908,5786.32470703125
40909,4033.697998046875
40910,6030.51171875
40911,2683.78955078125
40912,6384.2109375
40913,3891.184326171875
40914,5833.76904296875
40915,5932.81884765625
40916,4955.65869140625
40917,7008.76220703125
40918,9207.7373046875
40919,7478.951171875
40920,6742.7177734375
40921,6481.07470703125
40922,7538.13623046875
40923,8507.087890625
40924,6562.814453125
40925,4497.0498046875
40926,6227.8955078125
40927,5551.62890625
40928,3806.44482421875
40929,13212.109375
40930,5887.76123046875
40931,7576.509765625
40932,11228.8896484375
40933,5354.49609375
40934,2155.557861328125
40935,10321.9501953125
40936,8684.6416015625
40937,5976.92236328125
40938,8332.0205078125
40939,7786.623046875
40940,8596.984375
40941,6858.0234375
40942,3808.572265625
40943,4525.61767578125
40944,5955.59521484375
40945,8405.9140625
40946,3195.164794921875
40947,8292.2275390625
40948,4652.43896484375
40949,6200.30517578125
40950,6410.71728515625
40951,5126.6728515625
40952,7820.94140625
40953,5332.8505859375
40954,5920.904296875
40955,5138.5478515625
40956,3771.863037109375
40957,7527.29833984375
40958,7009.75830078125
40959,8837.61328125
40960,7367.43701171875
40961,4279.5947265625
40962,6568.4658203125
40963,6609.89990234375
40964,9167.19921875
40965,2929.40576171875
40966,3207.044921875
40967,8656.017578125
40968,6338.85546875
40969,5620.1748046875
40970,7452.66259765625
40971,5718.2646484375
40972,5334.02001953125
40973,5654.154296875
40974,1962.1710205078125
40975,7259.1376953125
40976,5861.66845703125
40977,6378.04150390625
40978,9264.7763671875
40979,5969.884765625
40980,5125.4716796875
40981,4663.849609375
40982,3908.864990234375
40983,2011.78076171875
40984,5434.35595703125
40985,9333.1328125
40986,5925.95263671875
40987,5868.33837890625
40988,3634.638916015625
40989,5409.6142578125
40990,6640.478515625
40991,6234.0341796875
40992,9550.6455078125
40993,4394.79150390625
40994,5391.79931640625
40995,4475.470703125
40996,8081.6669921875
40997,4518.1923828125
40998,3030.9541015625
40999,5054.357421875
41000,5119.89794921875
41001,6296.72802734375
41002,4968.73583984375
41003,5453.4013671875
41004,6437.78564453125
41005,7545.484375
41006,4137.146484375
41007,4326.08154296875
41008,8978.74609375
41009,4560.46533203125
41010,6795.484375
41011,2029.1461181640625
41012,4317.92236328125
41013,5959.4775390625
41014,3917.58154296875
41015,7747.57421875
41016,9780.9052734375
41017,6276.97412109375
41018,5822.38818359375
41019,7311.48828125
41020,7357.36181640625
41021,10969.373046875
41022,3145.135498046875
41023,5181.4384765625
41024,5399.7978515625
41025,4968.83642578125
41026,7233.48779296875
41027,7167.65283203125
41028,6220.5478515625
41029,6683.5673828125
41030,2807.19189453125
41031,7328.49755859375
41032,9228.515625
41033,3331.18798828125
41034,6561.587890625
41035,4809.173828125
41036,6762.31396484375
41037,7474.4580078125
41038,4084.890625
41039,8044.0458984375
41040,2868.823974609375
41041,4861.16748046875
41042,6595.85888671875
41043,5069.09765625
41044,9883.029296875
41045,5153.8427734375
41046,8696.7392578125
41047,6968.82958984375
41048,2984.155029296875
41049,9045.0166015625
41050,3134.678955078125
41051,10431.734375
41052,6239.857421875
41053,5172.5068359375
41054,6892.29150390625
41055,5244.26318359375
41056,3075.447265625
41057,8290.14453125
41058,3304.53466796875
41059,3525.99658203125
41060,5577.1337890625
41061,8303.0185546875
41062,10621.232421875
41063,5307.51904296875
41064,6295.06396484375
41065,4202.48095703125
41066,6194.658203125
41067,3131.723388671875
41068,10210.94921875
41069,8059.98388671875
41070,11867.619140625
41071,6755.0009765625
41072,5021.87109375
41073,8830.990234375
41074,9317.4267578125
41075,4280.68359375
41076,6915.9873046875
41077,7065.8564453125
41078,5849.4345703125
41079,7412.326171875
41080,5100.970703125
41081,2526.509033203125
41082,6187.7822265625
41083,4565.73828125
41084,3306.897216796875
41085,7097.84765625
41086,6409.66064453125
41087,25396.12890625
41088,7480.5234375
